
===========================================================================
report_checks -path_delay max (Setup)
============================================================================
======================= Typical Corner ===================================

Startpoint: i_rst_n (input port clocked by i_clk)
Endpoint: _2070_ (rising edge-triggered flip-flop clocked by i_clk)
Path Group: i_clk
Path Type: max

Fanout     Cap    Slew   Delay    Time   Description
-----------------------------------------------------------------------------
                          0.00    0.00   clock i_clk (rise edge)
                          0.00    0.00   clock network delay (propagated)
                         20.00   20.00 ^ input external delay
                  0.00    0.00   20.00 ^ i_rst_n (in)
     1    0.00                           i_rst_n (net)
                  0.00    0.00   20.00 ^ input2/A (sky130_fd_sc_hd__dlymetal6s2s_1)
                  0.21    0.19   20.19 ^ input2/X (sky130_fd_sc_hd__dlymetal6s2s_1)
     5    0.02                           net2 (net)
                  0.21    0.00   20.19 ^ _1031_/B1_N (sky130_fd_sc_hd__a21boi_4)
                  0.20    0.28   20.47 ^ _1031_/Y (sky130_fd_sc_hd__a21boi_4)
     4    0.02                           _0434_ (net)
                  0.20    0.00   20.47 ^ _1034_/B1 (sky130_fd_sc_hd__o21a_4)
                  0.17    0.26   20.73 ^ _1034_/X (sky130_fd_sc_hd__o21a_4)
    10    0.05                           _0436_ (net)
                  0.17    0.00   20.73 ^ _1037_/B (sky130_fd_sc_hd__and2_1)
                  0.16    0.23   20.97 ^ _1037_/X (sky130_fd_sc_hd__and2_1)
     3    0.02                           _0439_ (net)
                  0.16    0.00   20.97 ^ _1047_/A2 (sky130_fd_sc_hd__o21ba_1)
                  0.04    0.13   21.10 ^ _1047_/X (sky130_fd_sc_hd__o21ba_1)
     1    0.00                           _0448_ (net)
                  0.04    0.00   21.10 ^ _1048_/A (sky130_fd_sc_hd__buf_2)
                  0.16    0.19   21.28 ^ _1048_/X (sky130_fd_sc_hd__buf_2)
     9    0.03                           _0051_ (net)
                  0.16    0.00   21.28 ^ _1058_/B (sky130_fd_sc_hd__nor2_1)
                  0.06    0.09   21.37 v _1058_/Y (sky130_fd_sc_hd__nor2_1)
     3    0.01                           _0456_ (net)
                  0.06    0.00   21.37 v _1060_/A (sky130_fd_sc_hd__or2b_1)
                  0.07    0.25   21.63 v _1060_/X (sky130_fd_sc_hd__or2b_1)
     3    0.01                           _0458_ (net)
                  0.07    0.00   21.63 v _1066_/B1 (sky130_fd_sc_hd__o211a_1)
                  0.04    0.13   21.75 v _1066_/X (sky130_fd_sc_hd__o211a_1)
     1    0.00                           _0462_ (net)
                  0.04    0.00   21.75 v _1070_/A (sky130_fd_sc_hd__or2_1)
                  0.06    0.23   21.99 v _1070_/X (sky130_fd_sc_hd__or2_1)
     1    0.00                           _0465_ (net)
                  0.06    0.00   21.99 v _1071_/A (sky130_fd_sc_hd__clkbuf_1)
                  0.02    0.09   22.08 v _1071_/X (sky130_fd_sc_hd__clkbuf_1)
     1    0.00                           _0003_ (net)
                  0.02    0.00   22.08 v _2070_/D (sky130_fd_sc_hd__dfxtp_1)
                                 22.08   data arrival time

                        100.00  100.00   clock i_clk (rise edge)
                          0.00  100.00   clock source latency
                  0.00    0.00  100.00 ^ i_clk (in)
     1    0.03                           i_clk (net)
                  0.00    0.00  100.00 ^ clkbuf_0_i_clk/A (sky130_fd_sc_hd__clkbuf_16)
                  0.14    0.19  100.19 ^ clkbuf_0_i_clk/X (sky130_fd_sc_hd__clkbuf_16)
    16    0.13                           clknet_0_i_clk (net)
                  0.14    0.00  100.19 ^ clkbuf_4_6_0_i_clk/A (sky130_fd_sc_hd__clkbuf_8)
                  0.07    0.18  100.38 ^ clkbuf_4_6_0_i_clk/X (sky130_fd_sc_hd__clkbuf_8)
    11    0.03                           clknet_4_6_0_i_clk (net)
                  0.07    0.00  100.38 ^ _2070_/CLK (sky130_fd_sc_hd__dfxtp_1)
                         -0.50   99.88   clock uncertainty
                          0.00   99.88   clock reconvergence pessimism
                         -0.09   99.78   library setup time
                                 99.78   data required time
-----------------------------------------------------------------------------
                                 99.78   data required time
                                -22.08   data arrival time
-----------------------------------------------------------------------------
                                 77.71   slack (MET)


Startpoint: i_rst_n (input port clocked by i_clk)
Endpoint: _2044_ (rising edge-triggered flip-flop clocked by i_clk)
Path Group: i_clk
Path Type: max

Fanout     Cap    Slew   Delay    Time   Description
-----------------------------------------------------------------------------
                          0.00    0.00   clock i_clk (rise edge)
                          0.00    0.00   clock network delay (propagated)
                         20.00   20.00 ^ input external delay
                  0.00    0.00   20.00 ^ i_rst_n (in)
     1    0.00                           i_rst_n (net)
                  0.00    0.00   20.00 ^ input2/A (sky130_fd_sc_hd__dlymetal6s2s_1)
                  0.21    0.19   20.19 ^ input2/X (sky130_fd_sc_hd__dlymetal6s2s_1)
     5    0.02                           net2 (net)
                  0.21    0.00   20.19 ^ _1031_/B1_N (sky130_fd_sc_hd__a21boi_4)
                  0.20    0.28   20.47 ^ _1031_/Y (sky130_fd_sc_hd__a21boi_4)
     4    0.02                           _0434_ (net)
                  0.20    0.00   20.47 ^ _1034_/B1 (sky130_fd_sc_hd__o21a_4)
                  0.17    0.26   20.73 ^ _1034_/X (sky130_fd_sc_hd__o21a_4)
    10    0.05                           _0436_ (net)
                  0.17    0.00   20.73 ^ _1342_/A (sky130_fd_sc_hd__clkbuf_4)
                  0.20    0.29   21.02 ^ _1342_/X (sky130_fd_sc_hd__clkbuf_4)
    10    0.07                           _0721_ (net)
                  0.20    0.00   21.03 ^ _1345_/A (sky130_fd_sc_hd__buf_4)
                  0.21    0.28   21.31 ^ _1345_/X (sky130_fd_sc_hd__buf_4)
    10    0.08                           _0723_ (net)
                  0.21    0.00   21.31 ^ _1480_/B2 (sky130_fd_sc_hd__o2bb2a_1)
                  0.05    0.17   21.48 ^ _1480_/X (sky130_fd_sc_hd__o2bb2a_1)
     1    0.00                           _0029_ (net)
                  0.05    0.00   21.48 ^ hold213/A (sky130_fd_sc_hd__dlygate4sd3_1)
                  0.06    0.54   22.02 ^ hold213/X (sky130_fd_sc_hd__dlygate4sd3_1)
     1    0.00                           net219 (net)
                  0.06    0.00   22.02 ^ _2044_/D (sky130_fd_sc_hd__dfxtp_2)
                                 22.02   data arrival time

                        100.00  100.00   clock i_clk (rise edge)
                          0.00  100.00   clock source latency
                  0.00    0.00  100.00 ^ i_clk (in)
     1    0.03                           i_clk (net)
                  0.00    0.00  100.00 ^ clkbuf_0_i_clk/A (sky130_fd_sc_hd__clkbuf_16)
                  0.14    0.19  100.19 ^ clkbuf_0_i_clk/X (sky130_fd_sc_hd__clkbuf_16)
    16    0.13                           clknet_0_i_clk (net)
                  0.14    0.00  100.19 ^ clkbuf_4_12_0_i_clk/A (sky130_fd_sc_hd__clkbuf_8)
                  0.06    0.17  100.37 ^ clkbuf_4_12_0_i_clk/X (sky130_fd_sc_hd__clkbuf_8)
     6    0.03                           clknet_4_12_0_i_clk (net)
                  0.06    0.00  100.37 ^ _2044_/CLK (sky130_fd_sc_hd__dfxtp_2)
                         -0.50   99.87   clock uncertainty
                          0.00   99.87   clock reconvergence pessimism
                         -0.06   99.81   library setup time
                                 99.81   data required time
-----------------------------------------------------------------------------
                                 99.81   data required time
                                -22.02   data arrival time
-----------------------------------------------------------------------------
                                 77.79   slack (MET)


Startpoint: i_rst_n (input port clocked by i_clk)
Endpoint: _2117_ (rising edge-triggered flip-flop clocked by i_clk)
Path Group: i_clk
Path Type: max

Fanout     Cap    Slew   Delay    Time   Description
-----------------------------------------------------------------------------
                          0.00    0.00   clock i_clk (rise edge)
                          0.00    0.00   clock network delay (propagated)
                         20.00   20.00 ^ input external delay
                  0.00    0.00   20.00 ^ i_rst_n (in)
     1    0.00                           i_rst_n (net)
                  0.00    0.00   20.00 ^ input2/A (sky130_fd_sc_hd__dlymetal6s2s_1)
                  0.21    0.19   20.19 ^ input2/X (sky130_fd_sc_hd__dlymetal6s2s_1)
     5    0.02                           net2 (net)
                  0.21    0.00   20.19 ^ _1031_/B1_N (sky130_fd_sc_hd__a21boi_4)
                  0.20    0.28   20.47 ^ _1031_/Y (sky130_fd_sc_hd__a21boi_4)
     4    0.02                           _0434_ (net)
                  0.20    0.00   20.47 ^ _1034_/B1 (sky130_fd_sc_hd__o21a_4)
                  0.17    0.26   20.73 ^ _1034_/X (sky130_fd_sc_hd__o21a_4)
    10    0.05                           _0436_ (net)
                  0.17    0.00   20.73 ^ _1342_/A (sky130_fd_sc_hd__clkbuf_4)
                  0.20    0.29   21.02 ^ _1342_/X (sky130_fd_sc_hd__clkbuf_4)
    10    0.07                           _0721_ (net)
                  0.20    0.00   21.02 ^ _1711_/B1 (sky130_fd_sc_hd__o21ai_1)
                  0.07    0.11   21.13 v _1711_/Y (sky130_fd_sc_hd__o21ai_1)
     1    0.00                           _0163_ (net)
                  0.07    0.00   21.13 v _1712_/B1 (sky130_fd_sc_hd__a2bb2o_1)
                  0.05    0.28   21.41 v _1712_/X (sky130_fd_sc_hd__a2bb2o_1)
     1    0.00                           _0093_ (net)
                  0.05    0.00   21.41 v hold2/A (sky130_fd_sc_hd__dlygate4sd3_1)
                  0.06    0.56   21.97 v hold2/X (sky130_fd_sc_hd__dlygate4sd3_1)
     1    0.00                           net8 (net)
                  0.06    0.00   21.97 v _2117_/D (sky130_fd_sc_hd__dfxtp_1)
                                 21.97   data arrival time

                        100.00  100.00   clock i_clk (rise edge)
                          0.00  100.00   clock source latency
                  0.00    0.00  100.00 ^ i_clk (in)
     1    0.03                           i_clk (net)
                  0.00    0.00  100.00 ^ clkbuf_0_i_clk/A (sky130_fd_sc_hd__clkbuf_16)
                  0.14    0.19  100.19 ^ clkbuf_0_i_clk/X (sky130_fd_sc_hd__clkbuf_16)
    16    0.13                           clknet_0_i_clk (net)
                  0.14    0.00  100.19 ^ clkbuf_4_4_0_i_clk/A (sky130_fd_sc_hd__clkbuf_8)
                  0.06    0.18  100.37 ^ clkbuf_4_4_0_i_clk/X (sky130_fd_sc_hd__clkbuf_8)
     8    0.03                           clknet_4_4_0_i_clk (net)
                  0.06    0.00  100.37 ^ _2117_/CLK (sky130_fd_sc_hd__dfxtp_1)
                         -0.50   99.87   clock uncertainty
                          0.00   99.87   clock reconvergence pessimism
                         -0.11   99.76   library setup time
                                 99.76   data required time
-----------------------------------------------------------------------------
                                 99.76   data required time
                                -21.97   data arrival time
-----------------------------------------------------------------------------
                                 77.79   slack (MET)


Startpoint: i_rst_n (input port clocked by i_clk)
Endpoint: _2119_ (rising edge-triggered flip-flop clocked by i_clk)
Path Group: i_clk
Path Type: max

Fanout     Cap    Slew   Delay    Time   Description
-----------------------------------------------------------------------------
                          0.00    0.00   clock i_clk (rise edge)
                          0.00    0.00   clock network delay (propagated)
                         20.00   20.00 ^ input external delay
                  0.00    0.00   20.00 ^ i_rst_n (in)
     1    0.00                           i_rst_n (net)
                  0.00    0.00   20.00 ^ input2/A (sky130_fd_sc_hd__dlymetal6s2s_1)
                  0.21    0.19   20.19 ^ input2/X (sky130_fd_sc_hd__dlymetal6s2s_1)
     5    0.02                           net2 (net)
                  0.21    0.00   20.19 ^ _1031_/B1_N (sky130_fd_sc_hd__a21boi_4)
                  0.20    0.28   20.47 ^ _1031_/Y (sky130_fd_sc_hd__a21boi_4)
     4    0.02                           _0434_ (net)
                  0.20    0.00   20.47 ^ _1034_/B1 (sky130_fd_sc_hd__o21a_4)
                  0.17    0.26   20.73 ^ _1034_/X (sky130_fd_sc_hd__o21a_4)
    10    0.05                           _0436_ (net)
                  0.17    0.01   20.74 ^ _1410_/A (sky130_fd_sc_hd__buf_4)
                  0.20    0.26   21.00 ^ _1410_/X (sky130_fd_sc_hd__buf_4)
    10    0.07                           _0785_ (net)
                  0.20    0.01   21.01 ^ _1729_/S (sky130_fd_sc_hd__mux2_1)
                  0.05    0.33   21.34 v _1729_/X (sky130_fd_sc_hd__mux2_1)
     1    0.00                           _0179_ (net)
                  0.05    0.00   21.34 v hold179/A (sky130_fd_sc_hd__dlygate4sd3_1)
                  0.05    0.55   21.89 v hold179/X (sky130_fd_sc_hd__dlygate4sd3_1)
     1    0.00                           net185 (net)
                  0.05    0.00   21.89 v _1730_/A (sky130_fd_sc_hd__clkbuf_1)
                  0.02    0.09   21.98 v _1730_/X (sky130_fd_sc_hd__clkbuf_1)
     1    0.00                           _0095_ (net)
                  0.02    0.00   21.98 v _2119_/D (sky130_fd_sc_hd__dfxtp_1)
                                 21.98   data arrival time

                        100.00  100.00   clock i_clk (rise edge)
                          0.00  100.00   clock source latency
                  0.00    0.00  100.00 ^ i_clk (in)
     1    0.03                           i_clk (net)
                  0.00    0.00  100.00 ^ clkbuf_0_i_clk/A (sky130_fd_sc_hd__clkbuf_16)
                  0.14    0.19  100.19 ^ clkbuf_0_i_clk/X (sky130_fd_sc_hd__clkbuf_16)
    16    0.13                           clknet_0_i_clk (net)
                  0.14    0.00  100.19 ^ clkbuf_4_4_0_i_clk/A (sky130_fd_sc_hd__clkbuf_8)
                  0.06    0.18  100.37 ^ clkbuf_4_4_0_i_clk/X (sky130_fd_sc_hd__clkbuf_8)
     8    0.03                           clknet_4_4_0_i_clk (net)
                  0.06    0.00  100.37 ^ _2119_/CLK (sky130_fd_sc_hd__dfxtp_1)
                         -0.50   99.87   clock uncertainty
                          0.00   99.87   clock reconvergence pessimism
                         -0.10   99.77   library setup time
                                 99.77   data required time
-----------------------------------------------------------------------------
                                 99.77   data required time
                                -21.98   data arrival time
-----------------------------------------------------------------------------
                                 77.79   slack (MET)


Startpoint: i_rst_n (input port clocked by i_clk)
Endpoint: _2121_ (rising edge-triggered flip-flop clocked by i_clk)
Path Group: i_clk
Path Type: max

Fanout     Cap    Slew   Delay    Time   Description
-----------------------------------------------------------------------------
                          0.00    0.00   clock i_clk (rise edge)
                          0.00    0.00   clock network delay (propagated)
                         20.00   20.00 ^ input external delay
                  0.00    0.00   20.00 ^ i_rst_n (in)
     1    0.00                           i_rst_n (net)
                  0.00    0.00   20.00 ^ input2/A (sky130_fd_sc_hd__dlymetal6s2s_1)
                  0.21    0.19   20.19 ^ input2/X (sky130_fd_sc_hd__dlymetal6s2s_1)
     5    0.02                           net2 (net)
                  0.21    0.00   20.19 ^ _1031_/B1_N (sky130_fd_sc_hd__a21boi_4)
                  0.20    0.28   20.47 ^ _1031_/Y (sky130_fd_sc_hd__a21boi_4)
     4    0.02                           _0434_ (net)
                  0.20    0.00   20.47 ^ _1034_/B1 (sky130_fd_sc_hd__o21a_4)
                  0.17    0.26   20.73 ^ _1034_/X (sky130_fd_sc_hd__o21a_4)
    10    0.05                           _0436_ (net)
                  0.17    0.01   20.74 ^ _1410_/A (sky130_fd_sc_hd__buf_4)
                  0.20    0.26   21.00 ^ _1410_/X (sky130_fd_sc_hd__buf_4)
    10    0.07                           _0785_ (net)
                  0.20    0.01   21.01 ^ _1751_/S (sky130_fd_sc_hd__mux2_1)
                  0.06    0.34   21.35 v _1751_/X (sky130_fd_sc_hd__mux2_1)
     1    0.00                           _0199_ (net)
                  0.06    0.00   21.35 v hold152/A (sky130_fd_sc_hd__dlygate4sd3_1)
                  0.05    0.55   21.90 v hold152/X (sky130_fd_sc_hd__dlygate4sd3_1)
     1    0.00                           net158 (net)
                  0.05    0.00   21.90 v _1752_/A (sky130_fd_sc_hd__clkbuf_1)
                  0.03    0.09   22.00 v _1752_/X (sky130_fd_sc_hd__clkbuf_1)
     1    0.00                           _0097_ (net)
                  0.03    0.00   22.00 v _2121_/D (sky130_fd_sc_hd__dfxtp_1)
                                 22.00   data arrival time

                        100.00  100.00   clock i_clk (rise edge)
                          0.00  100.00   clock source latency
                  0.00    0.00  100.00 ^ i_clk (in)
     1    0.03                           i_clk (net)
                  0.00    0.00  100.00 ^ clkbuf_0_i_clk/A (sky130_fd_sc_hd__clkbuf_16)
                  0.14    0.19  100.19 ^ clkbuf_0_i_clk/X (sky130_fd_sc_hd__clkbuf_16)
    16    0.13                           clknet_0_i_clk (net)
                  0.14    0.00  100.19 ^ clkbuf_4_5_0_i_clk/A (sky130_fd_sc_hd__clkbuf_8)
                  0.08    0.19  100.38 ^ clkbuf_4_5_0_i_clk/X (sky130_fd_sc_hd__clkbuf_8)
    11    0.04                           clknet_4_5_0_i_clk (net)
                  0.08    0.00  100.38 ^ _2121_/CLK (sky130_fd_sc_hd__dfxtp_1)
                         -0.50   99.88   clock uncertainty
                          0.00   99.88   clock reconvergence pessimism
                         -0.09   99.79   library setup time
                                 99.79   data required time
-----------------------------------------------------------------------------
                                 99.79   data required time
                                -22.00   data arrival time
-----------------------------------------------------------------------------
                                 77.79   slack (MET)


Startpoint: i_rst_n (input port clocked by i_clk)
Endpoint: _2041_ (rising edge-triggered flip-flop clocked by i_clk)
Path Group: i_clk
Path Type: max

Fanout     Cap    Slew   Delay    Time   Description
-----------------------------------------------------------------------------
                          0.00    0.00   clock i_clk (rise edge)
                          0.00    0.00   clock network delay (propagated)
                         20.00   20.00 ^ input external delay
                  0.00    0.00   20.00 ^ i_rst_n (in)
     1    0.00                           i_rst_n (net)
                  0.00    0.00   20.00 ^ input2/A (sky130_fd_sc_hd__dlymetal6s2s_1)
                  0.21    0.19   20.19 ^ input2/X (sky130_fd_sc_hd__dlymetal6s2s_1)
     5    0.02                           net2 (net)
                  0.21    0.00   20.19 ^ _1031_/B1_N (sky130_fd_sc_hd__a21boi_4)
                  0.20    0.28   20.47 ^ _1031_/Y (sky130_fd_sc_hd__a21boi_4)
     4    0.02                           _0434_ (net)
                  0.20    0.00   20.47 ^ _1034_/B1 (sky130_fd_sc_hd__o21a_4)
                  0.17    0.26   20.73 ^ _1034_/X (sky130_fd_sc_hd__o21a_4)
    10    0.05                           _0436_ (net)
                  0.17    0.00   20.73 ^ _1342_/A (sky130_fd_sc_hd__clkbuf_4)
                  0.20    0.29   21.02 ^ _1342_/X (sky130_fd_sc_hd__clkbuf_4)
    10    0.07                           _0721_ (net)
                  0.20    0.00   21.03 ^ _1345_/A (sky130_fd_sc_hd__buf_4)
                  0.21    0.28   21.31 ^ _1345_/X (sky130_fd_sc_hd__buf_4)
    10    0.08                           _0723_ (net)
                  0.21    0.00   21.31 ^ _1441_/A2 (sky130_fd_sc_hd__o22a_1)
                  0.05    0.17   21.48 ^ _1441_/X (sky130_fd_sc_hd__o22a_1)
     1    0.00                           _0026_ (net)
                  0.05    0.00   21.48 ^ hold174/A (sky130_fd_sc_hd__dlygate4sd3_1)
                  0.05    0.53   22.01 ^ hold174/X (sky130_fd_sc_hd__dlygate4sd3_1)
     1    0.00                           net180 (net)
                  0.05    0.00   22.01 ^ _2041_/D (sky130_fd_sc_hd__dfxtp_2)
                                 22.01   data arrival time

                        100.00  100.00   clock i_clk (rise edge)
                          0.00  100.00   clock source latency
                  0.00    0.00  100.00 ^ i_clk (in)
     1    0.03                           i_clk (net)
                  0.00    0.00  100.00 ^ clkbuf_0_i_clk/A (sky130_fd_sc_hd__clkbuf_16)
                  0.14    0.19  100.19 ^ clkbuf_0_i_clk/X (sky130_fd_sc_hd__clkbuf_16)
    16    0.13                           clknet_0_i_clk (net)
                  0.14    0.00  100.19 ^ clkbuf_4_15_0_i_clk/A (sky130_fd_sc_hd__clkbuf_8)
                  0.06    0.17  100.36 ^ clkbuf_4_15_0_i_clk/X (sky130_fd_sc_hd__clkbuf_8)
     6    0.02                           clknet_4_15_0_i_clk (net)
                  0.06    0.00  100.36 ^ _2041_/CLK (sky130_fd_sc_hd__dfxtp_2)
                         -0.50   99.86   clock uncertainty
                          0.00   99.86   clock reconvergence pessimism
                         -0.06   99.81   library setup time
                                 99.81   data required time
-----------------------------------------------------------------------------
                                 99.81   data required time
                                -22.01   data arrival time
-----------------------------------------------------------------------------
                                 77.80   slack (MET)


Startpoint: i_rst_n (input port clocked by i_clk)
Endpoint: _2037_ (rising edge-triggered flip-flop clocked by i_clk)
Path Group: i_clk
Path Type: max

Fanout     Cap    Slew   Delay    Time   Description
-----------------------------------------------------------------------------
                          0.00    0.00   clock i_clk (rise edge)
                          0.00    0.00   clock network delay (propagated)
                         20.00   20.00 ^ input external delay
                  0.00    0.00   20.00 ^ i_rst_n (in)
     1    0.00                           i_rst_n (net)
                  0.00    0.00   20.00 ^ input2/A (sky130_fd_sc_hd__dlymetal6s2s_1)
                  0.21    0.19   20.19 ^ input2/X (sky130_fd_sc_hd__dlymetal6s2s_1)
     5    0.02                           net2 (net)
                  0.21    0.00   20.19 ^ _1031_/B1_N (sky130_fd_sc_hd__a21boi_4)
                  0.20    0.28   20.47 ^ _1031_/Y (sky130_fd_sc_hd__a21boi_4)
     4    0.02                           _0434_ (net)
                  0.20    0.00   20.47 ^ _1034_/B1 (sky130_fd_sc_hd__o21a_4)
                  0.17    0.26   20.73 ^ _1034_/X (sky130_fd_sc_hd__o21a_4)
    10    0.05                           _0436_ (net)
                  0.17    0.00   20.73 ^ _1342_/A (sky130_fd_sc_hd__clkbuf_4)
                  0.20    0.29   21.02 ^ _1342_/X (sky130_fd_sc_hd__clkbuf_4)
    10    0.07                           _0721_ (net)
                  0.20    0.00   21.03 ^ _1345_/A (sky130_fd_sc_hd__buf_4)
                  0.21    0.28   21.31 ^ _1345_/X (sky130_fd_sc_hd__buf_4)
    10    0.08                           _0723_ (net)
                  0.21    0.00   21.31 ^ _1378_/A2 (sky130_fd_sc_hd__o22a_1)
                  0.04    0.16   21.47 ^ _1378_/X (sky130_fd_sc_hd__o22a_1)
     1    0.00                           _0022_ (net)
                  0.04    0.00   21.47 ^ hold189/A (sky130_fd_sc_hd__dlygate4sd3_1)
                  0.06    0.54   22.00 ^ hold189/X (sky130_fd_sc_hd__dlygate4sd3_1)
     1    0.00                           net195 (net)
                  0.06    0.00   22.00 ^ _2037_/D (sky130_fd_sc_hd__dfxtp_2)
                                 22.00   data arrival time

                        100.00  100.00   clock i_clk (rise edge)
                          0.00  100.00   clock source latency
                  0.00    0.00  100.00 ^ i_clk (in)
     1    0.03                           i_clk (net)
                  0.00    0.00  100.00 ^ clkbuf_0_i_clk/A (sky130_fd_sc_hd__clkbuf_16)
                  0.14    0.19  100.19 ^ clkbuf_0_i_clk/X (sky130_fd_sc_hd__clkbuf_16)
    16    0.13                           clknet_0_i_clk (net)
                  0.14    0.00  100.19 ^ clkbuf_4_14_0_i_clk/A (sky130_fd_sc_hd__clkbuf_8)
                  0.05    0.17  100.36 ^ clkbuf_4_14_0_i_clk/X (sky130_fd_sc_hd__clkbuf_8)
     6    0.02                           clknet_4_14_0_i_clk (net)
                  0.05    0.00  100.36 ^ _2037_/CLK (sky130_fd_sc_hd__dfxtp_2)
                         -0.50   99.86   clock uncertainty
                          0.00   99.86   clock reconvergence pessimism
                         -0.06   99.80   library setup time
                                 99.80   data required time
-----------------------------------------------------------------------------
                                 99.80   data required time
                                -22.00   data arrival time
-----------------------------------------------------------------------------
                                 77.80   slack (MET)


Startpoint: i_rst_n (input port clocked by i_clk)
Endpoint: _2040_ (rising edge-triggered flip-flop clocked by i_clk)
Path Group: i_clk
Path Type: max

Fanout     Cap    Slew   Delay    Time   Description
-----------------------------------------------------------------------------
                          0.00    0.00   clock i_clk (rise edge)
                          0.00    0.00   clock network delay (propagated)
                         20.00   20.00 ^ input external delay
                  0.00    0.00   20.00 ^ i_rst_n (in)
     1    0.00                           i_rst_n (net)
                  0.00    0.00   20.00 ^ input2/A (sky130_fd_sc_hd__dlymetal6s2s_1)
                  0.21    0.19   20.19 ^ input2/X (sky130_fd_sc_hd__dlymetal6s2s_1)
     5    0.02                           net2 (net)
                  0.21    0.00   20.19 ^ _1031_/B1_N (sky130_fd_sc_hd__a21boi_4)
                  0.20    0.28   20.47 ^ _1031_/Y (sky130_fd_sc_hd__a21boi_4)
     4    0.02                           _0434_ (net)
                  0.20    0.00   20.47 ^ _1034_/B1 (sky130_fd_sc_hd__o21a_4)
                  0.17    0.26   20.73 ^ _1034_/X (sky130_fd_sc_hd__o21a_4)
    10    0.05                           _0436_ (net)
                  0.17    0.00   20.73 ^ _1342_/A (sky130_fd_sc_hd__clkbuf_4)
                  0.20    0.29   21.02 ^ _1342_/X (sky130_fd_sc_hd__clkbuf_4)
    10    0.07                           _0721_ (net)
                  0.20    0.00   21.03 ^ _1345_/A (sky130_fd_sc_hd__buf_4)
                  0.21    0.28   21.31 ^ _1345_/X (sky130_fd_sc_hd__buf_4)
    10    0.08                           _0723_ (net)
                  0.21    0.00   21.31 ^ _1423_/A2 (sky130_fd_sc_hd__o22a_1)
                  0.05    0.16   21.48 ^ _1423_/X (sky130_fd_sc_hd__o22a_1)
     1    0.00                           _0025_ (net)
                  0.05    0.00   21.48 ^ hold156/A (sky130_fd_sc_hd__dlygate4sd3_1)
                  0.05    0.53   22.01 ^ hold156/X (sky130_fd_sc_hd__dlygate4sd3_1)
     1    0.00                           net162 (net)
                  0.05    0.00   22.01 ^ _2040_/D (sky130_fd_sc_hd__dfxtp_2)
                                 22.01   data arrival time

                        100.00  100.00   clock i_clk (rise edge)
                          0.00  100.00   clock source latency
                  0.00    0.00  100.00 ^ i_clk (in)
     1    0.03                           i_clk (net)
                  0.00    0.00  100.00 ^ clkbuf_0_i_clk/A (sky130_fd_sc_hd__clkbuf_16)
                  0.14    0.19  100.19 ^ clkbuf_0_i_clk/X (sky130_fd_sc_hd__clkbuf_16)
    16    0.13                           clknet_0_i_clk (net)
                  0.14    0.00  100.19 ^ clkbuf_4_15_0_i_clk/A (sky130_fd_sc_hd__clkbuf_8)
                  0.06    0.17  100.36 ^ clkbuf_4_15_0_i_clk/X (sky130_fd_sc_hd__clkbuf_8)
     6    0.02                           clknet_4_15_0_i_clk (net)
                  0.06    0.00  100.36 ^ _2040_/CLK (sky130_fd_sc_hd__dfxtp_2)
                         -0.50   99.86   clock uncertainty
                          0.00   99.86   clock reconvergence pessimism
                         -0.06   99.81   library setup time
                                 99.81   data required time
-----------------------------------------------------------------------------
                                 99.81   data required time
                                -22.01   data arrival time
-----------------------------------------------------------------------------
                                 77.80   slack (MET)


Startpoint: i_rst_n (input port clocked by i_clk)
Endpoint: _2036_ (rising edge-triggered flip-flop clocked by i_clk)
Path Group: i_clk
Path Type: max

Fanout     Cap    Slew   Delay    Time   Description
-----------------------------------------------------------------------------
                          0.00    0.00   clock i_clk (rise edge)
                          0.00    0.00   clock network delay (propagated)
                         20.00   20.00 ^ input external delay
                  0.00    0.00   20.00 ^ i_rst_n (in)
     1    0.00                           i_rst_n (net)
                  0.00    0.00   20.00 ^ input2/A (sky130_fd_sc_hd__dlymetal6s2s_1)
                  0.21    0.19   20.19 ^ input2/X (sky130_fd_sc_hd__dlymetal6s2s_1)
     5    0.02                           net2 (net)
                  0.21    0.00   20.19 ^ _1031_/B1_N (sky130_fd_sc_hd__a21boi_4)
                  0.20    0.28   20.47 ^ _1031_/Y (sky130_fd_sc_hd__a21boi_4)
     4    0.02                           _0434_ (net)
                  0.20    0.00   20.47 ^ _1034_/B1 (sky130_fd_sc_hd__o21a_4)
                  0.17    0.26   20.73 ^ _1034_/X (sky130_fd_sc_hd__o21a_4)
    10    0.05                           _0436_ (net)
                  0.17    0.00   20.73 ^ _1342_/A (sky130_fd_sc_hd__clkbuf_4)
                  0.20    0.29   21.02 ^ _1342_/X (sky130_fd_sc_hd__clkbuf_4)
    10    0.07                           _0721_ (net)
                  0.20    0.00   21.03 ^ _1345_/A (sky130_fd_sc_hd__buf_4)
                  0.21    0.28   21.31 ^ _1345_/X (sky130_fd_sc_hd__buf_4)
    10    0.08                           _0723_ (net)
                  0.21    0.00   21.31 ^ _1364_/A2 (sky130_fd_sc_hd__o22a_1)
                  0.04    0.16   21.47 ^ _1364_/X (sky130_fd_sc_hd__o22a_1)
     1    0.00                           _0021_ (net)
                  0.04    0.00   21.47 ^ hold125/A (sky130_fd_sc_hd__dlygate4sd3_1)
                  0.05    0.53   22.01 ^ hold125/X (sky130_fd_sc_hd__dlygate4sd3_1)
     1    0.00                           net131 (net)
                  0.05    0.00   22.01 ^ _2036_/D (sky130_fd_sc_hd__dfxtp_1)
                                 22.01   data arrival time

                        100.00  100.00   clock i_clk (rise edge)
                          0.00  100.00   clock source latency
                  0.00    0.00  100.00 ^ i_clk (in)
     1    0.03                           i_clk (net)
                  0.00    0.00  100.00 ^ clkbuf_0_i_clk/A (sky130_fd_sc_hd__clkbuf_16)
                  0.14    0.19  100.19 ^ clkbuf_0_i_clk/X (sky130_fd_sc_hd__clkbuf_16)
    16    0.13                           clknet_0_i_clk (net)
                  0.14    0.00  100.19 ^ clkbuf_4_14_0_i_clk/A (sky130_fd_sc_hd__clkbuf_8)
                  0.05    0.17  100.36 ^ clkbuf_4_14_0_i_clk/X (sky130_fd_sc_hd__clkbuf_8)
     6    0.02                           clknet_4_14_0_i_clk (net)
                  0.05    0.00  100.36 ^ _2036_/CLK (sky130_fd_sc_hd__dfxtp_1)
                         -0.50   99.86   clock uncertainty
                          0.00   99.86   clock reconvergence pessimism
                         -0.05   99.81   library setup time
                                 99.81   data required time
-----------------------------------------------------------------------------
                                 99.81   data required time
                                -22.01   data arrival time
-----------------------------------------------------------------------------
                                 77.80   slack (MET)


Startpoint: i_rst_n (input port clocked by i_clk)
Endpoint: _2043_ (rising edge-triggered flip-flop clocked by i_clk)
Path Group: i_clk
Path Type: max

Fanout     Cap    Slew   Delay    Time   Description
-----------------------------------------------------------------------------
                          0.00    0.00   clock i_clk (rise edge)
                          0.00    0.00   clock network delay (propagated)
                         20.00   20.00 ^ input external delay
                  0.00    0.00   20.00 ^ i_rst_n (in)
     1    0.00                           i_rst_n (net)
                  0.00    0.00   20.00 ^ input2/A (sky130_fd_sc_hd__dlymetal6s2s_1)
                  0.21    0.19   20.19 ^ input2/X (sky130_fd_sc_hd__dlymetal6s2s_1)
     5    0.02                           net2 (net)
                  0.21    0.00   20.19 ^ _1031_/B1_N (sky130_fd_sc_hd__a21boi_4)
                  0.20    0.28   20.47 ^ _1031_/Y (sky130_fd_sc_hd__a21boi_4)
     4    0.02                           _0434_ (net)
                  0.20    0.00   20.47 ^ _1034_/B1 (sky130_fd_sc_hd__o21a_4)
                  0.17    0.26   20.73 ^ _1034_/X (sky130_fd_sc_hd__o21a_4)
    10    0.05                           _0436_ (net)
                  0.17    0.00   20.73 ^ _1342_/A (sky130_fd_sc_hd__clkbuf_4)
                  0.20    0.29   21.02 ^ _1342_/X (sky130_fd_sc_hd__clkbuf_4)
    10    0.07                           _0721_ (net)
                  0.20    0.00   21.03 ^ _1345_/A (sky130_fd_sc_hd__buf_4)
                  0.21    0.28   21.31 ^ _1345_/X (sky130_fd_sc_hd__buf_4)
    10    0.08                           _0723_ (net)
                  0.21    0.00   21.31 ^ _1468_/A2 (sky130_fd_sc_hd__o22a_1)
                  0.04    0.16   21.47 ^ _1468_/X (sky130_fd_sc_hd__o22a_1)
     1    0.00                           _0028_ (net)
                  0.04    0.00   21.47 ^ hold163/A (sky130_fd_sc_hd__dlygate4sd3_1)
                  0.05    0.53   22.00 ^ hold163/X (sky130_fd_sc_hd__dlygate4sd3_1)
     1    0.00                           net169 (net)
                  0.05    0.00   22.00 ^ _2043_/D (sky130_fd_sc_hd__dfxtp_2)
                                 22.00   data arrival time

                        100.00  100.00   clock i_clk (rise edge)
                          0.00  100.00   clock source latency
                  0.00    0.00  100.00 ^ i_clk (in)
     1    0.03                           i_clk (net)
                  0.00    0.00  100.00 ^ clkbuf_0_i_clk/A (sky130_fd_sc_hd__clkbuf_16)
                  0.14    0.19  100.19 ^ clkbuf_0_i_clk/X (sky130_fd_sc_hd__clkbuf_16)
    16    0.13                           clknet_0_i_clk (net)
                  0.14    0.00  100.19 ^ clkbuf_4_15_0_i_clk/A (sky130_fd_sc_hd__clkbuf_8)
                  0.06    0.17  100.36 ^ clkbuf_4_15_0_i_clk/X (sky130_fd_sc_hd__clkbuf_8)
     6    0.02                           clknet_4_15_0_i_clk (net)
                  0.06    0.00  100.36 ^ _2043_/CLK (sky130_fd_sc_hd__dfxtp_2)
                         -0.50   99.86   clock uncertainty
                          0.00   99.86   clock reconvergence pessimism
                         -0.06   99.81   library setup time
                                 99.81   data required time
-----------------------------------------------------------------------------
                                 99.81   data required time
                                -22.00   data arrival time
-----------------------------------------------------------------------------
                                 77.80   slack (MET)


Startpoint: i_rst_n (input port clocked by i_clk)
Endpoint: _2038_ (rising edge-triggered flip-flop clocked by i_clk)
Path Group: i_clk
Path Type: max

Fanout     Cap    Slew   Delay    Time   Description
-----------------------------------------------------------------------------
                          0.00    0.00   clock i_clk (rise edge)
                          0.00    0.00   clock network delay (propagated)
                         20.00   20.00 ^ input external delay
                  0.00    0.00   20.00 ^ i_rst_n (in)
     1    0.00                           i_rst_n (net)
                  0.00    0.00   20.00 ^ input2/A (sky130_fd_sc_hd__dlymetal6s2s_1)
                  0.21    0.19   20.19 ^ input2/X (sky130_fd_sc_hd__dlymetal6s2s_1)
     5    0.02                           net2 (net)
                  0.21    0.00   20.19 ^ _1031_/B1_N (sky130_fd_sc_hd__a21boi_4)
                  0.20    0.28   20.47 ^ _1031_/Y (sky130_fd_sc_hd__a21boi_4)
     4    0.02                           _0434_ (net)
                  0.20    0.00   20.47 ^ _1034_/B1 (sky130_fd_sc_hd__o21a_4)
                  0.17    0.26   20.73 ^ _1034_/X (sky130_fd_sc_hd__o21a_4)
    10    0.05                           _0436_ (net)
                  0.17    0.00   20.73 ^ _1342_/A (sky130_fd_sc_hd__clkbuf_4)
                  0.20    0.29   21.02 ^ _1342_/X (sky130_fd_sc_hd__clkbuf_4)
    10    0.07                           _0721_ (net)
                  0.20    0.00   21.03 ^ _1345_/A (sky130_fd_sc_hd__buf_4)
                  0.21    0.28   21.31 ^ _1345_/X (sky130_fd_sc_hd__buf_4)
    10    0.08                           _0723_ (net)
                  0.21    0.00   21.31 ^ _1395_/A2 (sky130_fd_sc_hd__o22a_1)
                  0.04    0.16   21.47 ^ _1395_/X (sky130_fd_sc_hd__o22a_1)
     1    0.00                           _0023_ (net)
                  0.04    0.00   21.47 ^ hold195/A (sky130_fd_sc_hd__dlygate4sd3_1)
                  0.05    0.53   22.00 ^ hold195/X (sky130_fd_sc_hd__dlygate4sd3_1)
     1    0.00                           net201 (net)
                  0.05    0.00   22.00 ^ _2038_/D (sky130_fd_sc_hd__dfxtp_2)
                                 22.00   data arrival time

                        100.00  100.00   clock i_clk (rise edge)
                          0.00  100.00   clock source latency
                  0.00    0.00  100.00 ^ i_clk (in)
     1    0.03                           i_clk (net)
                  0.00    0.00  100.00 ^ clkbuf_0_i_clk/A (sky130_fd_sc_hd__clkbuf_16)
                  0.14    0.19  100.19 ^ clkbuf_0_i_clk/X (sky130_fd_sc_hd__clkbuf_16)
    16    0.13                           clknet_0_i_clk (net)
                  0.14    0.00  100.19 ^ clkbuf_4_15_0_i_clk/A (sky130_fd_sc_hd__clkbuf_8)
                  0.06    0.17  100.36 ^ clkbuf_4_15_0_i_clk/X (sky130_fd_sc_hd__clkbuf_8)
     6    0.02                           clknet_4_15_0_i_clk (net)
                  0.06    0.00  100.36 ^ _2038_/CLK (sky130_fd_sc_hd__dfxtp_2)
                         -0.50   99.86   clock uncertainty
                          0.00   99.86   clock reconvergence pessimism
                         -0.06   99.81   library setup time
                                 99.81   data required time
-----------------------------------------------------------------------------
                                 99.81   data required time
                                -22.00   data arrival time
-----------------------------------------------------------------------------
                                 77.81   slack (MET)


Startpoint: i_rst_n (input port clocked by i_clk)
Endpoint: _2132_ (rising edge-triggered flip-flop clocked by i_clk)
Path Group: i_clk
Path Type: max

Fanout     Cap    Slew   Delay    Time   Description
-----------------------------------------------------------------------------
                          0.00    0.00   clock i_clk (rise edge)
                          0.00    0.00   clock network delay (propagated)
                         20.00   20.00 ^ input external delay
                  0.00    0.00   20.00 ^ i_rst_n (in)
     1    0.00                           i_rst_n (net)
                  0.00    0.00   20.00 ^ input2/A (sky130_fd_sc_hd__dlymetal6s2s_1)
                  0.21    0.19   20.19 ^ input2/X (sky130_fd_sc_hd__dlymetal6s2s_1)
     5    0.02                           net2 (net)
                  0.21    0.00   20.19 ^ _1031_/B1_N (sky130_fd_sc_hd__a21boi_4)
                  0.20    0.28   20.47 ^ _1031_/Y (sky130_fd_sc_hd__a21boi_4)
     4    0.02                           _0434_ (net)
                  0.20    0.00   20.47 ^ _1034_/B1 (sky130_fd_sc_hd__o21a_4)
                  0.17    0.26   20.73 ^ _1034_/X (sky130_fd_sc_hd__o21a_4)
    10    0.05                           _0436_ (net)
                  0.17    0.01   20.74 ^ _1772_/A (sky130_fd_sc_hd__buf_4)
                  0.16    0.24   20.98 ^ _1772_/X (sky130_fd_sc_hd__buf_4)
    10    0.06                           _0218_ (net)
                  0.16    0.00   20.98 ^ _1877_/S (sky130_fd_sc_hd__mux2_1)
                  0.06    0.34   21.32 v _1877_/X (sky130_fd_sc_hd__mux2_1)
     1    0.00                           _0314_ (net)
                  0.06    0.00   21.32 v hold186/A (sky130_fd_sc_hd__dlygate4sd3_1)
                  0.05    0.55   21.87 v hold186/X (sky130_fd_sc_hd__dlygate4sd3_1)
     1    0.00                           net192 (net)
                  0.05    0.00   21.87 v _1878_/A (sky130_fd_sc_hd__clkbuf_1)
                  0.03    0.09   21.96 v _1878_/X (sky130_fd_sc_hd__clkbuf_1)
     1    0.00                           _0108_ (net)
                  0.03    0.00   21.96 v _2132_/D (sky130_fd_sc_hd__dfxtp_1)
                                 21.96   data arrival time

                        100.00  100.00   clock i_clk (rise edge)
                          0.00  100.00   clock source latency
                  0.00    0.00  100.00 ^ i_clk (in)
     1    0.03                           i_clk (net)
                  0.00    0.00  100.00 ^ clkbuf_0_i_clk/A (sky130_fd_sc_hd__clkbuf_16)
                  0.14    0.19  100.19 ^ clkbuf_0_i_clk/X (sky130_fd_sc_hd__clkbuf_16)
    16    0.13                           clknet_0_i_clk (net)
                  0.14    0.00  100.19 ^ clkbuf_4_12_0_i_clk/A (sky130_fd_sc_hd__clkbuf_8)
                  0.06    0.17  100.37 ^ clkbuf_4_12_0_i_clk/X (sky130_fd_sc_hd__clkbuf_8)
     6    0.03                           clknet_4_12_0_i_clk (net)
                  0.06    0.00  100.37 ^ _2132_/CLK (sky130_fd_sc_hd__dfxtp_1)
                         -0.50   99.87   clock uncertainty
                          0.00   99.87   clock reconvergence pessimism
                         -0.10   99.77   library setup time
                                 99.77   data required time
-----------------------------------------------------------------------------
                                 99.77   data required time
                                -21.96   data arrival time
-----------------------------------------------------------------------------
                                 77.81   slack (MET)


Startpoint: i_rst_n (input port clocked by i_clk)
Endpoint: _2064_ (rising edge-triggered flip-flop clocked by i_clk)
Path Group: i_clk
Path Type: max

Fanout     Cap    Slew   Delay    Time   Description
-----------------------------------------------------------------------------
                          0.00    0.00   clock i_clk (rise edge)
                          0.00    0.00   clock network delay (propagated)
                         20.00   20.00 ^ input external delay
                  0.00    0.00   20.00 ^ i_rst_n (in)
     1    0.00                           i_rst_n (net)
                  0.00    0.00   20.00 ^ input2/A (sky130_fd_sc_hd__dlymetal6s2s_1)
                  0.21    0.19   20.19 ^ input2/X (sky130_fd_sc_hd__dlymetal6s2s_1)
     5    0.02                           net2 (net)
                  0.21    0.00   20.19 ^ _1031_/B1_N (sky130_fd_sc_hd__a21boi_4)
                  0.20    0.28   20.47 ^ _1031_/Y (sky130_fd_sc_hd__a21boi_4)
     4    0.02                           _0434_ (net)
                  0.20    0.00   20.47 ^ _1038_/B1 (sky130_fd_sc_hd__o21ai_4)
                  0.16    0.18   20.66 v _1038_/Y (sky130_fd_sc_hd__o21ai_4)
     9    0.06                           _0440_ (net)
                  0.16    0.00   20.66 v _1325_/B1 (sky130_fd_sc_hd__a31o_1)
                  0.04    0.22   20.88 v _1325_/X (sky130_fd_sc_hd__a31o_1)
     1    0.00                           _0705_ (net)
                  0.04    0.00   20.88 v _1326_/A (sky130_fd_sc_hd__clkbuf_4)
                  0.14    0.22   21.10 v _1326_/X (sky130_fd_sc_hd__clkbuf_4)
    10    0.07                           _0706_ (net)
                  0.14    0.01   21.11 v _1599_/B1 (sky130_fd_sc_hd__a31o_1)
                  0.04    0.22   21.33 v _1599_/X (sky130_fd_sc_hd__a31o_1)
     1    0.00                           _0952_ (net)
                  0.04    0.00   21.33 v _1600_/B1 (sky130_fd_sc_hd__o21a_1)
                  0.03    0.09   21.42 v _1600_/X (sky130_fd_sc_hd__o21a_1)
     1    0.00                           _0046_ (net)
                  0.03    0.00   21.42 v hold137/A (sky130_fd_sc_hd__dlygate4sd3_1)
                  0.05    0.54   21.96 v hold137/X (sky130_fd_sc_hd__dlygate4sd3_1)
     1    0.00                           net143 (net)
                  0.05    0.00   21.96 v _2064_/D (sky130_fd_sc_hd__dfxtp_1)
                                 21.96   data arrival time

                        100.00  100.00   clock i_clk (rise edge)
                          0.00  100.00   clock source latency
                  0.00    0.00  100.00 ^ i_clk (in)
     1    0.03                           i_clk (net)
                  0.00    0.00  100.00 ^ clkbuf_0_i_clk/A (sky130_fd_sc_hd__clkbuf_16)
                  0.14    0.19  100.19 ^ clkbuf_0_i_clk/X (sky130_fd_sc_hd__clkbuf_16)
    16    0.13                           clknet_0_i_clk (net)
                  0.14    0.01  100.19 ^ clkbuf_4_2_0_i_clk/A (sky130_fd_sc_hd__clkbuf_8)
                  0.07    0.18  100.37 ^ clkbuf_4_2_0_i_clk/X (sky130_fd_sc_hd__clkbuf_8)
     8    0.03                           clknet_4_2_0_i_clk (net)
                  0.07    0.00  100.38 ^ _2064_/CLK (sky130_fd_sc_hd__dfxtp_1)
                         -0.50   99.88   clock uncertainty
                          0.00   99.88   clock reconvergence pessimism
                         -0.11   99.77   library setup time
                                 99.77   data required time
-----------------------------------------------------------------------------
                                 99.77   data required time
                                -21.96   data arrival time
-----------------------------------------------------------------------------
                                 77.81   slack (MET)


Startpoint: i_rst_n (input port clocked by i_clk)
Endpoint: _2067_ (rising edge-triggered flip-flop clocked by i_clk)
Path Group: i_clk
Path Type: max

Fanout     Cap    Slew   Delay    Time   Description
-----------------------------------------------------------------------------
                          0.00    0.00   clock i_clk (rise edge)
                          0.00    0.00   clock network delay (propagated)
                         20.00   20.00 ^ input external delay
                  0.00    0.00   20.00 ^ i_rst_n (in)
     1    0.00                           i_rst_n (net)
                  0.00    0.00   20.00 ^ input2/A (sky130_fd_sc_hd__dlymetal6s2s_1)
                  0.21    0.19   20.19 ^ input2/X (sky130_fd_sc_hd__dlymetal6s2s_1)
     5    0.02                           net2 (net)
                  0.21    0.00   20.19 ^ _1031_/B1_N (sky130_fd_sc_hd__a21boi_4)
                  0.20    0.28   20.47 ^ _1031_/Y (sky130_fd_sc_hd__a21boi_4)
     4    0.02                           _0434_ (net)
                  0.20    0.00   20.47 ^ _1034_/B1 (sky130_fd_sc_hd__o21a_4)
                  0.17    0.26   20.73 ^ _1034_/X (sky130_fd_sc_hd__o21a_4)
    10    0.05                           _0436_ (net)
                  0.17    0.00   20.73 ^ _1037_/B (sky130_fd_sc_hd__and2_1)
                  0.16    0.23   20.97 ^ _1037_/X (sky130_fd_sc_hd__and2_1)
     3    0.02                           _0439_ (net)
                  0.16    0.00   20.97 ^ _1049_/C (sky130_fd_sc_hd__and3_1)
                  0.13    0.24   21.21 ^ _1049_/X (sky130_fd_sc_hd__and3_1)
     2    0.01                           _0449_ (net)
                  0.13    0.00   21.21 ^ _1050_/A2 (sky130_fd_sc_hd__a21oi_1)
                  0.09    0.12   21.33 v _1050_/Y (sky130_fd_sc_hd__a21oi_1)
     1    0.01                           _0450_ (net)
                  0.09    0.00   21.33 v _1051_/B1 (sky130_fd_sc_hd__o21ai_4)
                  0.29    0.14   21.47 ^ _1051_/Y (sky130_fd_sc_hd__o21ai_4)
    10    0.04                           _0451_ (net)
                  0.29    0.00   21.47 ^ _1052_/A (sky130_fd_sc_hd__inv_2)
                  0.11    0.13   21.60 v _1052_/Y (sky130_fd_sc_hd__inv_2)
     8    0.03                           _0053_ (net)
                  0.11    0.00   21.60 v _1054_/A (sky130_fd_sc_hd__nand2_1)
                  0.11    0.13   21.73 ^ _1054_/Y (sky130_fd_sc_hd__nand2_1)
     2    0.01                           _0453_ (net)
                  0.11    0.00   21.73 ^ _1055_/B (sky130_fd_sc_hd__xor2_1)
                  0.14    0.17   21.90 ^ _1055_/X (sky130_fd_sc_hd__xor2_1)
     1    0.00                           _0454_ (net)
                  0.14    0.00   21.90 ^ _1056_/B (sky130_fd_sc_hd__nand2_1)
                  0.04    0.07   21.97 v _1056_/Y (sky130_fd_sc_hd__nand2_1)
     1    0.00                           _0000_ (net)
                  0.04    0.00   21.97 v _2067_/D (sky130_fd_sc_hd__dfxtp_1)
                                 21.97   data arrival time

                        100.00  100.00   clock i_clk (rise edge)
                          0.00  100.00   clock source latency
                  0.00    0.00  100.00 ^ i_clk (in)
     1    0.03                           i_clk (net)
                  0.00    0.00  100.00 ^ clkbuf_0_i_clk/A (sky130_fd_sc_hd__clkbuf_16)
                  0.14    0.19  100.19 ^ clkbuf_0_i_clk/X (sky130_fd_sc_hd__clkbuf_16)
    16    0.13                           clknet_0_i_clk (net)
                  0.14    0.00  100.19 ^ clkbuf_4_6_0_i_clk/A (sky130_fd_sc_hd__clkbuf_8)
                  0.07    0.18  100.38 ^ clkbuf_4_6_0_i_clk/X (sky130_fd_sc_hd__clkbuf_8)
    11    0.03                           clknet_4_6_0_i_clk (net)
                  0.07    0.00  100.38 ^ _2067_/CLK (sky130_fd_sc_hd__dfxtp_1)
                         -0.50   99.88   clock uncertainty
                          0.00   99.88   clock reconvergence pessimism
                         -0.10   99.78   library setup time
                                 99.78   data required time
-----------------------------------------------------------------------------
                                 99.78   data required time
                                -21.97   data arrival time
-----------------------------------------------------------------------------
                                 77.81   slack (MET)


Startpoint: i_rst_n (input port clocked by i_clk)
Endpoint: _2131_ (rising edge-triggered flip-flop clocked by i_clk)
Path Group: i_clk
Path Type: max

Fanout     Cap    Slew   Delay    Time   Description
-----------------------------------------------------------------------------
                          0.00    0.00   clock i_clk (rise edge)
                          0.00    0.00   clock network delay (propagated)
                         20.00   20.00 ^ input external delay
                  0.00    0.00   20.00 ^ i_rst_n (in)
     1    0.00                           i_rst_n (net)
                  0.00    0.00   20.00 ^ input2/A (sky130_fd_sc_hd__dlymetal6s2s_1)
                  0.21    0.19   20.19 ^ input2/X (sky130_fd_sc_hd__dlymetal6s2s_1)
     5    0.02                           net2 (net)
                  0.21    0.00   20.19 ^ _1031_/B1_N (sky130_fd_sc_hd__a21boi_4)
                  0.20    0.28   20.47 ^ _1031_/Y (sky130_fd_sc_hd__a21boi_4)
     4    0.02                           _0434_ (net)
                  0.20    0.00   20.47 ^ _1034_/B1 (sky130_fd_sc_hd__o21a_4)
                  0.17    0.26   20.73 ^ _1034_/X (sky130_fd_sc_hd__o21a_4)
    10    0.05                           _0436_ (net)
                  0.17    0.01   20.74 ^ _1772_/A (sky130_fd_sc_hd__buf_4)
                  0.16    0.24   20.98 ^ _1772_/X (sky130_fd_sc_hd__buf_4)
    10    0.06                           _0218_ (net)
                  0.16    0.00   20.98 ^ _1870_/S (sky130_fd_sc_hd__mux2_1)
                  0.05    0.33   21.31 v _1870_/X (sky130_fd_sc_hd__mux2_1)
     1    0.00                           _0308_ (net)
                  0.05    0.00   21.31 v hold184/A (sky130_fd_sc_hd__dlygate4sd3_1)
                  0.05    0.55   21.86 v hold184/X (sky130_fd_sc_hd__dlygate4sd3_1)
     1    0.00                           net190 (net)
                  0.05    0.00   21.86 v _1871_/A (sky130_fd_sc_hd__clkbuf_1)
                  0.03    0.09   21.95 v _1871_/X (sky130_fd_sc_hd__clkbuf_1)
     1    0.00                           _0107_ (net)
                  0.03    0.00   21.95 v _2131_/D (sky130_fd_sc_hd__dfxtp_1)
                                 21.95   data arrival time

                        100.00  100.00   clock i_clk (rise edge)
                          0.00  100.00   clock source latency
                  0.00    0.00  100.00 ^ i_clk (in)
     1    0.03                           i_clk (net)
                  0.00    0.00  100.00 ^ clkbuf_0_i_clk/A (sky130_fd_sc_hd__clkbuf_16)
                  0.14    0.19  100.19 ^ clkbuf_0_i_clk/X (sky130_fd_sc_hd__clkbuf_16)
    16    0.13                           clknet_0_i_clk (net)
                  0.14    0.00  100.19 ^ clkbuf_4_12_0_i_clk/A (sky130_fd_sc_hd__clkbuf_8)
                  0.06    0.17  100.37 ^ clkbuf_4_12_0_i_clk/X (sky130_fd_sc_hd__clkbuf_8)
     6    0.03                           clknet_4_12_0_i_clk (net)
                  0.06    0.00  100.37 ^ _2131_/CLK (sky130_fd_sc_hd__dfxtp_1)
                         -0.50   99.87   clock uncertainty
                          0.00   99.87   clock reconvergence pessimism
                         -0.10   99.77   library setup time
                                 99.77   data required time
-----------------------------------------------------------------------------
                                 99.77   data required time
                                -21.95   data arrival time
-----------------------------------------------------------------------------
                                 77.82   slack (MET)


Startpoint: i_rst_n (input port clocked by i_clk)
Endpoint: _2128_ (rising edge-triggered flip-flop clocked by i_clk)
Path Group: i_clk
Path Type: max

Fanout     Cap    Slew   Delay    Time   Description
-----------------------------------------------------------------------------
                          0.00    0.00   clock i_clk (rise edge)
                          0.00    0.00   clock network delay (propagated)
                         20.00   20.00 ^ input external delay
                  0.00    0.00   20.00 ^ i_rst_n (in)
     1    0.00                           i_rst_n (net)
                  0.00    0.00   20.00 ^ input2/A (sky130_fd_sc_hd__dlymetal6s2s_1)
                  0.21    0.19   20.19 ^ input2/X (sky130_fd_sc_hd__dlymetal6s2s_1)
     5    0.02                           net2 (net)
                  0.21    0.00   20.19 ^ _1031_/B1_N (sky130_fd_sc_hd__a21boi_4)
                  0.20    0.28   20.47 ^ _1031_/Y (sky130_fd_sc_hd__a21boi_4)
     4    0.02                           _0434_ (net)
                  0.20    0.00   20.47 ^ _1034_/B1 (sky130_fd_sc_hd__o21a_4)
                  0.17    0.26   20.73 ^ _1034_/X (sky130_fd_sc_hd__o21a_4)
    10    0.05                           _0436_ (net)
                  0.17    0.01   20.74 ^ _1772_/A (sky130_fd_sc_hd__buf_4)
                  0.16    0.24   20.98 ^ _1772_/X (sky130_fd_sc_hd__buf_4)
    10    0.06                           _0218_ (net)
                  0.16    0.00   20.98 ^ _1831_/S (sky130_fd_sc_hd__mux2_1)
                  0.05    0.33   21.31 v _1831_/X (sky130_fd_sc_hd__mux2_1)
     1    0.00                           _0272_ (net)
                  0.05    0.00   21.31 v hold160/A (sky130_fd_sc_hd__dlygate4sd3_1)
                  0.05    0.55   21.86 v hold160/X (sky130_fd_sc_hd__dlygate4sd3_1)
     1    0.00                           net166 (net)
                  0.05    0.00   21.86 v _1832_/A (sky130_fd_sc_hd__clkbuf_1)
                  0.03    0.09   21.96 v _1832_/X (sky130_fd_sc_hd__clkbuf_1)
     1    0.00                           _0104_ (net)
                  0.03    0.00   21.96 v _2128_/D (sky130_fd_sc_hd__dfxtp_1)
                                 21.96   data arrival time

                        100.00  100.00   clock i_clk (rise edge)
                          0.00  100.00   clock source latency
                  0.00    0.00  100.00 ^ i_clk (in)
     1    0.03                           i_clk (net)
                  0.00    0.00  100.00 ^ clkbuf_0_i_clk/A (sky130_fd_sc_hd__clkbuf_16)
                  0.14    0.19  100.19 ^ clkbuf_0_i_clk/X (sky130_fd_sc_hd__clkbuf_16)
    16    0.13                           clknet_0_i_clk (net)
                  0.14    0.00  100.19 ^ clkbuf_4_13_0_i_clk/A (sky130_fd_sc_hd__clkbuf_8)
                  0.07    0.18  100.37 ^ clkbuf_4_13_0_i_clk/X (sky130_fd_sc_hd__clkbuf_8)
     9    0.03                           clknet_4_13_0_i_clk (net)
                  0.07    0.00  100.38 ^ _2128_/CLK (sky130_fd_sc_hd__dfxtp_1)
                         -0.50   99.88   clock uncertainty
                          0.00   99.88   clock reconvergence pessimism
                         -0.10   99.78   library setup time
                                 99.78   data required time
-----------------------------------------------------------------------------
                                 99.78   data required time
                                -21.96   data arrival time
-----------------------------------------------------------------------------
                                 77.82   slack (MET)


Startpoint: i_rst_n (input port clocked by i_clk)
Endpoint: _2047_ (rising edge-triggered flip-flop clocked by i_clk)
Path Group: i_clk
Path Type: max

Fanout     Cap    Slew   Delay    Time   Description
-----------------------------------------------------------------------------
                          0.00    0.00   clock i_clk (rise edge)
                          0.00    0.00   clock network delay (propagated)
                         20.00   20.00 ^ input external delay
                  0.00    0.00   20.00 ^ i_rst_n (in)
     1    0.00                           i_rst_n (net)
                  0.00    0.00   20.00 ^ input2/A (sky130_fd_sc_hd__dlymetal6s2s_1)
                  0.21    0.19   20.19 ^ input2/X (sky130_fd_sc_hd__dlymetal6s2s_1)
     5    0.02                           net2 (net)
                  0.21    0.00   20.19 ^ _1031_/B1_N (sky130_fd_sc_hd__a21boi_4)
                  0.20    0.28   20.47 ^ _1031_/Y (sky130_fd_sc_hd__a21boi_4)
     4    0.02                           _0434_ (net)
                  0.20    0.00   20.47 ^ _1034_/B1 (sky130_fd_sc_hd__o21a_4)
                  0.17    0.26   20.73 ^ _1034_/X (sky130_fd_sc_hd__o21a_4)
    10    0.05                           _0436_ (net)
                  0.17    0.00   20.73 ^ _1342_/A (sky130_fd_sc_hd__clkbuf_4)
                  0.20    0.29   21.02 ^ _1342_/X (sky130_fd_sc_hd__clkbuf_4)
    10    0.07                           _0721_ (net)
                  0.20    0.00   21.03 ^ _1345_/A (sky130_fd_sc_hd__buf_4)
                  0.21    0.28   21.31 ^ _1345_/X (sky130_fd_sc_hd__buf_4)
    10    0.08                           _0723_ (net)
                  0.21    0.00   21.31 ^ _1520_/A2 (sky130_fd_sc_hd__o22a_1)
                  0.04    0.16   21.47 ^ _1520_/X (sky130_fd_sc_hd__o22a_1)
     1    0.00                           _0032_ (net)
                  0.04    0.00   21.47 ^ hold182/A (sky130_fd_sc_hd__dlygate4sd3_1)
                  0.05    0.53   21.99 ^ hold182/X (sky130_fd_sc_hd__dlygate4sd3_1)
     1    0.00                           net188 (net)
                  0.05    0.00   21.99 ^ _2047_/D (sky130_fd_sc_hd__dfxtp_2)
                                 21.99   data arrival time

                        100.00  100.00   clock i_clk (rise edge)
                          0.00  100.00   clock source latency
                  0.00    0.00  100.00 ^ i_clk (in)
     1    0.03                           i_clk (net)
                  0.00    0.00  100.00 ^ clkbuf_0_i_clk/A (sky130_fd_sc_hd__clkbuf_16)
                  0.14    0.19  100.19 ^ clkbuf_0_i_clk/X (sky130_fd_sc_hd__clkbuf_16)
    16    0.13                           clknet_0_i_clk (net)
                  0.14    0.00  100.19 ^ clkbuf_4_13_0_i_clk/A (sky130_fd_sc_hd__clkbuf_8)
                  0.07    0.18  100.37 ^ clkbuf_4_13_0_i_clk/X (sky130_fd_sc_hd__clkbuf_8)
     9    0.03                           clknet_4_13_0_i_clk (net)
                  0.07    0.00  100.37 ^ _2047_/CLK (sky130_fd_sc_hd__dfxtp_2)
                         -0.50   99.87   clock uncertainty
                          0.00   99.87   clock reconvergence pessimism
                         -0.06   99.82   library setup time
                                 99.82   data required time
-----------------------------------------------------------------------------
                                 99.82   data required time
                                -21.99   data arrival time
-----------------------------------------------------------------------------
                                 77.82   slack (MET)


Startpoint: i_rst_n (input port clocked by i_clk)
Endpoint: _2120_ (rising edge-triggered flip-flop clocked by i_clk)
Path Group: i_clk
Path Type: max

Fanout     Cap    Slew   Delay    Time   Description
-----------------------------------------------------------------------------
                          0.00    0.00   clock i_clk (rise edge)
                          0.00    0.00   clock network delay (propagated)
                         20.00   20.00 ^ input external delay
                  0.00    0.00   20.00 ^ i_rst_n (in)
     1    0.00                           i_rst_n (net)
                  0.00    0.00   20.00 ^ input2/A (sky130_fd_sc_hd__dlymetal6s2s_1)
                  0.21    0.19   20.19 ^ input2/X (sky130_fd_sc_hd__dlymetal6s2s_1)
     5    0.02                           net2 (net)
                  0.21    0.00   20.19 ^ _1031_/B1_N (sky130_fd_sc_hd__a21boi_4)
                  0.20    0.28   20.47 ^ _1031_/Y (sky130_fd_sc_hd__a21boi_4)
     4    0.02                           _0434_ (net)
                  0.20    0.00   20.47 ^ _1038_/B1 (sky130_fd_sc_hd__o21ai_4)
                  0.16    0.18   20.66 v _1038_/Y (sky130_fd_sc_hd__o21ai_4)
     9    0.06                           _0440_ (net)
                  0.16    0.00   20.66 v _1740_/B (sky130_fd_sc_hd__nand2_1)
                  0.06    0.11   20.77 ^ _1740_/Y (sky130_fd_sc_hd__nand2_1)
     1    0.00                           _0189_ (net)
                  0.06    0.00   20.77 ^ hold6/A (sky130_fd_sc_hd__dlygate4sd3_1)
                  0.06    0.55   21.32 ^ hold6/X (sky130_fd_sc_hd__dlygate4sd3_1)
     1    0.00                           net12 (net)
                  0.06    0.00   21.32 ^ _1741_/B1 (sky130_fd_sc_hd__o21ai_1)
                  0.05    0.06   21.38 v _1741_/Y (sky130_fd_sc_hd__o21ai_1)
     1    0.00                           _0096_ (net)
                  0.05    0.00   21.38 v hold7/A (sky130_fd_sc_hd__dlygate4sd3_1)
                  0.05    0.55   21.93 v hold7/X (sky130_fd_sc_hd__dlygate4sd3_1)
     1    0.00                           net13 (net)
                  0.05    0.00   21.93 v _2120_/D (sky130_fd_sc_hd__dfxtp_1)
                                 21.93   data arrival time

                        100.00  100.00   clock i_clk (rise edge)
                          0.00  100.00   clock source latency
                  0.00    0.00  100.00 ^ i_clk (in)
     1    0.03                           i_clk (net)
                  0.00    0.00  100.00 ^ clkbuf_0_i_clk/A (sky130_fd_sc_hd__clkbuf_16)
                  0.14    0.19  100.19 ^ clkbuf_0_i_clk/X (sky130_fd_sc_hd__clkbuf_16)
    16    0.13                           clknet_0_i_clk (net)
                  0.14    0.00  100.19 ^ clkbuf_4_4_0_i_clk/A (sky130_fd_sc_hd__clkbuf_8)
                  0.06    0.18  100.37 ^ clkbuf_4_4_0_i_clk/X (sky130_fd_sc_hd__clkbuf_8)
     8    0.03                           clknet_4_4_0_i_clk (net)
                  0.06    0.00  100.37 ^ _2120_/CLK (sky130_fd_sc_hd__dfxtp_1)
                         -0.50   99.87   clock uncertainty
                          0.00   99.87   clock reconvergence pessimism
                         -0.11   99.76   library setup time
                                 99.76   data required time
-----------------------------------------------------------------------------
                                 99.76   data required time
                                -21.93   data arrival time
-----------------------------------------------------------------------------
                                 77.83   slack (MET)


Startpoint: i_rst_n (input port clocked by i_clk)
Endpoint: _2129_ (rising edge-triggered flip-flop clocked by i_clk)
Path Group: i_clk
Path Type: max

Fanout     Cap    Slew   Delay    Time   Description
-----------------------------------------------------------------------------
                          0.00    0.00   clock i_clk (rise edge)
                          0.00    0.00   clock network delay (propagated)
                         20.00   20.00 ^ input external delay
                  0.00    0.00   20.00 ^ i_rst_n (in)
     1    0.00                           i_rst_n (net)
                  0.00    0.00   20.00 ^ input2/A (sky130_fd_sc_hd__dlymetal6s2s_1)
                  0.21    0.19   20.19 ^ input2/X (sky130_fd_sc_hd__dlymetal6s2s_1)
     5    0.02                           net2 (net)
                  0.21    0.00   20.19 ^ _1031_/B1_N (sky130_fd_sc_hd__a21boi_4)
                  0.20    0.28   20.47 ^ _1031_/Y (sky130_fd_sc_hd__a21boi_4)
     4    0.02                           _0434_ (net)
                  0.20    0.00   20.47 ^ _1034_/B1 (sky130_fd_sc_hd__o21a_4)
                  0.17    0.26   20.73 ^ _1034_/X (sky130_fd_sc_hd__o21a_4)
    10    0.05                           _0436_ (net)
                  0.17    0.01   20.74 ^ _1772_/A (sky130_fd_sc_hd__buf_4)
                  0.16    0.24   20.98 ^ _1772_/X (sky130_fd_sc_hd__buf_4)
    10    0.06                           _0218_ (net)
                  0.16    0.00   20.98 ^ _1844_/S (sky130_fd_sc_hd__mux2_1)
                  0.05    0.33   21.31 v _1844_/X (sky130_fd_sc_hd__mux2_1)
     1    0.00                           _0284_ (net)
                  0.05    0.00   21.31 v hold140/A (sky130_fd_sc_hd__dlygate4sd3_1)
                  0.05    0.55   21.86 v hold140/X (sky130_fd_sc_hd__dlygate4sd3_1)
     1    0.00                           net146 (net)
                  0.05    0.00   21.86 v _1845_/A (sky130_fd_sc_hd__clkbuf_1)
                  0.03    0.09   21.95 v _1845_/X (sky130_fd_sc_hd__clkbuf_1)
     1    0.00                           _0105_ (net)
                  0.03    0.00   21.95 v _2129_/D (sky130_fd_sc_hd__dfxtp_1)
                                 21.95   data arrival time

                        100.00  100.00   clock i_clk (rise edge)
                          0.00  100.00   clock source latency
                  0.00    0.00  100.00 ^ i_clk (in)
     1    0.03                           i_clk (net)
                  0.00    0.00  100.00 ^ clkbuf_0_i_clk/A (sky130_fd_sc_hd__clkbuf_16)
                  0.14    0.19  100.19 ^ clkbuf_0_i_clk/X (sky130_fd_sc_hd__clkbuf_16)
    16    0.13                           clknet_0_i_clk (net)
                  0.14    0.00  100.19 ^ clkbuf_4_13_0_i_clk/A (sky130_fd_sc_hd__clkbuf_8)
                  0.07    0.18  100.37 ^ clkbuf_4_13_0_i_clk/X (sky130_fd_sc_hd__clkbuf_8)
     9    0.03                           clknet_4_13_0_i_clk (net)
                  0.07    0.00  100.38 ^ _2129_/CLK (sky130_fd_sc_hd__dfxtp_1)
                         -0.50   99.88   clock uncertainty
                          0.00   99.88   clock reconvergence pessimism
                         -0.10   99.78   library setup time
                                 99.78   data required time
-----------------------------------------------------------------------------
                                 99.78   data required time
                                -21.95   data arrival time
-----------------------------------------------------------------------------
                                 77.83   slack (MET)


Startpoint: i_rst_n (input port clocked by i_clk)
Endpoint: _2123_ (rising edge-triggered flip-flop clocked by i_clk)
Path Group: i_clk
Path Type: max

Fanout     Cap    Slew   Delay    Time   Description
-----------------------------------------------------------------------------
                          0.00    0.00   clock i_clk (rise edge)
                          0.00    0.00   clock network delay (propagated)
                         20.00   20.00 ^ input external delay
                  0.00    0.00   20.00 ^ i_rst_n (in)
     1    0.00                           i_rst_n (net)
                  0.00    0.00   20.00 ^ input2/A (sky130_fd_sc_hd__dlymetal6s2s_1)
                  0.21    0.19   20.19 ^ input2/X (sky130_fd_sc_hd__dlymetal6s2s_1)
     5    0.02                           net2 (net)
                  0.21    0.00   20.19 ^ _1031_/B1_N (sky130_fd_sc_hd__a21boi_4)
                  0.20    0.28   20.47 ^ _1031_/Y (sky130_fd_sc_hd__a21boi_4)
     4    0.02                           _0434_ (net)
                  0.20    0.00   20.47 ^ _1034_/B1 (sky130_fd_sc_hd__o21a_4)
                  0.17    0.26   20.73 ^ _1034_/X (sky130_fd_sc_hd__o21a_4)
    10    0.05                           _0436_ (net)
                  0.17    0.01   20.74 ^ _1772_/A (sky130_fd_sc_hd__buf_4)
                  0.16    0.24   20.98 ^ _1772_/X (sky130_fd_sc_hd__buf_4)
    10    0.06                           _0218_ (net)
                  0.16    0.00   20.98 ^ _1773_/S (sky130_fd_sc_hd__mux2_1)
                  0.05    0.33   21.31 v _1773_/X (sky130_fd_sc_hd__mux2_1)
     1    0.00                           _0219_ (net)
                  0.05    0.00   21.31 v hold148/A (sky130_fd_sc_hd__dlygate4sd3_1)
                  0.05    0.55   21.87 v hold148/X (sky130_fd_sc_hd__dlygate4sd3_1)
     1    0.00                           net154 (net)
                  0.05    0.00   21.87 v _1774_/A (sky130_fd_sc_hd__clkbuf_1)
                  0.02    0.09   21.96 v _1774_/X (sky130_fd_sc_hd__clkbuf_1)
     1    0.00                           _0099_ (net)
                  0.02    0.00   21.96 v _2123_/D (sky130_fd_sc_hd__dfxtp_1)
                                 21.96   data arrival time

                        100.00  100.00   clock i_clk (rise edge)
                          0.00  100.00   clock source latency
                  0.00    0.00  100.00 ^ i_clk (in)
     1    0.03                           i_clk (net)
                  0.00    0.00  100.00 ^ clkbuf_0_i_clk/A (sky130_fd_sc_hd__clkbuf_16)
                  0.14    0.19  100.19 ^ clkbuf_0_i_clk/X (sky130_fd_sc_hd__clkbuf_16)
    16    0.13                           clknet_0_i_clk (net)
                  0.14    0.00  100.19 ^ clkbuf_4_5_0_i_clk/A (sky130_fd_sc_hd__clkbuf_8)
                  0.08    0.19  100.38 ^ clkbuf_4_5_0_i_clk/X (sky130_fd_sc_hd__clkbuf_8)
    11    0.04                           clknet_4_5_0_i_clk (net)
                  0.08    0.00  100.38 ^ _2123_/CLK (sky130_fd_sc_hd__dfxtp_1)
                         -0.50   99.88   clock uncertainty
                          0.00   99.88   clock reconvergence pessimism
                         -0.09   99.79   library setup time
                                 99.79   data required time
-----------------------------------------------------------------------------
                                 99.79   data required time
                                -21.96   data arrival time
-----------------------------------------------------------------------------
                                 77.83   slack (MET)


Startpoint: i_rst_n (input port clocked by i_clk)
Endpoint: _2125_ (rising edge-triggered flip-flop clocked by i_clk)
Path Group: i_clk
Path Type: max

Fanout     Cap    Slew   Delay    Time   Description
-----------------------------------------------------------------------------
                          0.00    0.00   clock i_clk (rise edge)
                          0.00    0.00   clock network delay (propagated)
                         20.00   20.00 ^ input external delay
                  0.00    0.00   20.00 ^ i_rst_n (in)
     1    0.00                           i_rst_n (net)
                  0.00    0.00   20.00 ^ input2/A (sky130_fd_sc_hd__dlymetal6s2s_1)
                  0.21    0.19   20.19 ^ input2/X (sky130_fd_sc_hd__dlymetal6s2s_1)
     5    0.02                           net2 (net)
                  0.21    0.00   20.19 ^ _1031_/B1_N (sky130_fd_sc_hd__a21boi_4)
                  0.20    0.28   20.47 ^ _1031_/Y (sky130_fd_sc_hd__a21boi_4)
     4    0.02                           _0434_ (net)
                  0.20    0.00   20.47 ^ _1034_/B1 (sky130_fd_sc_hd__o21a_4)
                  0.17    0.26   20.73 ^ _1034_/X (sky130_fd_sc_hd__o21a_4)
    10    0.05                           _0436_ (net)
                  0.17    0.01   20.74 ^ _1772_/A (sky130_fd_sc_hd__buf_4)
                  0.16    0.24   20.98 ^ _1772_/X (sky130_fd_sc_hd__buf_4)
    10    0.06                           _0218_ (net)
                  0.16    0.00   20.98 ^ _1797_/S (sky130_fd_sc_hd__mux2_1)
                  0.05    0.33   21.31 v _1797_/X (sky130_fd_sc_hd__mux2_1)
     1    0.00                           _0241_ (net)
                  0.05    0.00   21.31 v hold158/A (sky130_fd_sc_hd__dlygate4sd3_1)
                  0.05    0.55   21.86 v hold158/X (sky130_fd_sc_hd__dlygate4sd3_1)
     1    0.00                           net164 (net)
                  0.05    0.00   21.86 v _1798_/A (sky130_fd_sc_hd__clkbuf_1)
                  0.02    0.09   21.95 v _1798_/X (sky130_fd_sc_hd__clkbuf_1)
     1    0.00                           _0101_ (net)
                  0.02    0.00   21.95 v _2125_/D (sky130_fd_sc_hd__dfxtp_1)
                                 21.95   data arrival time

                        100.00  100.00   clock i_clk (rise edge)
                          0.00  100.00   clock source latency
                  0.00    0.00  100.00 ^ i_clk (in)
     1    0.03                           i_clk (net)
                  0.00    0.00  100.00 ^ clkbuf_0_i_clk/A (sky130_fd_sc_hd__clkbuf_16)
                  0.14    0.19  100.19 ^ clkbuf_0_i_clk/X (sky130_fd_sc_hd__clkbuf_16)
    16    0.13                           clknet_0_i_clk (net)
                  0.14    0.00  100.19 ^ clkbuf_4_7_0_i_clk/A (sky130_fd_sc_hd__clkbuf_8)
                  0.11    0.21  100.40 ^ clkbuf_4_7_0_i_clk/X (sky130_fd_sc_hd__clkbuf_8)
    16    0.06                           clknet_4_7_0_i_clk (net)
                  0.11    0.00  100.40 ^ _2125_/CLK (sky130_fd_sc_hd__dfxtp_1)
                         -0.50   99.90   clock uncertainty
                          0.00   99.90   clock reconvergence pessimism
                         -0.09   99.82   library setup time
                                 99.82   data required time
-----------------------------------------------------------------------------
                                 99.82   data required time
                                -21.95   data arrival time
-----------------------------------------------------------------------------
                                 77.87   slack (MET)


Startpoint: i_rst_n (input port clocked by i_clk)
Endpoint: _2056_ (rising edge-triggered flip-flop clocked by i_clk)
Path Group: i_clk
Path Type: max

Fanout     Cap    Slew   Delay    Time   Description
-----------------------------------------------------------------------------
                          0.00    0.00   clock i_clk (rise edge)
                          0.00    0.00   clock network delay (propagated)
                         20.00   20.00 ^ input external delay
                  0.00    0.00   20.00 ^ i_rst_n (in)
     1    0.00                           i_rst_n (net)
                  0.00    0.00   20.00 ^ input2/A (sky130_fd_sc_hd__dlymetal6s2s_1)
                  0.21    0.19   20.19 ^ input2/X (sky130_fd_sc_hd__dlymetal6s2s_1)
     5    0.02                           net2 (net)
                  0.21    0.00   20.19 ^ _1031_/B1_N (sky130_fd_sc_hd__a21boi_4)
                  0.20    0.28   20.47 ^ _1031_/Y (sky130_fd_sc_hd__a21boi_4)
     4    0.02                           _0434_ (net)
                  0.20    0.00   20.47 ^ _1038_/B1 (sky130_fd_sc_hd__o21ai_4)
                  0.16    0.18   20.66 v _1038_/Y (sky130_fd_sc_hd__o21ai_4)
     9    0.06                           _0440_ (net)
                  0.16    0.00   20.66 v _1325_/B1 (sky130_fd_sc_hd__a31o_1)
                  0.04    0.22   20.88 v _1325_/X (sky130_fd_sc_hd__a31o_1)
     1    0.00                           _0705_ (net)
                  0.04    0.00   20.88 v _1326_/A (sky130_fd_sc_hd__clkbuf_4)
                  0.14    0.22   21.10 v _1326_/X (sky130_fd_sc_hd__clkbuf_4)
    10    0.07                           _0706_ (net)
                  0.14    0.01   21.11 v _1570_/B1 (sky130_fd_sc_hd__a21oi_1)
                  0.12    0.16   21.27 ^ _1570_/Y (sky130_fd_sc_hd__a21oi_1)
     1    0.00                           _0931_ (net)
                  0.12    0.00   21.27 ^ _1571_/B1 (sky130_fd_sc_hd__a21oi_1)
                  0.06    0.06   21.33 v _1571_/Y (sky130_fd_sc_hd__a21oi_1)
     1    0.00                           _0038_ (net)
                  0.06    0.00   21.33 v hold131/A (sky130_fd_sc_hd__dlygate4sd3_1)
                  0.06    0.56   21.88 v hold131/X (sky130_fd_sc_hd__dlygate4sd3_1)
     1    0.00                           net137 (net)
                  0.06    0.00   21.88 v _2056_/D (sky130_fd_sc_hd__dfxtp_1)
                                 21.88   data arrival time

                        100.00  100.00   clock i_clk (rise edge)
                          0.00  100.00   clock source latency
                  0.00    0.00  100.00 ^ i_clk (in)
     1    0.03                           i_clk (net)
                  0.00    0.00  100.00 ^ clkbuf_0_i_clk/A (sky130_fd_sc_hd__clkbuf_16)
                  0.14    0.19  100.19 ^ clkbuf_0_i_clk/X (sky130_fd_sc_hd__clkbuf_16)
    16    0.13                           clknet_0_i_clk (net)
                  0.14    0.00  100.19 ^ clkbuf_4_11_0_i_clk/A (sky130_fd_sc_hd__clkbuf_8)
                  0.07    0.18  100.37 ^ clkbuf_4_11_0_i_clk/X (sky130_fd_sc_hd__clkbuf_8)
    10    0.03                           clknet_4_11_0_i_clk (net)
                  0.07    0.00  100.37 ^ _2056_/CLK (sky130_fd_sc_hd__dfxtp_1)
                         -0.50   99.87   clock uncertainty
                          0.00   99.87   clock reconvergence pessimism
                         -0.11   99.76   library setup time
                                 99.76   data required time
-----------------------------------------------------------------------------
                                 99.76   data required time
                                -21.88   data arrival time
-----------------------------------------------------------------------------
                                 77.88   slack (MET)


Startpoint: i_rst_n (input port clocked by i_clk)
Endpoint: _2057_ (rising edge-triggered flip-flop clocked by i_clk)
Path Group: i_clk
Path Type: max

Fanout     Cap    Slew   Delay    Time   Description
-----------------------------------------------------------------------------
                          0.00    0.00   clock i_clk (rise edge)
                          0.00    0.00   clock network delay (propagated)
                         20.00   20.00 ^ input external delay
                  0.00    0.00   20.00 ^ i_rst_n (in)
     1    0.00                           i_rst_n (net)
                  0.00    0.00   20.00 ^ input2/A (sky130_fd_sc_hd__dlymetal6s2s_1)
                  0.21    0.19   20.19 ^ input2/X (sky130_fd_sc_hd__dlymetal6s2s_1)
     5    0.02                           net2 (net)
                  0.21    0.00   20.19 ^ _1031_/B1_N (sky130_fd_sc_hd__a21boi_4)
                  0.20    0.28   20.47 ^ _1031_/Y (sky130_fd_sc_hd__a21boi_4)
     4    0.02                           _0434_ (net)
                  0.20    0.00   20.47 ^ _1038_/B1 (sky130_fd_sc_hd__o21ai_4)
                  0.16    0.18   20.66 v _1038_/Y (sky130_fd_sc_hd__o21ai_4)
     9    0.06                           _0440_ (net)
                  0.16    0.00   20.66 v _1325_/B1 (sky130_fd_sc_hd__a31o_1)
                  0.04    0.22   20.88 v _1325_/X (sky130_fd_sc_hd__a31o_1)
     1    0.00                           _0705_ (net)
                  0.04    0.00   20.88 v _1326_/A (sky130_fd_sc_hd__clkbuf_4)
                  0.14    0.22   21.10 v _1326_/X (sky130_fd_sc_hd__clkbuf_4)
    10    0.07                           _0706_ (net)
                  0.14    0.01   21.11 v _1574_/B1 (sky130_fd_sc_hd__o22a_1)
                  0.04    0.21   21.32 v _1574_/X (sky130_fd_sc_hd__o22a_1)
     1    0.00                           _0039_ (net)
                  0.04    0.00   21.32 v hold200/A (sky130_fd_sc_hd__dlygate4sd3_1)
                  0.06    0.55   21.87 v hold200/X (sky130_fd_sc_hd__dlygate4sd3_1)
     1    0.00                           net206 (net)
                  0.06    0.00   21.87 v _2057_/D (sky130_fd_sc_hd__dfxtp_1)
                                 21.87   data arrival time

                        100.00  100.00   clock i_clk (rise edge)
                          0.00  100.00   clock source latency
                  0.00    0.00  100.00 ^ i_clk (in)
     1    0.03                           i_clk (net)
                  0.00    0.00  100.00 ^ clkbuf_0_i_clk/A (sky130_fd_sc_hd__clkbuf_16)
                  0.14    0.19  100.19 ^ clkbuf_0_i_clk/X (sky130_fd_sc_hd__clkbuf_16)
    16    0.13                           clknet_0_i_clk (net)
                  0.14    0.00  100.19 ^ clkbuf_4_11_0_i_clk/A (sky130_fd_sc_hd__clkbuf_8)
                  0.07    0.18  100.37 ^ clkbuf_4_11_0_i_clk/X (sky130_fd_sc_hd__clkbuf_8)
    10    0.03                           clknet_4_11_0_i_clk (net)
                  0.07    0.00  100.37 ^ _2057_/CLK (sky130_fd_sc_hd__dfxtp_1)
                         -0.50   99.87   clock uncertainty
                          0.00   99.87   clock reconvergence pessimism
                         -0.11   99.76   library setup time
                                 99.76   data required time
-----------------------------------------------------------------------------
                                 99.76   data required time
                                -21.87   data arrival time
-----------------------------------------------------------------------------
                                 77.90   slack (MET)


Startpoint: i_rst_n (input port clocked by i_clk)
Endpoint: _2059_ (rising edge-triggered flip-flop clocked by i_clk)
Path Group: i_clk
Path Type: max

Fanout     Cap    Slew   Delay    Time   Description
-----------------------------------------------------------------------------
                          0.00    0.00   clock i_clk (rise edge)
                          0.00    0.00   clock network delay (propagated)
                         20.00   20.00 ^ input external delay
                  0.00    0.00   20.00 ^ i_rst_n (in)
     1    0.00                           i_rst_n (net)
                  0.00    0.00   20.00 ^ input2/A (sky130_fd_sc_hd__dlymetal6s2s_1)
                  0.21    0.19   20.19 ^ input2/X (sky130_fd_sc_hd__dlymetal6s2s_1)
     5    0.02                           net2 (net)
                  0.21    0.00   20.19 ^ _1031_/B1_N (sky130_fd_sc_hd__a21boi_4)
                  0.20    0.28   20.47 ^ _1031_/Y (sky130_fd_sc_hd__a21boi_4)
     4    0.02                           _0434_ (net)
                  0.20    0.00   20.47 ^ _1038_/B1 (sky130_fd_sc_hd__o21ai_4)
                  0.16    0.18   20.66 v _1038_/Y (sky130_fd_sc_hd__o21ai_4)
     9    0.06                           _0440_ (net)
                  0.16    0.00   20.66 v _1325_/B1 (sky130_fd_sc_hd__a31o_1)
                  0.04    0.22   20.88 v _1325_/X (sky130_fd_sc_hd__a31o_1)
     1    0.00                           _0705_ (net)
                  0.04    0.00   20.88 v _1326_/A (sky130_fd_sc_hd__clkbuf_4)
                  0.14    0.22   21.10 v _1326_/X (sky130_fd_sc_hd__clkbuf_4)
    10    0.07                           _0706_ (net)
                  0.14    0.01   21.11 v _1581_/B1 (sky130_fd_sc_hd__o22a_1)
                  0.04    0.21   21.32 v _1581_/X (sky130_fd_sc_hd__o22a_1)
     1    0.00                           _0041_ (net)
                  0.04    0.00   21.32 v hold202/A (sky130_fd_sc_hd__dlygate4sd3_1)
                  0.05    0.55   21.86 v hold202/X (sky130_fd_sc_hd__dlygate4sd3_1)
     1    0.00                           net208 (net)
                  0.05    0.00   21.87 v _2059_/D (sky130_fd_sc_hd__dfxtp_2)
                                 21.87   data arrival time

                        100.00  100.00   clock i_clk (rise edge)
                          0.00  100.00   clock source latency
                  0.00    0.00  100.00 ^ i_clk (in)
     1    0.03                           i_clk (net)
                  0.00    0.00  100.00 ^ clkbuf_0_i_clk/A (sky130_fd_sc_hd__clkbuf_16)
                  0.14    0.19  100.19 ^ clkbuf_0_i_clk/X (sky130_fd_sc_hd__clkbuf_16)
    16    0.13                           clknet_0_i_clk (net)
                  0.14    0.00  100.19 ^ clkbuf_4_11_0_i_clk/A (sky130_fd_sc_hd__clkbuf_8)
                  0.07    0.18  100.37 ^ clkbuf_4_11_0_i_clk/X (sky130_fd_sc_hd__clkbuf_8)
    10    0.03                           clknet_4_11_0_i_clk (net)
                  0.07    0.00  100.37 ^ _2059_/CLK (sky130_fd_sc_hd__dfxtp_2)
                         -0.50   99.87   clock uncertainty
                          0.00   99.87   clock reconvergence pessimism
                         -0.11   99.76   library setup time
                                 99.76   data required time
-----------------------------------------------------------------------------
                                 99.76   data required time
                                -21.87   data arrival time
-----------------------------------------------------------------------------
                                 77.90   slack (MET)


Startpoint: i_rst_n (input port clocked by i_clk)
Endpoint: _2071_ (rising edge-triggered flip-flop clocked by i_clk)
Path Group: i_clk
Path Type: max

Fanout     Cap    Slew   Delay    Time   Description
-----------------------------------------------------------------------------
                          0.00    0.00   clock i_clk (rise edge)
                          0.00    0.00   clock network delay (propagated)
                         20.00   20.00 ^ input external delay
                  0.00    0.00   20.00 ^ i_rst_n (in)
     1    0.00                           i_rst_n (net)
                  0.00    0.00   20.00 ^ input2/A (sky130_fd_sc_hd__dlymetal6s2s_1)
                  0.21    0.19   20.19 ^ input2/X (sky130_fd_sc_hd__dlymetal6s2s_1)
     5    0.02                           net2 (net)
                  0.21    0.00   20.19 ^ _1031_/B1_N (sky130_fd_sc_hd__a21boi_4)
                  0.20    0.28   20.47 ^ _1031_/Y (sky130_fd_sc_hd__a21boi_4)
     4    0.02                           _0434_ (net)
                  0.20    0.00   20.47 ^ _1034_/B1 (sky130_fd_sc_hd__o21a_4)
                  0.17    0.26   20.73 ^ _1034_/X (sky130_fd_sc_hd__o21a_4)
    10    0.05                           _0436_ (net)
                  0.17    0.00   20.73 ^ _1037_/B (sky130_fd_sc_hd__and2_1)
                  0.16    0.23   20.97 ^ _1037_/X (sky130_fd_sc_hd__and2_1)
     3    0.02                           _0439_ (net)
                  0.16    0.00   20.97 ^ _1049_/C (sky130_fd_sc_hd__and3_1)
                  0.13    0.24   21.21 ^ _1049_/X (sky130_fd_sc_hd__and3_1)
     2    0.01                           _0449_ (net)
                  0.13    0.00   21.21 ^ _1050_/A2 (sky130_fd_sc_hd__a21oi_1)
                  0.09    0.12   21.33 v _1050_/Y (sky130_fd_sc_hd__a21oi_1)
     1    0.01                           _0450_ (net)
                  0.09    0.00   21.33 v _1051_/B1 (sky130_fd_sc_hd__o21ai_4)
                  0.29    0.14   21.47 ^ _1051_/Y (sky130_fd_sc_hd__o21ai_4)
    10    0.04                           _0451_ (net)
                  0.29    0.00   21.47 ^ _1052_/A (sky130_fd_sc_hd__inv_2)
                  0.11    0.13   21.60 v _1052_/Y (sky130_fd_sc_hd__inv_2)
     8    0.03                           _0053_ (net)
                  0.11    0.00   21.60 v _1074_/B2 (sky130_fd_sc_hd__a2bb2o_1)
                  0.07    0.28   21.89 v _1074_/X (sky130_fd_sc_hd__a2bb2o_1)
     1    0.01                           _0004_ (net)
                  0.07    0.00   21.89 v _2071_/D (sky130_fd_sc_hd__dfxtp_1)
                                 21.89   data arrival time

                        100.00  100.00   clock i_clk (rise edge)
                          0.00  100.00   clock source latency
                  0.00    0.00  100.00 ^ i_clk (in)
     1    0.03                           i_clk (net)
                  0.00    0.00  100.00 ^ clkbuf_0_i_clk/A (sky130_fd_sc_hd__clkbuf_16)
                  0.14    0.19  100.19 ^ clkbuf_0_i_clk/X (sky130_fd_sc_hd__clkbuf_16)
    16    0.13                           clknet_0_i_clk (net)
                  0.14    0.00  100.19 ^ clkbuf_4_7_0_i_clk/A (sky130_fd_sc_hd__clkbuf_8)
                  0.11    0.21  100.40 ^ clkbuf_4_7_0_i_clk/X (sky130_fd_sc_hd__clkbuf_8)
    16    0.06                           clknet_4_7_0_i_clk (net)
                  0.11    0.00  100.40 ^ _2071_/CLK (sky130_fd_sc_hd__dfxtp_1)
                         -0.50   99.90   clock uncertainty
                          0.00   99.90   clock reconvergence pessimism
                         -0.11   99.80   library setup time
                                 99.80   data required time
-----------------------------------------------------------------------------
                                 99.80   data required time
                                -21.89   data arrival time
-----------------------------------------------------------------------------
                                 77.91   slack (MET)


Startpoint: i_rst_n (input port clocked by i_clk)
Endpoint: _2175_ (rising edge-triggered flip-flop clocked by i_clk)
Path Group: i_clk
Path Type: max

Fanout     Cap    Slew   Delay    Time   Description
-----------------------------------------------------------------------------
                          0.00    0.00   clock i_clk (rise edge)
                          0.00    0.00   clock network delay (propagated)
                         20.00   20.00 ^ input external delay
                  0.00    0.00   20.00 ^ i_rst_n (in)
     1    0.00                           i_rst_n (net)
                  0.00    0.00   20.00 ^ input2/A (sky130_fd_sc_hd__dlymetal6s2s_1)
                  0.21    0.19   20.19 ^ input2/X (sky130_fd_sc_hd__dlymetal6s2s_1)
     5    0.02                           net2 (net)
                  0.21    0.00   20.19 ^ _1031_/B1_N (sky130_fd_sc_hd__a21boi_4)
                  0.20    0.28   20.47 ^ _1031_/Y (sky130_fd_sc_hd__a21boi_4)
     4    0.02                           _0434_ (net)
                  0.20    0.00   20.47 ^ _1034_/B1 (sky130_fd_sc_hd__o21a_4)
                  0.17    0.26   20.73 ^ _1034_/X (sky130_fd_sc_hd__o21a_4)
    10    0.05                           _0436_ (net)
                  0.17    0.00   20.73 ^ _1037_/B (sky130_fd_sc_hd__and2_1)
                  0.16    0.23   20.97 ^ _1037_/X (sky130_fd_sc_hd__and2_1)
     3    0.02                           _0439_ (net)
                  0.16    0.00   20.97 ^ _1047_/A2 (sky130_fd_sc_hd__o21ba_1)
                  0.04    0.13   21.10 ^ _1047_/X (sky130_fd_sc_hd__o21ba_1)
     1    0.00                           _0448_ (net)
                  0.04    0.00   21.10 ^ _1048_/A (sky130_fd_sc_hd__buf_2)
                  0.16    0.19   21.28 ^ _1048_/X (sky130_fd_sc_hd__buf_2)
     9    0.03                           _0051_ (net)
                  0.16    0.00   21.28 ^ _1058_/B (sky130_fd_sc_hd__nor2_1)
                  0.06    0.09   21.37 v _1058_/Y (sky130_fd_sc_hd__nor2_1)
     3    0.01                           _0456_ (net)
                  0.06    0.00   21.37 v _1060_/A (sky130_fd_sc_hd__or2b_1)
                  0.07    0.25   21.63 v _1060_/X (sky130_fd_sc_hd__or2b_1)
     3    0.01                           _0458_ (net)
                  0.07    0.00   21.63 v _2019_/C (sky130_fd_sc_hd__and3_1)
                  0.04    0.19   21.82 v _2019_/X (sky130_fd_sc_hd__and3_1)
     1    0.00                           _0414_ (net)
                  0.04    0.00   21.82 v _2020_/A (sky130_fd_sc_hd__clkbuf_1)
                  0.02    0.08   21.90 v _2020_/X (sky130_fd_sc_hd__clkbuf_1)
     1    0.00                           _0151_ (net)
                  0.02    0.00   21.90 v _2175_/D (sky130_fd_sc_hd__dfxtp_1)
                                 21.90   data arrival time

                        100.00  100.00   clock i_clk (rise edge)
                          0.00  100.00   clock source latency
                  0.00    0.00  100.00 ^ i_clk (in)
     1    0.03                           i_clk (net)
                  0.00    0.00  100.00 ^ clkbuf_0_i_clk/A (sky130_fd_sc_hd__clkbuf_16)
                  0.14    0.19  100.19 ^ clkbuf_0_i_clk/X (sky130_fd_sc_hd__clkbuf_16)
    16    0.13                           clknet_0_i_clk (net)
                  0.14    0.00  100.19 ^ clkbuf_4_7_0_i_clk/A (sky130_fd_sc_hd__clkbuf_8)
                  0.11    0.21  100.40 ^ clkbuf_4_7_0_i_clk/X (sky130_fd_sc_hd__clkbuf_8)
    16    0.06                           clknet_4_7_0_i_clk (net)
                  0.11    0.00  100.40 ^ _2175_/CLK (sky130_fd_sc_hd__dfxtp_1)
                         -0.50   99.90   clock uncertainty
                          0.00   99.90   clock reconvergence pessimism
                         -0.09   99.82   library setup time
                                 99.82   data required time
-----------------------------------------------------------------------------
                                 99.82   data required time
                                -21.90   data arrival time
-----------------------------------------------------------------------------
                                 77.91   slack (MET)


Startpoint: i_rst_n (input port clocked by i_clk)
Endpoint: _2060_ (rising edge-triggered flip-flop clocked by i_clk)
Path Group: i_clk
Path Type: max

Fanout     Cap    Slew   Delay    Time   Description
-----------------------------------------------------------------------------
                          0.00    0.00   clock i_clk (rise edge)
                          0.00    0.00   clock network delay (propagated)
                         20.00   20.00 ^ input external delay
                  0.00    0.00   20.00 ^ i_rst_n (in)
     1    0.00                           i_rst_n (net)
                  0.00    0.00   20.00 ^ input2/A (sky130_fd_sc_hd__dlymetal6s2s_1)
                  0.21    0.19   20.19 ^ input2/X (sky130_fd_sc_hd__dlymetal6s2s_1)
     5    0.02                           net2 (net)
                  0.21    0.00   20.19 ^ _1031_/B1_N (sky130_fd_sc_hd__a21boi_4)
                  0.20    0.28   20.47 ^ _1031_/Y (sky130_fd_sc_hd__a21boi_4)
     4    0.02                           _0434_ (net)
                  0.20    0.00   20.47 ^ _1038_/B1 (sky130_fd_sc_hd__o21ai_4)
                  0.16    0.18   20.66 v _1038_/Y (sky130_fd_sc_hd__o21ai_4)
     9    0.06                           _0440_ (net)
                  0.16    0.00   20.66 v _1325_/B1 (sky130_fd_sc_hd__a31o_1)
                  0.04    0.22   20.88 v _1325_/X (sky130_fd_sc_hd__a31o_1)
     1    0.00                           _0705_ (net)
                  0.04    0.00   20.88 v _1326_/A (sky130_fd_sc_hd__clkbuf_4)
                  0.14    0.22   21.10 v _1326_/X (sky130_fd_sc_hd__clkbuf_4)
    10    0.07                           _0706_ (net)
                  0.14    0.01   21.11 v _1585_/B1 (sky130_fd_sc_hd__o22a_1)
                  0.04    0.20   21.31 v _1585_/X (sky130_fd_sc_hd__o22a_1)
     1    0.00                           _0042_ (net)
                  0.04    0.00   21.31 v hold128/A (sky130_fd_sc_hd__dlygate4sd3_1)
                  0.05    0.54   21.86 v hold128/X (sky130_fd_sc_hd__dlygate4sd3_1)
     1    0.00                           net134 (net)
                  0.05    0.00   21.86 v _2060_/D (sky130_fd_sc_hd__dfxtp_1)
                                 21.86   data arrival time

                        100.00  100.00   clock i_clk (rise edge)
                          0.00  100.00   clock source latency
                  0.00    0.00  100.00 ^ i_clk (in)
     1    0.03                           i_clk (net)
                  0.00    0.00  100.00 ^ clkbuf_0_i_clk/A (sky130_fd_sc_hd__clkbuf_16)
                  0.14    0.19  100.19 ^ clkbuf_0_i_clk/X (sky130_fd_sc_hd__clkbuf_16)
    16    0.13                           clknet_0_i_clk (net)
                  0.14    0.00  100.19 ^ clkbuf_4_9_0_i_clk/A (sky130_fd_sc_hd__clkbuf_8)
                  0.08    0.18  100.38 ^ clkbuf_4_9_0_i_clk/X (sky130_fd_sc_hd__clkbuf_8)
    11    0.04                           clknet_4_9_0_i_clk (net)
                  0.08    0.00  100.38 ^ _2060_/CLK (sky130_fd_sc_hd__dfxtp_1)
                         -0.50   99.88   clock uncertainty
                          0.00   99.88   clock reconvergence pessimism
                         -0.11   99.77   library setup time
                                 99.77   data required time
-----------------------------------------------------------------------------
                                 99.77   data required time
                                -21.86   data arrival time
-----------------------------------------------------------------------------
                                 77.91   slack (MET)


Startpoint: i_rst_n (input port clocked by i_clk)
Endpoint: _2062_ (rising edge-triggered flip-flop clocked by i_clk)
Path Group: i_clk
Path Type: max

Fanout     Cap    Slew   Delay    Time   Description
-----------------------------------------------------------------------------
                          0.00    0.00   clock i_clk (rise edge)
                          0.00    0.00   clock network delay (propagated)
                         20.00   20.00 ^ input external delay
                  0.00    0.00   20.00 ^ i_rst_n (in)
     1    0.00                           i_rst_n (net)
                  0.00    0.00   20.00 ^ input2/A (sky130_fd_sc_hd__dlymetal6s2s_1)
                  0.21    0.19   20.19 ^ input2/X (sky130_fd_sc_hd__dlymetal6s2s_1)
     5    0.02                           net2 (net)
                  0.21    0.00   20.19 ^ _1031_/B1_N (sky130_fd_sc_hd__a21boi_4)
                  0.20    0.28   20.47 ^ _1031_/Y (sky130_fd_sc_hd__a21boi_4)
     4    0.02                           _0434_ (net)
                  0.20    0.00   20.47 ^ _1038_/B1 (sky130_fd_sc_hd__o21ai_4)
                  0.16    0.18   20.66 v _1038_/Y (sky130_fd_sc_hd__o21ai_4)
     9    0.06                           _0440_ (net)
                  0.16    0.00   20.66 v _1325_/B1 (sky130_fd_sc_hd__a31o_1)
                  0.04    0.22   20.88 v _1325_/X (sky130_fd_sc_hd__a31o_1)
     1    0.00                           _0705_ (net)
                  0.04    0.00   20.88 v _1326_/A (sky130_fd_sc_hd__clkbuf_4)
                  0.14    0.22   21.10 v _1326_/X (sky130_fd_sc_hd__clkbuf_4)
    10    0.07                           _0706_ (net)
                  0.14    0.01   21.11 v _1593_/B1 (sky130_fd_sc_hd__o22a_1)
                  0.04    0.20   21.32 v _1593_/X (sky130_fd_sc_hd__o22a_1)
     1    0.00                           _0044_ (net)
                  0.04    0.00   21.32 v hold191/A (sky130_fd_sc_hd__dlygate4sd3_1)
                  0.05    0.54   21.86 v hold191/X (sky130_fd_sc_hd__dlygate4sd3_1)
     1    0.00                           net197 (net)
                  0.05    0.00   21.86 v _2062_/D (sky130_fd_sc_hd__dfxtp_1)
                                 21.86   data arrival time

                        100.00  100.00   clock i_clk (rise edge)
                          0.00  100.00   clock source latency
                  0.00    0.00  100.00 ^ i_clk (in)
     1    0.03                           i_clk (net)
                  0.00    0.00  100.00 ^ clkbuf_0_i_clk/A (sky130_fd_sc_hd__clkbuf_16)
                  0.14    0.19  100.19 ^ clkbuf_0_i_clk/X (sky130_fd_sc_hd__clkbuf_16)
    16    0.13                           clknet_0_i_clk (net)
                  0.14    0.01  100.19 ^ clkbuf_4_3_0_i_clk/A (sky130_fd_sc_hd__clkbuf_8)
                  0.08    0.19  100.38 ^ clkbuf_4_3_0_i_clk/X (sky130_fd_sc_hd__clkbuf_8)
    11    0.04                           clknet_4_3_0_i_clk (net)
                  0.08    0.00  100.38 ^ _2062_/CLK (sky130_fd_sc_hd__dfxtp_1)
                         -0.50   99.88   clock uncertainty
                          0.00   99.88   clock reconvergence pessimism
                         -0.11   99.77   library setup time
                                 99.77   data required time
-----------------------------------------------------------------------------
                                 99.77   data required time
                                -21.86   data arrival time
-----------------------------------------------------------------------------
                                 77.92   slack (MET)


Startpoint: i_rst_n (input port clocked by i_clk)
Endpoint: _2068_ (rising edge-triggered flip-flop clocked by i_clk)
Path Group: i_clk
Path Type: max

Fanout     Cap    Slew   Delay    Time   Description
-----------------------------------------------------------------------------
                          0.00    0.00   clock i_clk (rise edge)
                          0.00    0.00   clock network delay (propagated)
                         20.00   20.00 ^ input external delay
                  0.00    0.00   20.00 ^ i_rst_n (in)
     1    0.00                           i_rst_n (net)
                  0.00    0.00   20.00 ^ input2/A (sky130_fd_sc_hd__dlymetal6s2s_1)
                  0.21    0.19   20.19 ^ input2/X (sky130_fd_sc_hd__dlymetal6s2s_1)
     5    0.02                           net2 (net)
                  0.21    0.00   20.19 ^ _1031_/B1_N (sky130_fd_sc_hd__a21boi_4)
                  0.20    0.28   20.47 ^ _1031_/Y (sky130_fd_sc_hd__a21boi_4)
     4    0.02                           _0434_ (net)
                  0.20    0.00   20.47 ^ _1034_/B1 (sky130_fd_sc_hd__o21a_4)
                  0.17    0.26   20.73 ^ _1034_/X (sky130_fd_sc_hd__o21a_4)
    10    0.05                           _0436_ (net)
                  0.17    0.00   20.73 ^ _1037_/B (sky130_fd_sc_hd__and2_1)
                  0.16    0.23   20.97 ^ _1037_/X (sky130_fd_sc_hd__and2_1)
     3    0.02                           _0439_ (net)
                  0.16    0.00   20.97 ^ _1047_/A2 (sky130_fd_sc_hd__o21ba_1)
                  0.04    0.13   21.10 ^ _1047_/X (sky130_fd_sc_hd__o21ba_1)
     1    0.00                           _0448_ (net)
                  0.04    0.00   21.10 ^ _1048_/A (sky130_fd_sc_hd__buf_2)
                  0.16    0.19   21.28 ^ _1048_/X (sky130_fd_sc_hd__buf_2)
     9    0.03                           _0051_ (net)
                  0.16    0.00   21.28 ^ _1058_/B (sky130_fd_sc_hd__nor2_1)
                  0.06    0.09   21.37 v _1058_/Y (sky130_fd_sc_hd__nor2_1)
     3    0.01                           _0456_ (net)
                  0.06    0.00   21.37 v _1060_/A (sky130_fd_sc_hd__or2b_1)
                  0.07    0.25   21.63 v _1060_/X (sky130_fd_sc_hd__or2b_1)
     3    0.01                           _0458_ (net)
                  0.07    0.00   21.63 v _1063_/A3 (sky130_fd_sc_hd__a31o_1)
                  0.04    0.22   21.85 v _1063_/X (sky130_fd_sc_hd__a31o_1)
     1    0.00                           _0001_ (net)
                  0.04    0.00   21.85 v _2068_/D (sky130_fd_sc_hd__dfxtp_1)
                                 21.85   data arrival time

                        100.00  100.00   clock i_clk (rise edge)
                          0.00  100.00   clock source latency
                  0.00    0.00  100.00 ^ i_clk (in)
     1    0.03                           i_clk (net)
                  0.00    0.00  100.00 ^ clkbuf_0_i_clk/A (sky130_fd_sc_hd__clkbuf_16)
                  0.14    0.19  100.19 ^ clkbuf_0_i_clk/X (sky130_fd_sc_hd__clkbuf_16)
    16    0.13                           clknet_0_i_clk (net)
                  0.14    0.00  100.19 ^ clkbuf_4_6_0_i_clk/A (sky130_fd_sc_hd__clkbuf_8)
                  0.07    0.18  100.38 ^ clkbuf_4_6_0_i_clk/X (sky130_fd_sc_hd__clkbuf_8)
    11    0.03                           clknet_4_6_0_i_clk (net)
                  0.07    0.00  100.38 ^ _2068_/CLK (sky130_fd_sc_hd__dfxtp_1)
                         -0.50   99.88   clock uncertainty
                          0.00   99.88   clock reconvergence pessimism
                         -0.10   99.78   library setup time
                                 99.78   data required time
-----------------------------------------------------------------------------
                                 99.78   data required time
                                -21.85   data arrival time
-----------------------------------------------------------------------------
                                 77.93   slack (MET)


Startpoint: i_rst_n (input port clocked by i_clk)
Endpoint: _2072_ (rising edge-triggered flip-flop clocked by i_clk)
Path Group: i_clk
Path Type: max

Fanout     Cap    Slew   Delay    Time   Description
-----------------------------------------------------------------------------
                          0.00    0.00   clock i_clk (rise edge)
                          0.00    0.00   clock network delay (propagated)
                         20.00   20.00 v input external delay
                  0.00    0.00   20.00 v i_rst_n (in)
     1    0.00                           i_rst_n (net)
                  0.00    0.00   20.00 v input2/A (sky130_fd_sc_hd__dlymetal6s2s_1)
                  0.10    0.18   20.18 v input2/X (sky130_fd_sc_hd__dlymetal6s2s_1)
     5    0.02                           net2 (net)
                  0.10    0.00   20.18 v _1031_/B1_N (sky130_fd_sc_hd__a21boi_4)
                  0.07    0.18   20.36 v _1031_/Y (sky130_fd_sc_hd__a21boi_4)
     4    0.02                           _0434_ (net)
                  0.07    0.00   20.36 v _1034_/B1 (sky130_fd_sc_hd__o21a_4)
                  0.09    0.18   20.54 v _1034_/X (sky130_fd_sc_hd__o21a_4)
    10    0.05                           _0436_ (net)
                  0.09    0.00   20.54 v _1037_/B (sky130_fd_sc_hd__and2_1)
                  0.08    0.22   20.76 v _1037_/X (sky130_fd_sc_hd__and2_1)
     3    0.01                           _0439_ (net)
                  0.08    0.00   20.76 v _1049_/C (sky130_fd_sc_hd__and3_1)
                  0.07    0.23   20.99 v _1049_/X (sky130_fd_sc_hd__and3_1)
     2    0.01                           _0449_ (net)
                  0.07    0.00   20.99 v _1050_/A2 (sky130_fd_sc_hd__a21oi_1)
                  0.23    0.24   21.23 ^ _1050_/Y (sky130_fd_sc_hd__a21oi_1)
     1    0.01                           _0450_ (net)
                  0.23    0.00   21.23 ^ _1051_/B1 (sky130_fd_sc_hd__o21ai_4)
                  0.11    0.15   21.38 v _1051_/Y (sky130_fd_sc_hd__o21ai_4)
    10    0.03                           _0451_ (net)
                  0.11    0.00   21.38 v _1075_/A (sky130_fd_sc_hd__and2_1)
                  0.03    0.16   21.54 v _1075_/X (sky130_fd_sc_hd__and2_1)
     1    0.00                           _0468_ (net)
                  0.03    0.00   21.54 v _1076_/A (sky130_fd_sc_hd__buf_1)
                  0.06    0.11   21.65 v _1076_/X (sky130_fd_sc_hd__buf_1)
     3    0.01                           _0048_ (net)
                  0.06    0.00   21.65 v _1077_/C1 (sky130_fd_sc_hd__a211o_1)
                  0.05    0.22   21.87 v _1077_/X (sky130_fd_sc_hd__a211o_1)
     1    0.00                           _0005_ (net)
                  0.05    0.00   21.87 v _2072_/D (sky130_fd_sc_hd__dfxtp_1)
                                 21.87   data arrival time

                        100.00  100.00   clock i_clk (rise edge)
                          0.00  100.00   clock source latency
                  0.00    0.00  100.00 ^ i_clk (in)
     1    0.03                           i_clk (net)
                  0.00    0.00  100.00 ^ clkbuf_0_i_clk/A (sky130_fd_sc_hd__clkbuf_16)
                  0.14    0.19  100.19 ^ clkbuf_0_i_clk/X (sky130_fd_sc_hd__clkbuf_16)
    16    0.13                           clknet_0_i_clk (net)
                  0.14    0.00  100.19 ^ clkbuf_4_7_0_i_clk/A (sky130_fd_sc_hd__clkbuf_8)
                  0.11    0.21  100.40 ^ clkbuf_4_7_0_i_clk/X (sky130_fd_sc_hd__clkbuf_8)
    16    0.06                           clknet_4_7_0_i_clk (net)
                  0.11    0.00  100.40 ^ _2072_/CLK (sky130_fd_sc_hd__dfxtp_1)
                         -0.50   99.90   clock uncertainty
                          0.00   99.90   clock reconvergence pessimism
                         -0.10   99.81   library setup time
                                 99.81   data required time
-----------------------------------------------------------------------------
                                 99.81   data required time
                                -21.87   data arrival time
-----------------------------------------------------------------------------
                                 77.93   slack (MET)


Startpoint: i_rst_n (input port clocked by i_clk)
Endpoint: _2176_ (rising edge-triggered flip-flop clocked by i_clk)
Path Group: i_clk
Path Type: max

Fanout     Cap    Slew   Delay    Time   Description
-----------------------------------------------------------------------------
                          0.00    0.00   clock i_clk (rise edge)
                          0.00    0.00   clock network delay (propagated)
                         20.00   20.00 ^ input external delay
                  0.00    0.00   20.00 ^ i_rst_n (in)
     1    0.00                           i_rst_n (net)
                  0.00    0.00   20.00 ^ input2/A (sky130_fd_sc_hd__dlymetal6s2s_1)
                  0.21    0.19   20.19 ^ input2/X (sky130_fd_sc_hd__dlymetal6s2s_1)
     5    0.02                           net2 (net)
                  0.21    0.00   20.19 ^ _1031_/B1_N (sky130_fd_sc_hd__a21boi_4)
                  0.20    0.28   20.47 ^ _1031_/Y (sky130_fd_sc_hd__a21boi_4)
     4    0.02                           _0434_ (net)
                  0.20    0.00   20.47 ^ _1034_/B1 (sky130_fd_sc_hd__o21a_4)
                  0.17    0.26   20.73 ^ _1034_/X (sky130_fd_sc_hd__o21a_4)
    10    0.05                           _0436_ (net)
                  0.17    0.00   20.73 ^ _1036_/A1 (sky130_fd_sc_hd__a21oi_1)
                  0.09    0.13   20.86 v _1036_/Y (sky130_fd_sc_hd__a21oi_1)
     1    0.01                           _0438_ (net)
                  0.09    0.00   20.86 v _1040_/A (sky130_fd_sc_hd__nor3_4)
                  0.32    0.35   21.21 ^ _1040_/Y (sky130_fd_sc_hd__nor3_4)
     8    0.03                           _0050_ (net)
                  0.32    0.00   21.21 ^ _1053_/A (sky130_fd_sc_hd__nand2_1)
                  0.12    0.14   21.35 v _1053_/Y (sky130_fd_sc_hd__nand2_1)
     3    0.01                           _0452_ (net)
                  0.12    0.00   21.35 v _1073_/B (sky130_fd_sc_hd__nor2_1)
                  0.16    0.17   21.52 ^ _1073_/Y (sky130_fd_sc_hd__nor2_1)
     3    0.01                           _0467_ (net)
                  0.16    0.00   21.52 ^ _1075_/B (sky130_fd_sc_hd__and2_1)
                  0.05    0.14   21.66 ^ _1075_/X (sky130_fd_sc_hd__and2_1)
     1    0.00                           _0468_ (net)
                  0.05    0.00   21.66 ^ _1076_/A (sky130_fd_sc_hd__buf_1)
                  0.13    0.14   21.80 ^ _1076_/X (sky130_fd_sc_hd__buf_1)
     3    0.01                           _0048_ (net)
                  0.13    0.00   21.80 ^ _2021_/B1 (sky130_fd_sc_hd__a31o_1)
                  0.04    0.11   21.91 ^ _2021_/X (sky130_fd_sc_hd__a31o_1)
     1    0.00                           _0152_ (net)
                  0.04    0.00   21.91 ^ _2176_/D (sky130_fd_sc_hd__dfxtp_1)
                                 21.91   data arrival time

                        100.00  100.00   clock i_clk (rise edge)
                          0.00  100.00   clock source latency
                  0.00    0.00  100.00 ^ i_clk (in)
     1    0.03                           i_clk (net)
                  0.00    0.00  100.00 ^ clkbuf_0_i_clk/A (sky130_fd_sc_hd__clkbuf_16)
                  0.14    0.19  100.19 ^ clkbuf_0_i_clk/X (sky130_fd_sc_hd__clkbuf_16)
    16    0.13                           clknet_0_i_clk (net)
                  0.14    0.00  100.19 ^ clkbuf_4_7_0_i_clk/A (sky130_fd_sc_hd__clkbuf_8)
                  0.11    0.21  100.40 ^ clkbuf_4_7_0_i_clk/X (sky130_fd_sc_hd__clkbuf_8)
    16    0.06                           clknet_4_7_0_i_clk (net)
                  0.11    0.00  100.40 ^ _2176_/CLK (sky130_fd_sc_hd__dfxtp_1)
                         -0.50   99.90   clock uncertainty
                          0.00   99.90   clock reconvergence pessimism
                         -0.05   99.86   library setup time
                                 99.86   data required time
-----------------------------------------------------------------------------
                                 99.86   data required time
                                -21.91   data arrival time
-----------------------------------------------------------------------------
                                 77.95   slack (MET)


Startpoint: i_rst_n (input port clocked by i_clk)
Endpoint: _2069_ (rising edge-triggered flip-flop clocked by i_clk)
Path Group: i_clk
Path Type: max

Fanout     Cap    Slew   Delay    Time   Description
-----------------------------------------------------------------------------
                          0.00    0.00   clock i_clk (rise edge)
                          0.00    0.00   clock network delay (propagated)
                         20.00   20.00 ^ input external delay
                  0.00    0.00   20.00 ^ i_rst_n (in)
     1    0.00                           i_rst_n (net)
                  0.00    0.00   20.00 ^ input2/A (sky130_fd_sc_hd__dlymetal6s2s_1)
                  0.21    0.19   20.19 ^ input2/X (sky130_fd_sc_hd__dlymetal6s2s_1)
     5    0.02                           net2 (net)
                  0.21    0.00   20.19 ^ _1031_/B1_N (sky130_fd_sc_hd__a21boi_4)
                  0.20    0.28   20.47 ^ _1031_/Y (sky130_fd_sc_hd__a21boi_4)
     4    0.02                           _0434_ (net)
                  0.20    0.00   20.47 ^ _1034_/B1 (sky130_fd_sc_hd__o21a_4)
                  0.17    0.26   20.73 ^ _1034_/X (sky130_fd_sc_hd__o21a_4)
    10    0.05                           _0436_ (net)
                  0.17    0.00   20.73 ^ _1037_/B (sky130_fd_sc_hd__and2_1)
                  0.16    0.23   20.97 ^ _1037_/X (sky130_fd_sc_hd__and2_1)
     3    0.02                           _0439_ (net)
                  0.16    0.00   20.97 ^ _1049_/C (sky130_fd_sc_hd__and3_1)
                  0.13    0.24   21.21 ^ _1049_/X (sky130_fd_sc_hd__and3_1)
     2    0.01                           _0449_ (net)
                  0.13    0.00   21.21 ^ _1050_/A2 (sky130_fd_sc_hd__a21oi_1)
                  0.09    0.12   21.33 v _1050_/Y (sky130_fd_sc_hd__a21oi_1)
     1    0.01                           _0450_ (net)
                  0.09    0.00   21.33 v _1051_/B1 (sky130_fd_sc_hd__o21ai_4)
                  0.29    0.14   21.47 ^ _1051_/Y (sky130_fd_sc_hd__o21ai_4)
    10    0.04                           _0451_ (net)
                  0.29    0.00   21.47 ^ _1052_/A (sky130_fd_sc_hd__inv_2)
                  0.11    0.13   21.60 v _1052_/Y (sky130_fd_sc_hd__inv_2)
     8    0.03                           _0053_ (net)
                  0.11    0.00   21.60 v _1054_/A (sky130_fd_sc_hd__nand2_1)
                  0.11    0.13   21.73 ^ _1054_/Y (sky130_fd_sc_hd__nand2_1)
     2    0.01                           _0453_ (net)
                  0.11    0.00   21.73 ^ _1065_/B1 (sky130_fd_sc_hd__o211a_1)
                  0.04    0.15   21.88 ^ _1065_/X (sky130_fd_sc_hd__o211a_1)
     1    0.00                           _0002_ (net)
                  0.04    0.00   21.88 ^ _2069_/D (sky130_fd_sc_hd__dfxtp_1)
                                 21.88   data arrival time

                        100.00  100.00   clock i_clk (rise edge)
                          0.00  100.00   clock source latency
                  0.00    0.00  100.00 ^ i_clk (in)
     1    0.03                           i_clk (net)
                  0.00    0.00  100.00 ^ clkbuf_0_i_clk/A (sky130_fd_sc_hd__clkbuf_16)
                  0.14    0.19  100.19 ^ clkbuf_0_i_clk/X (sky130_fd_sc_hd__clkbuf_16)
    16    0.13                           clknet_0_i_clk (net)
                  0.14    0.00  100.19 ^ clkbuf_4_6_0_i_clk/A (sky130_fd_sc_hd__clkbuf_8)
                  0.07    0.18  100.38 ^ clkbuf_4_6_0_i_clk/X (sky130_fd_sc_hd__clkbuf_8)
    11    0.03                           clknet_4_6_0_i_clk (net)
                  0.07    0.00  100.38 ^ _2069_/CLK (sky130_fd_sc_hd__dfxtp_1)
                         -0.50   99.88   clock uncertainty
                          0.00   99.88   clock reconvergence pessimism
                         -0.05   99.83   library setup time
                                 99.83   data required time
-----------------------------------------------------------------------------
                                 99.83   data required time
                                -21.88   data arrival time
-----------------------------------------------------------------------------
                                 77.95   slack (MET)


Startpoint: i_rst_n (input port clocked by i_clk)
Endpoint: _2118_ (rising edge-triggered flip-flop clocked by i_clk)
Path Group: i_clk
Path Type: max

Fanout     Cap    Slew   Delay    Time   Description
-----------------------------------------------------------------------------
                          0.00    0.00   clock i_clk (rise edge)
                          0.00    0.00   clock network delay (propagated)
                         20.00   20.00 ^ input external delay
                  0.00    0.00   20.00 ^ i_rst_n (in)
     1    0.00                           i_rst_n (net)
                  0.00    0.00   20.00 ^ input2/A (sky130_fd_sc_hd__dlymetal6s2s_1)
                  0.21    0.19   20.19 ^ input2/X (sky130_fd_sc_hd__dlymetal6s2s_1)
     5    0.02                           net2 (net)
                  0.21    0.00   20.19 ^ _1031_/B1_N (sky130_fd_sc_hd__a21boi_4)
                  0.20    0.28   20.47 ^ _1031_/Y (sky130_fd_sc_hd__a21boi_4)
     4    0.02                           _0434_ (net)
                  0.20    0.00   20.47 ^ _1034_/B1 (sky130_fd_sc_hd__o21a_4)
                  0.17    0.26   20.73 ^ _1034_/X (sky130_fd_sc_hd__o21a_4)
    10    0.05                           _0436_ (net)
                  0.17    0.00   20.73 ^ _1342_/A (sky130_fd_sc_hd__clkbuf_4)
                  0.20    0.29   21.02 ^ _1342_/X (sky130_fd_sc_hd__clkbuf_4)
    10    0.07                           _0721_ (net)
                  0.20    0.00   21.02 ^ _1720_/B1 (sky130_fd_sc_hd__o211a_1)
                  0.04    0.18   21.20 ^ _1720_/X (sky130_fd_sc_hd__o211a_1)
     1    0.00                           _0171_ (net)
                  0.04    0.00   21.20 ^ _1721_/B1 (sky130_fd_sc_hd__a21o_1)
                  0.05    0.08   21.28 ^ _1721_/X (sky130_fd_sc_hd__a21o_1)
     1    0.00                           _0094_ (net)
                  0.05    0.00   21.28 ^ hold48/A (sky130_fd_sc_hd__dlygate4sd3_1)
                  0.06    0.54   21.82 ^ hold48/X (sky130_fd_sc_hd__dlygate4sd3_1)
     1    0.00                           net54 (net)
                  0.06    0.00   21.82 ^ _2118_/D (sky130_fd_sc_hd__dfxtp_1)
                                 21.82   data arrival time

                        100.00  100.00   clock i_clk (rise edge)
                          0.00  100.00   clock source latency
                  0.00    0.00  100.00 ^ i_clk (in)
     1    0.03                           i_clk (net)
                  0.00    0.00  100.00 ^ clkbuf_0_i_clk/A (sky130_fd_sc_hd__clkbuf_16)
                  0.14    0.19  100.19 ^ clkbuf_0_i_clk/X (sky130_fd_sc_hd__clkbuf_16)
    16    0.13                           clknet_0_i_clk (net)
                  0.14    0.00  100.19 ^ clkbuf_4_6_0_i_clk/A (sky130_fd_sc_hd__clkbuf_8)
                  0.07    0.18  100.38 ^ clkbuf_4_6_0_i_clk/X (sky130_fd_sc_hd__clkbuf_8)
    11    0.03                           clknet_4_6_0_i_clk (net)
                  0.07    0.00  100.38 ^ _2118_/CLK (sky130_fd_sc_hd__dfxtp_1)
                         -0.50   99.88   clock uncertainty
                          0.00   99.88   clock reconvergence pessimism
                         -0.05   99.83   library setup time
                                 99.83   data required time
-----------------------------------------------------------------------------
                                 99.83   data required time
                                -21.82   data arrival time
-----------------------------------------------------------------------------
                                 78.00   slack (MET)


Startpoint: i_rst_n (input port clocked by i_clk)
Endpoint: _2174_ (rising edge-triggered flip-flop clocked by i_clk)
Path Group: i_clk
Path Type: max

Fanout     Cap    Slew   Delay    Time   Description
-----------------------------------------------------------------------------
                          0.00    0.00   clock i_clk (rise edge)
                          0.00    0.00   clock network delay (propagated)
                         20.00   20.00 ^ input external delay
                  0.00    0.00   20.00 ^ i_rst_n (in)
     1    0.00                           i_rst_n (net)
                  0.00    0.00   20.00 ^ input2/A (sky130_fd_sc_hd__dlymetal6s2s_1)
                  0.21    0.19   20.19 ^ input2/X (sky130_fd_sc_hd__dlymetal6s2s_1)
     5    0.02                           net2 (net)
                  0.21    0.00   20.19 ^ _1031_/B1_N (sky130_fd_sc_hd__a21boi_4)
                  0.20    0.28   20.47 ^ _1031_/Y (sky130_fd_sc_hd__a21boi_4)
     4    0.02                           _0434_ (net)
                  0.20    0.00   20.47 ^ _1034_/B1 (sky130_fd_sc_hd__o21a_4)
                  0.17    0.26   20.73 ^ _1034_/X (sky130_fd_sc_hd__o21a_4)
    10    0.05                           _0436_ (net)
                  0.17    0.00   20.73 ^ _1036_/A1 (sky130_fd_sc_hd__a21oi_1)
                  0.09    0.13   20.86 v _1036_/Y (sky130_fd_sc_hd__a21oi_1)
     1    0.01                           _0438_ (net)
                  0.09    0.00   20.86 v _1040_/A (sky130_fd_sc_hd__nor3_4)
                  0.32    0.35   21.21 ^ _1040_/Y (sky130_fd_sc_hd__nor3_4)
     8    0.03                           _0050_ (net)
                  0.32    0.00   21.21 ^ _1057_/A (sky130_fd_sc_hd__inv_2)
                  0.08    0.09   21.30 v _1057_/Y (sky130_fd_sc_hd__inv_2)
     4    0.01                           _0455_ (net)
                  0.08    0.00   21.30 v _1061_/A (sky130_fd_sc_hd__and2_1)
                  0.08    0.19   21.49 v _1061_/X (sky130_fd_sc_hd__and2_1)
     4    0.01                           _0459_ (net)
                  0.08    0.00   21.49 v _2018_/A2 (sky130_fd_sc_hd__o31a_1)
                  0.05    0.29   21.78 v _2018_/X (sky130_fd_sc_hd__o31a_1)
     1    0.00                           _0150_ (net)
                  0.05    0.00   21.78 v _2174_/D (sky130_fd_sc_hd__dfxtp_1)
                                 21.78   data arrival time

                        100.00  100.00   clock i_clk (rise edge)
                          0.00  100.00   clock source latency
                  0.00    0.00  100.00 ^ i_clk (in)
     1    0.03                           i_clk (net)
                  0.00    0.00  100.00 ^ clkbuf_0_i_clk/A (sky130_fd_sc_hd__clkbuf_16)
                  0.14    0.19  100.19 ^ clkbuf_0_i_clk/X (sky130_fd_sc_hd__clkbuf_16)
    16    0.13                           clknet_0_i_clk (net)
                  0.14    0.00  100.19 ^ clkbuf_4_7_0_i_clk/A (sky130_fd_sc_hd__clkbuf_8)
                  0.11    0.21  100.40 ^ clkbuf_4_7_0_i_clk/X (sky130_fd_sc_hd__clkbuf_8)
    16    0.06                           clknet_4_7_0_i_clk (net)
                  0.11    0.00  100.40 ^ _2174_/CLK (sky130_fd_sc_hd__dfxtp_1)
                         -0.50   99.90   clock uncertainty
                          0.00   99.90   clock reconvergence pessimism
                         -0.10   99.80   library setup time
                                 99.80   data required time
-----------------------------------------------------------------------------
                                 99.80   data required time
                                -21.78   data arrival time
-----------------------------------------------------------------------------
                                 78.03   slack (MET)


Startpoint: i_rst_n (input port clocked by i_clk)
Endpoint: _2066_ (rising edge-triggered flip-flop clocked by i_clk)
Path Group: i_clk
Path Type: max

Fanout     Cap    Slew   Delay    Time   Description
-----------------------------------------------------------------------------
                          0.00    0.00   clock i_clk (rise edge)
                          0.00    0.00   clock network delay (propagated)
                         20.00   20.00 ^ input external delay
                  0.00    0.00   20.00 ^ i_rst_n (in)
     1    0.00                           i_rst_n (net)
                  0.00    0.00   20.00 ^ input2/A (sky130_fd_sc_hd__dlymetal6s2s_1)
                  0.21    0.19   20.19 ^ input2/X (sky130_fd_sc_hd__dlymetal6s2s_1)
     5    0.02                           net2 (net)
                  0.21    0.00   20.19 ^ _1031_/B1_N (sky130_fd_sc_hd__a21boi_4)
                  0.20    0.28   20.47 ^ _1031_/Y (sky130_fd_sc_hd__a21boi_4)
     4    0.02                           _0434_ (net)
                  0.20    0.00   20.47 ^ _1034_/B1 (sky130_fd_sc_hd__o21a_4)
                  0.17    0.26   20.73 ^ _1034_/X (sky130_fd_sc_hd__o21a_4)
    10    0.05                           _0436_ (net)
                  0.17    0.00   20.73 ^ _1036_/A1 (sky130_fd_sc_hd__a21oi_1)
                  0.09    0.13   20.86 v _1036_/Y (sky130_fd_sc_hd__a21oi_1)
     1    0.01                           _0438_ (net)
                  0.09    0.00   20.86 v _1040_/A (sky130_fd_sc_hd__nor3_4)
                  0.32    0.35   21.21 ^ _1040_/Y (sky130_fd_sc_hd__nor3_4)
     8    0.03                           _0050_ (net)
                  0.32    0.00   21.21 ^ _1053_/A (sky130_fd_sc_hd__nand2_1)
                  0.12    0.14   21.35 v _1053_/Y (sky130_fd_sc_hd__nand2_1)
     3    0.01                           _0452_ (net)
                  0.12    0.00   21.35 v _1073_/B (sky130_fd_sc_hd__nor2_1)
                  0.16    0.17   21.52 ^ _1073_/Y (sky130_fd_sc_hd__nor2_1)
     3    0.01                           _0467_ (net)
                  0.16    0.00   21.52 ^ _1075_/B (sky130_fd_sc_hd__and2_1)
                  0.05    0.14   21.66 ^ _1075_/X (sky130_fd_sc_hd__and2_1)
     1    0.00                           _0468_ (net)
                  0.05    0.00   21.66 ^ _1076_/A (sky130_fd_sc_hd__buf_1)
                  0.13    0.14   21.80 ^ _1076_/X (sky130_fd_sc_hd__buf_1)
     3    0.01                           _0048_ (net)
                  0.13    0.00   21.80 ^ _2066_/D (sky130_fd_sc_hd__dfxtp_1)
                                 21.80   data arrival time

                        100.00  100.00   clock i_clk (rise edge)
                          0.00  100.00   clock source latency
                  0.00    0.00  100.00 ^ i_clk (in)
     1    0.03                           i_clk (net)
                  0.00    0.00  100.00 ^ clkbuf_0_i_clk/A (sky130_fd_sc_hd__clkbuf_16)
                  0.14    0.19  100.19 ^ clkbuf_0_i_clk/X (sky130_fd_sc_hd__clkbuf_16)
    16    0.13                           clknet_0_i_clk (net)
                  0.14    0.00  100.19 ^ clkbuf_4_7_0_i_clk/A (sky130_fd_sc_hd__clkbuf_8)
                  0.11    0.21  100.40 ^ clkbuf_4_7_0_i_clk/X (sky130_fd_sc_hd__clkbuf_8)
    16    0.06                           clknet_4_7_0_i_clk (net)
                  0.11    0.00  100.40 ^ _2066_/CLK (sky130_fd_sc_hd__dfxtp_1)
                         -0.50   99.90   clock uncertainty
                          0.00   99.90   clock reconvergence pessimism
                         -0.06   99.84   library setup time
                                 99.84   data required time
-----------------------------------------------------------------------------
                                 99.84   data required time
                                -21.80   data arrival time
-----------------------------------------------------------------------------
                                 78.04   slack (MET)


Startpoint: i_rst_n (input port clocked by i_clk)
Endpoint: _2026_ (rising edge-triggered flip-flop clocked by i_clk)
Path Group: i_clk
Path Type: max

Fanout     Cap    Slew   Delay    Time   Description
-----------------------------------------------------------------------------
                          0.00    0.00   clock i_clk (rise edge)
                          0.00    0.00   clock network delay (propagated)
                         20.00   20.00 ^ input external delay
                  0.00    0.00   20.00 ^ i_rst_n (in)
     1    0.00                           i_rst_n (net)
                  0.00    0.00   20.00 ^ input2/A (sky130_fd_sc_hd__dlymetal6s2s_1)
                  0.21    0.19   20.19 ^ input2/X (sky130_fd_sc_hd__dlymetal6s2s_1)
     5    0.02                           net2 (net)
                  0.21    0.00   20.19 ^ _1031_/B1_N (sky130_fd_sc_hd__a21boi_4)
                  0.20    0.28   20.47 ^ _1031_/Y (sky130_fd_sc_hd__a21boi_4)
     4    0.02                           _0434_ (net)
                  0.20    0.00   20.47 ^ _1038_/B1 (sky130_fd_sc_hd__o21ai_4)
                  0.16    0.18   20.66 v _1038_/Y (sky130_fd_sc_hd__o21ai_4)
     9    0.06                           _0440_ (net)
                  0.16    0.00   20.66 v _1083_/A (sky130_fd_sc_hd__buf_4)
                  0.10    0.25   20.91 v _1083_/X (sky130_fd_sc_hd__buf_4)
    10    0.07                           _0473_ (net)
                  0.10    0.01   20.92 v _1169_/A2 (sky130_fd_sc_hd__a22o_1)
                  0.04    0.24   21.16 v _1169_/X (sky130_fd_sc_hd__a22o_1)
     1    0.00                           _0011_ (net)
                  0.04    0.00   21.16 v hold198/A (sky130_fd_sc_hd__dlygate4sd3_1)
                  0.06    0.55   21.71 v hold198/X (sky130_fd_sc_hd__dlygate4sd3_1)
     1    0.00                           net204 (net)
                  0.06    0.00   21.71 v _2026_/D (sky130_fd_sc_hd__dfxtp_1)
                                 21.71   data arrival time

                        100.00  100.00   clock i_clk (rise edge)
                          0.00  100.00   clock source latency
                  0.00    0.00  100.00 ^ i_clk (in)
     1    0.03                           i_clk (net)
                  0.00    0.00  100.00 ^ clkbuf_0_i_clk/A (sky130_fd_sc_hd__clkbuf_16)
                  0.14    0.19  100.19 ^ clkbuf_0_i_clk/X (sky130_fd_sc_hd__clkbuf_16)
    16    0.13                           clknet_0_i_clk (net)
                  0.14    0.00  100.19 ^ clkbuf_4_10_0_i_clk/A (sky130_fd_sc_hd__clkbuf_8)
                  0.06    0.17  100.36 ^ clkbuf_4_10_0_i_clk/X (sky130_fd_sc_hd__clkbuf_8)
     7    0.02                           clknet_4_10_0_i_clk (net)
                  0.06    0.00  100.37 ^ _2026_/CLK (sky130_fd_sc_hd__dfxtp_1)
                         -0.50   99.87   clock uncertainty
                          0.00   99.87   clock reconvergence pessimism
                         -0.11   99.75   library setup time
                                 99.75   data required time
-----------------------------------------------------------------------------
                                 99.75   data required time
                                -21.71   data arrival time
-----------------------------------------------------------------------------
                                 78.04   slack (MET)


Startpoint: i_rst_n (input port clocked by i_clk)
Endpoint: _2133_ (rising edge-triggered flip-flop clocked by i_clk)
Path Group: i_clk
Path Type: max

Fanout     Cap    Slew   Delay    Time   Description
-----------------------------------------------------------------------------
                          0.00    0.00   clock i_clk (rise edge)
                          0.00    0.00   clock network delay (propagated)
                         20.00   20.00 ^ input external delay
                  0.00    0.00   20.00 ^ i_rst_n (in)
     1    0.00                           i_rst_n (net)
                  0.00    0.00   20.00 ^ input2/A (sky130_fd_sc_hd__dlymetal6s2s_1)
                  0.21    0.19   20.19 ^ input2/X (sky130_fd_sc_hd__dlymetal6s2s_1)
     5    0.02                           net2 (net)
                  0.21    0.00   20.19 ^ _1031_/B1_N (sky130_fd_sc_hd__a21boi_4)
                  0.20    0.28   20.47 ^ _1031_/Y (sky130_fd_sc_hd__a21boi_4)
     4    0.02                           _0434_ (net)
                  0.20    0.00   20.47 ^ _1034_/B1 (sky130_fd_sc_hd__o21a_4)
                  0.17    0.26   20.73 ^ _1034_/X (sky130_fd_sc_hd__o21a_4)
    10    0.05                           _0436_ (net)
                  0.17    0.01   20.74 ^ _1887_/S (sky130_fd_sc_hd__mux2_1)
                  0.06    0.34   21.08 v _1887_/X (sky130_fd_sc_hd__mux2_1)
     1    0.00                           _0323_ (net)
                  0.06    0.00   21.08 v hold146/A (sky130_fd_sc_hd__dlygate4sd3_1)
                  0.05    0.55   21.63 v hold146/X (sky130_fd_sc_hd__dlygate4sd3_1)
     1    0.00                           net152 (net)
                  0.05    0.00   21.63 v _1888_/A (sky130_fd_sc_hd__clkbuf_1)
                  0.03    0.09   21.72 v _1888_/X (sky130_fd_sc_hd__clkbuf_1)
     1    0.00                           _0109_ (net)
                  0.03    0.00   21.72 v _2133_/D (sky130_fd_sc_hd__dfxtp_1)
                                 21.72   data arrival time

                        100.00  100.00   clock i_clk (rise edge)
                          0.00  100.00   clock source latency
                  0.00    0.00  100.00 ^ i_clk (in)
     1    0.03                           i_clk (net)
                  0.00    0.00  100.00 ^ clkbuf_0_i_clk/A (sky130_fd_sc_hd__clkbuf_16)
                  0.14    0.19  100.19 ^ clkbuf_0_i_clk/X (sky130_fd_sc_hd__clkbuf_16)
    16    0.13                           clknet_0_i_clk (net)
                  0.14    0.00  100.19 ^ clkbuf_4_12_0_i_clk/A (sky130_fd_sc_hd__clkbuf_8)
                  0.06    0.17  100.37 ^ clkbuf_4_12_0_i_clk/X (sky130_fd_sc_hd__clkbuf_8)
     6    0.03                           clknet_4_12_0_i_clk (net)
                  0.06    0.00  100.37 ^ _2133_/CLK (sky130_fd_sc_hd__dfxtp_1)
                         -0.50   99.87   clock uncertainty
                          0.00   99.87   clock reconvergence pessimism
                         -0.10   99.77   library setup time
                                 99.77   data required time
-----------------------------------------------------------------------------
                                 99.77   data required time
                                -21.72   data arrival time
-----------------------------------------------------------------------------
                                 78.05   slack (MET)


Startpoint: i_rst_n (input port clocked by i_clk)
Endpoint: _2173_ (rising edge-triggered flip-flop clocked by i_clk)
Path Group: i_clk
Path Type: max

Fanout     Cap    Slew   Delay    Time   Description
-----------------------------------------------------------------------------
                          0.00    0.00   clock i_clk (rise edge)
                          0.00    0.00   clock network delay (propagated)
                         20.00   20.00 ^ input external delay
                  0.00    0.00   20.00 ^ i_rst_n (in)
     1    0.00                           i_rst_n (net)
                  0.00    0.00   20.00 ^ input2/A (sky130_fd_sc_hd__dlymetal6s2s_1)
                  0.21    0.19   20.19 ^ input2/X (sky130_fd_sc_hd__dlymetal6s2s_1)
     5    0.02                           net2 (net)
                  0.21    0.00   20.19 ^ _1031_/B1_N (sky130_fd_sc_hd__a21boi_4)
                  0.20    0.28   20.47 ^ _1031_/Y (sky130_fd_sc_hd__a21boi_4)
     4    0.02                           _0434_ (net)
                  0.20    0.00   20.47 ^ _1034_/B1 (sky130_fd_sc_hd__o21a_4)
                  0.17    0.26   20.73 ^ _1034_/X (sky130_fd_sc_hd__o21a_4)
    10    0.05                           _0436_ (net)
                  0.17    0.00   20.73 ^ _1037_/B (sky130_fd_sc_hd__and2_1)
                  0.16    0.23   20.97 ^ _1037_/X (sky130_fd_sc_hd__and2_1)
     3    0.02                           _0439_ (net)
                  0.16    0.00   20.97 ^ _1047_/A2 (sky130_fd_sc_hd__o21ba_1)
                  0.04    0.13   21.10 ^ _1047_/X (sky130_fd_sc_hd__o21ba_1)
     1    0.00                           _0448_ (net)
                  0.04    0.00   21.10 ^ _1048_/A (sky130_fd_sc_hd__buf_2)
                  0.16    0.19   21.28 ^ _1048_/X (sky130_fd_sc_hd__buf_2)
     9    0.03                           _0051_ (net)
                  0.16    0.00   21.28 ^ _1061_/B (sky130_fd_sc_hd__and2_1)
                  0.15    0.22   21.50 ^ _1061_/X (sky130_fd_sc_hd__and2_1)
     4    0.01                           _0459_ (net)
                  0.15    0.00   21.50 ^ _1601_/B (sky130_fd_sc_hd__nand2_1)
                  0.08    0.11   21.61 v _1601_/Y (sky130_fd_sc_hd__nand2_1)
     2    0.01                           _0953_ (net)
                  0.08    0.00   21.61 v _2017_/A1 (sky130_fd_sc_hd__a21oi_1)
                  0.11    0.14   21.75 ^ _2017_/Y (sky130_fd_sc_hd__a21oi_1)
     1    0.00                           _0149_ (net)
                  0.11    0.00   21.75 ^ _2173_/D (sky130_fd_sc_hd__dfxtp_1)
                                 21.75   data arrival time

                        100.00  100.00   clock i_clk (rise edge)
                          0.00  100.00   clock source latency
                  0.00    0.00  100.00 ^ i_clk (in)
     1    0.03                           i_clk (net)
                  0.00    0.00  100.00 ^ clkbuf_0_i_clk/A (sky130_fd_sc_hd__clkbuf_16)
                  0.14    0.19  100.19 ^ clkbuf_0_i_clk/X (sky130_fd_sc_hd__clkbuf_16)
    16    0.13                           clknet_0_i_clk (net)
                  0.14    0.00  100.19 ^ clkbuf_4_5_0_i_clk/A (sky130_fd_sc_hd__clkbuf_8)
                  0.08    0.19  100.38 ^ clkbuf_4_5_0_i_clk/X (sky130_fd_sc_hd__clkbuf_8)
    11    0.04                           clknet_4_5_0_i_clk (net)
                  0.08    0.00  100.38 ^ _2173_/CLK (sky130_fd_sc_hd__dfxtp_1)
                         -0.50   99.88   clock uncertainty
                          0.00   99.88   clock reconvergence pessimism
                         -0.06   99.82   library setup time
                                 99.82   data required time
-----------------------------------------------------------------------------
                                 99.82   data required time
                                -21.75   data arrival time
-----------------------------------------------------------------------------
                                 78.07   slack (MET)


Startpoint: i_rst_n (input port clocked by i_clk)
Endpoint: _2025_ (rising edge-triggered flip-flop clocked by i_clk)
Path Group: i_clk
Path Type: max

Fanout     Cap    Slew   Delay    Time   Description
-----------------------------------------------------------------------------
                          0.00    0.00   clock i_clk (rise edge)
                          0.00    0.00   clock network delay (propagated)
                         20.00   20.00 ^ input external delay
                  0.00    0.00   20.00 ^ i_rst_n (in)
     1    0.00                           i_rst_n (net)
                  0.00    0.00   20.00 ^ input2/A (sky130_fd_sc_hd__dlymetal6s2s_1)
                  0.21    0.19   20.19 ^ input2/X (sky130_fd_sc_hd__dlymetal6s2s_1)
     5    0.02                           net2 (net)
                  0.21    0.00   20.19 ^ _1031_/B1_N (sky130_fd_sc_hd__a21boi_4)
                  0.20    0.28   20.47 ^ _1031_/Y (sky130_fd_sc_hd__a21boi_4)
     4    0.02                           _0434_ (net)
                  0.20    0.00   20.47 ^ _1038_/B1 (sky130_fd_sc_hd__o21ai_4)
                  0.16    0.18   20.66 v _1038_/Y (sky130_fd_sc_hd__o21ai_4)
     9    0.06                           _0440_ (net)
                  0.16    0.00   20.66 v _1083_/A (sky130_fd_sc_hd__buf_4)
                  0.10    0.25   20.91 v _1083_/X (sky130_fd_sc_hd__buf_4)
    10    0.07                           _0473_ (net)
                  0.10    0.01   20.92 v _1127_/B1 (sky130_fd_sc_hd__a32o_1)
                  0.04    0.21   21.13 v _1127_/X (sky130_fd_sc_hd__a32o_1)
     1    0.00                           _0010_ (net)
                  0.04    0.00   21.13 v hold100/A (sky130_fd_sc_hd__dlygate4sd3_1)
                  0.05    0.55   21.68 v hold100/X (sky130_fd_sc_hd__dlygate4sd3_1)
     1    0.00                           net106 (net)
                  0.05    0.00   21.68 v _2025_/D (sky130_fd_sc_hd__dfxtp_1)
                                 21.68   data arrival time

                        100.00  100.00   clock i_clk (rise edge)
                          0.00  100.00   clock source latency
                  0.00    0.00  100.00 ^ i_clk (in)
     1    0.03                           i_clk (net)
                  0.00    0.00  100.00 ^ clkbuf_0_i_clk/A (sky130_fd_sc_hd__clkbuf_16)
                  0.14    0.19  100.19 ^ clkbuf_0_i_clk/X (sky130_fd_sc_hd__clkbuf_16)
    16    0.13                           clknet_0_i_clk (net)
                  0.14    0.00  100.19 ^ clkbuf_4_11_0_i_clk/A (sky130_fd_sc_hd__clkbuf_8)
                  0.07    0.18  100.37 ^ clkbuf_4_11_0_i_clk/X (sky130_fd_sc_hd__clkbuf_8)
    10    0.03                           clknet_4_11_0_i_clk (net)
                  0.07    0.00  100.37 ^ _2025_/CLK (sky130_fd_sc_hd__dfxtp_1)
                         -0.50   99.87   clock uncertainty
                          0.00   99.87   clock reconvergence pessimism
                         -0.11   99.77   library setup time
                                 99.77   data required time
-----------------------------------------------------------------------------
                                 99.77   data required time
                                -21.68   data arrival time
-----------------------------------------------------------------------------
                                 78.09   slack (MET)


Startpoint: i_rst_n (input port clocked by i_clk)
Endpoint: _2027_ (rising edge-triggered flip-flop clocked by i_clk)
Path Group: i_clk
Path Type: max

Fanout     Cap    Slew   Delay    Time   Description
-----------------------------------------------------------------------------
                          0.00    0.00   clock i_clk (rise edge)
                          0.00    0.00   clock network delay (propagated)
                         20.00   20.00 ^ input external delay
                  0.00    0.00   20.00 ^ i_rst_n (in)
     1    0.00                           i_rst_n (net)
                  0.00    0.00   20.00 ^ input2/A (sky130_fd_sc_hd__dlymetal6s2s_1)
                  0.21    0.19   20.19 ^ input2/X (sky130_fd_sc_hd__dlymetal6s2s_1)
     5    0.02                           net2 (net)
                  0.21    0.00   20.19 ^ _1031_/B1_N (sky130_fd_sc_hd__a21boi_4)
                  0.20    0.28   20.47 ^ _1031_/Y (sky130_fd_sc_hd__a21boi_4)
     4    0.02                           _0434_ (net)
                  0.20    0.00   20.47 ^ _1038_/B1 (sky130_fd_sc_hd__o21ai_4)
                  0.16    0.18   20.66 v _1038_/Y (sky130_fd_sc_hd__o21ai_4)
     9    0.06                           _0440_ (net)
                  0.16    0.00   20.66 v _1083_/A (sky130_fd_sc_hd__buf_4)
                  0.10    0.25   20.91 v _1083_/X (sky130_fd_sc_hd__buf_4)
    10    0.07                           _0473_ (net)
                  0.10    0.00   20.92 v _1206_/B1 (sky130_fd_sc_hd__a32o_1)
                  0.04    0.21   21.13 v _1206_/X (sky130_fd_sc_hd__a32o_1)
     1    0.00                           _0012_ (net)
                  0.04    0.00   21.13 v hold172/A (sky130_fd_sc_hd__dlygate4sd3_1)
                  0.05    0.54   21.67 v hold172/X (sky130_fd_sc_hd__dlygate4sd3_1)
     1    0.00                           net178 (net)
                  0.05    0.00   21.67 v _2027_/D (sky130_fd_sc_hd__dfxtp_1)
                                 21.67   data arrival time

                        100.00  100.00   clock i_clk (rise edge)
                          0.00  100.00   clock source latency
                  0.00    0.00  100.00 ^ i_clk (in)
     1    0.03                           i_clk (net)
                  0.00    0.00  100.00 ^ clkbuf_0_i_clk/A (sky130_fd_sc_hd__clkbuf_16)
                  0.14    0.19  100.19 ^ clkbuf_0_i_clk/X (sky130_fd_sc_hd__clkbuf_16)
    16    0.13                           clknet_0_i_clk (net)
                  0.14    0.01  100.19 ^ clkbuf_4_3_0_i_clk/A (sky130_fd_sc_hd__clkbuf_8)
                  0.08    0.19  100.38 ^ clkbuf_4_3_0_i_clk/X (sky130_fd_sc_hd__clkbuf_8)
    11    0.04                           clknet_4_3_0_i_clk (net)
                  0.08    0.00  100.38 ^ _2027_/CLK (sky130_fd_sc_hd__dfxtp_1)
                         -0.50   99.88   clock uncertainty
                          0.00   99.88   clock reconvergence pessimism
                         -0.11   99.77   library setup time
                                 99.77   data required time
-----------------------------------------------------------------------------
                                 99.77   data required time
                                -21.67   data arrival time
-----------------------------------------------------------------------------
                                 78.11   slack (MET)


Startpoint: i_rst_n (input port clocked by i_clk)
Endpoint: _2033_ (rising edge-triggered flip-flop clocked by i_clk)
Path Group: i_clk
Path Type: max

Fanout     Cap    Slew   Delay    Time   Description
-----------------------------------------------------------------------------
                          0.00    0.00   clock i_clk (rise edge)
                          0.00    0.00   clock network delay (propagated)
                         20.00   20.00 ^ input external delay
                  0.00    0.00   20.00 ^ i_rst_n (in)
     1    0.00                           i_rst_n (net)
                  0.00    0.00   20.00 ^ input2/A (sky130_fd_sc_hd__dlymetal6s2s_1)
                  0.21    0.19   20.19 ^ input2/X (sky130_fd_sc_hd__dlymetal6s2s_1)
     5    0.02                           net2 (net)
                  0.21    0.00   20.19 ^ _1031_/B1_N (sky130_fd_sc_hd__a21boi_4)
                  0.20    0.28   20.47 ^ _1031_/Y (sky130_fd_sc_hd__a21boi_4)
     4    0.02                           _0434_ (net)
                  0.20    0.00   20.47 ^ _1034_/B1 (sky130_fd_sc_hd__o21a_4)
                  0.17    0.26   20.73 ^ _1034_/X (sky130_fd_sc_hd__o21a_4)
    10    0.05                           _0436_ (net)
                  0.17    0.00   20.73 ^ _1037_/B (sky130_fd_sc_hd__and2_1)
                  0.16    0.23   20.97 ^ _1037_/X (sky130_fd_sc_hd__and2_1)
     3    0.02                           _0439_ (net)
                  0.16    0.00   20.97 ^ _1049_/C (sky130_fd_sc_hd__and3_1)
                  0.13    0.24   21.21 ^ _1049_/X (sky130_fd_sc_hd__and3_1)
     2    0.01                           _0449_ (net)
                  0.13    0.00   21.21 ^ _1050_/A2 (sky130_fd_sc_hd__a21oi_1)
                  0.09    0.12   21.33 v _1050_/Y (sky130_fd_sc_hd__a21oi_1)
     1    0.01                           _0450_ (net)
                  0.09    0.00   21.33 v _1051_/B1 (sky130_fd_sc_hd__o21ai_4)
                  0.29    0.14   21.47 ^ _1051_/Y (sky130_fd_sc_hd__o21ai_4)
    10    0.04                           _0451_ (net)
                  0.29    0.00   21.47 ^ _1052_/A (sky130_fd_sc_hd__inv_2)
                  0.11    0.13   21.60 v _1052_/Y (sky130_fd_sc_hd__inv_2)
     8    0.03                           _0053_ (net)
                  0.11    0.00   21.60 v _1295_/A (sky130_fd_sc_hd__nor2_1)
                  0.09    0.13   21.73 ^ _1295_/Y (sky130_fd_sc_hd__nor2_1)
     1    0.00                           _0018_ (net)
                  0.09    0.00   21.73 ^ _2033_/D (sky130_fd_sc_hd__dfxtp_1)
                                 21.73   data arrival time

                        100.00  100.00   clock i_clk (rise edge)
                          0.00  100.00   clock source latency
                  0.00    0.00  100.00 ^ i_clk (in)
     1    0.03                           i_clk (net)
                  0.00    0.00  100.00 ^ clkbuf_0_i_clk/A (sky130_fd_sc_hd__clkbuf_16)
                  0.14    0.19  100.19 ^ clkbuf_0_i_clk/X (sky130_fd_sc_hd__clkbuf_16)
    16    0.13                           clknet_0_i_clk (net)
                  0.14    0.00  100.19 ^ clkbuf_4_7_0_i_clk/A (sky130_fd_sc_hd__clkbuf_8)
                  0.11    0.21  100.40 ^ clkbuf_4_7_0_i_clk/X (sky130_fd_sc_hd__clkbuf_8)
    16    0.06                           clknet_4_7_0_i_clk (net)
                  0.11    0.00  100.40 ^ _2033_/CLK (sky130_fd_sc_hd__dfxtp_1)
                         -0.50   99.90   clock uncertainty
                          0.00   99.90   clock reconvergence pessimism
                         -0.06   99.85   library setup time
                                 99.85   data required time
-----------------------------------------------------------------------------
                                 99.85   data required time
                                -21.73   data arrival time
-----------------------------------------------------------------------------
                                 78.12   slack (MET)


Startpoint: i_rst_n (input port clocked by i_clk)
Endpoint: _2065_ (rising edge-triggered flip-flop clocked by i_clk)
Path Group: i_clk
Path Type: max

Fanout     Cap    Slew   Delay    Time   Description
-----------------------------------------------------------------------------
                          0.00    0.00   clock i_clk (rise edge)
                          0.00    0.00   clock network delay (propagated)
                         20.00   20.00 ^ input external delay
                  0.00    0.00   20.00 ^ i_rst_n (in)
     1    0.00                           i_rst_n (net)
                  0.00    0.00   20.00 ^ input2/A (sky130_fd_sc_hd__dlymetal6s2s_1)
                  0.21    0.19   20.19 ^ input2/X (sky130_fd_sc_hd__dlymetal6s2s_1)
     5    0.02                           net2 (net)
                  0.21    0.00   20.19 ^ _1031_/B1_N (sky130_fd_sc_hd__a21boi_4)
                  0.20    0.28   20.47 ^ _1031_/Y (sky130_fd_sc_hd__a21boi_4)
     4    0.02                           _0434_ (net)
                  0.20    0.00   20.47 ^ _1034_/B1 (sky130_fd_sc_hd__o21a_4)
                  0.17    0.26   20.73 ^ _1034_/X (sky130_fd_sc_hd__o21a_4)
    10    0.05                           _0436_ (net)
                  0.17    0.00   20.73 ^ _1037_/B (sky130_fd_sc_hd__and2_1)
                  0.16    0.23   20.97 ^ _1037_/X (sky130_fd_sc_hd__and2_1)
     3    0.02                           _0439_ (net)
                  0.16    0.00   20.97 ^ _1049_/C (sky130_fd_sc_hd__and3_1)
                  0.13    0.24   21.21 ^ _1049_/X (sky130_fd_sc_hd__and3_1)
     2    0.01                           _0449_ (net)
                  0.13    0.00   21.21 ^ _1050_/A2 (sky130_fd_sc_hd__a21oi_1)
                  0.09    0.12   21.33 v _1050_/Y (sky130_fd_sc_hd__a21oi_1)
     1    0.01                           _0450_ (net)
                  0.09    0.00   21.33 v _1051_/B1 (sky130_fd_sc_hd__o21ai_4)
                  0.29    0.14   21.47 ^ _1051_/Y (sky130_fd_sc_hd__o21ai_4)
    10    0.04                           _0451_ (net)
                  0.29    0.00   21.47 ^ _1052_/A (sky130_fd_sc_hd__inv_2)
                  0.11    0.13   21.60 v _1052_/Y (sky130_fd_sc_hd__inv_2)
     8    0.03                           _0053_ (net)
                  0.11    0.00   21.60 v _1602_/A (sky130_fd_sc_hd__nor2_1)
                  0.08    0.12   21.72 ^ _1602_/Y (sky130_fd_sc_hd__nor2_1)
     1    0.00                           _0047_ (net)
                  0.08    0.00   21.72 ^ _2065_/D (sky130_fd_sc_hd__dfxtp_1)
                                 21.72   data arrival time

                        100.00  100.00   clock i_clk (rise edge)
                          0.00  100.00   clock source latency
                  0.00    0.00  100.00 ^ i_clk (in)
     1    0.03                           i_clk (net)
                  0.00    0.00  100.00 ^ clkbuf_0_i_clk/A (sky130_fd_sc_hd__clkbuf_16)
                  0.14    0.19  100.19 ^ clkbuf_0_i_clk/X (sky130_fd_sc_hd__clkbuf_16)
    16    0.13                           clknet_0_i_clk (net)
                  0.14    0.00  100.19 ^ clkbuf_4_7_0_i_clk/A (sky130_fd_sc_hd__clkbuf_8)
                  0.11    0.21  100.40 ^ clkbuf_4_7_0_i_clk/X (sky130_fd_sc_hd__clkbuf_8)
    16    0.06                           clknet_4_7_0_i_clk (net)
                  0.11    0.00  100.40 ^ _2065_/CLK (sky130_fd_sc_hd__dfxtp_1)
                         -0.50   99.90   clock uncertainty
                          0.00   99.90   clock reconvergence pessimism
                         -0.05   99.85   library setup time
                                 99.85   data required time
-----------------------------------------------------------------------------
                                 99.85   data required time
                                -21.72   data arrival time
-----------------------------------------------------------------------------
                                 78.13   slack (MET)


Startpoint: i_rst_n (input port clocked by i_clk)
Endpoint: _2077_ (rising edge-triggered flip-flop clocked by i_clk)
Path Group: i_clk
Path Type: max

Fanout     Cap    Slew   Delay    Time   Description
-----------------------------------------------------------------------------
                          0.00    0.00   clock i_clk (rise edge)
                          0.00    0.00   clock network delay (propagated)
                         20.00   20.00 ^ input external delay
                  0.00    0.00   20.00 ^ i_rst_n (in)
     1    0.00                           i_rst_n (net)
                  0.00    0.00   20.00 ^ input2/A (sky130_fd_sc_hd__dlymetal6s2s_1)
                  0.21    0.19   20.19 ^ input2/X (sky130_fd_sc_hd__dlymetal6s2s_1)
     5    0.02                           net2 (net)
                  0.21    0.00   20.19 ^ _1031_/B1_N (sky130_fd_sc_hd__a21boi_4)
                  0.20    0.28   20.47 ^ _1031_/Y (sky130_fd_sc_hd__a21boi_4)
     4    0.02                           _0434_ (net)
                  0.20    0.00   20.47 ^ _1034_/B1 (sky130_fd_sc_hd__o21a_4)
                  0.17    0.26   20.73 ^ _1034_/X (sky130_fd_sc_hd__o21a_4)
    10    0.05                           _0436_ (net)
                  0.17    0.00   20.73 ^ _1037_/B (sky130_fd_sc_hd__and2_1)
                  0.16    0.23   20.97 ^ _1037_/X (sky130_fd_sc_hd__and2_1)
     3    0.02                           _0439_ (net)
                  0.16    0.00   20.97 ^ _1049_/C (sky130_fd_sc_hd__and3_1)
                  0.13    0.24   21.21 ^ _1049_/X (sky130_fd_sc_hd__and3_1)
     2    0.01                           _0449_ (net)
                  0.13    0.00   21.21 ^ _1050_/A2 (sky130_fd_sc_hd__a21oi_1)
                  0.09    0.12   21.33 v _1050_/Y (sky130_fd_sc_hd__a21oi_1)
     1    0.01                           _0450_ (net)
                  0.09    0.00   21.33 v _1051_/B1 (sky130_fd_sc_hd__o21ai_4)
                  0.29    0.14   21.47 ^ _1051_/Y (sky130_fd_sc_hd__o21ai_4)
    10    0.04                           _0451_ (net)
                  0.29    0.00   21.47 ^ _1052_/A (sky130_fd_sc_hd__inv_2)
                  0.11    0.13   21.60 v _1052_/Y (sky130_fd_sc_hd__inv_2)
     8    0.03                           _0053_ (net)
                  0.11    0.00   21.60 v _2077_/D (sky130_fd_sc_hd__dfxtp_1)
                                 21.60   data arrival time

                        100.00  100.00   clock i_clk (rise edge)
                          0.00  100.00   clock source latency
                  0.00    0.00  100.00 ^ i_clk (in)
     1    0.03                           i_clk (net)
                  0.00    0.00  100.00 ^ clkbuf_0_i_clk/A (sky130_fd_sc_hd__clkbuf_16)
                  0.14    0.19  100.19 ^ clkbuf_0_i_clk/X (sky130_fd_sc_hd__clkbuf_16)
    16    0.13                           clknet_0_i_clk (net)
                  0.14    0.00  100.19 ^ clkbuf_4_6_0_i_clk/A (sky130_fd_sc_hd__clkbuf_8)
                  0.07    0.18  100.38 ^ clkbuf_4_6_0_i_clk/X (sky130_fd_sc_hd__clkbuf_8)
    11    0.03                           clknet_4_6_0_i_clk (net)
                  0.07    0.00  100.38 ^ _2077_/CLK (sky130_fd_sc_hd__dfxtp_1)
                         -0.50   99.88   clock uncertainty
                          0.00   99.88   clock reconvergence pessimism
                         -0.13   99.75   library setup time
                                 99.75   data required time
-----------------------------------------------------------------------------
                                 99.75   data required time
                                -21.60   data arrival time
-----------------------------------------------------------------------------
                                 78.15   slack (MET)


Startpoint: i_rst_n (input port clocked by i_clk)
Endpoint: _2111_ (rising edge-triggered flip-flop clocked by i_clk)
Path Group: i_clk
Path Type: max

Fanout     Cap    Slew   Delay    Time   Description
-----------------------------------------------------------------------------
                          0.00    0.00   clock i_clk (rise edge)
                          0.00    0.00   clock network delay (propagated)
                         20.00   20.00 ^ input external delay
                  0.00    0.00   20.00 ^ i_rst_n (in)
     1    0.00                           i_rst_n (net)
                  0.00    0.00   20.00 ^ input2/A (sky130_fd_sc_hd__dlymetal6s2s_1)
                  0.21    0.19   20.19 ^ input2/X (sky130_fd_sc_hd__dlymetal6s2s_1)
     5    0.02                           net2 (net)
                  0.21    0.00   20.19 ^ _1031_/B1_N (sky130_fd_sc_hd__a21boi_4)
                  0.20    0.28   20.47 ^ _1031_/Y (sky130_fd_sc_hd__a21boi_4)
     4    0.02                           _0434_ (net)
                  0.20    0.00   20.47 ^ _1034_/B1 (sky130_fd_sc_hd__o21a_4)
                  0.17    0.26   20.73 ^ _1034_/X (sky130_fd_sc_hd__o21a_4)
    10    0.05                           _0436_ (net)
                  0.17    0.00   20.73 ^ _1037_/B (sky130_fd_sc_hd__and2_1)
                  0.16    0.23   20.97 ^ _1037_/X (sky130_fd_sc_hd__and2_1)
     3    0.02                           _0439_ (net)
                  0.16    0.00   20.97 ^ _1049_/C (sky130_fd_sc_hd__and3_1)
                  0.13    0.24   21.21 ^ _1049_/X (sky130_fd_sc_hd__and3_1)
     2    0.01                           _0449_ (net)
                  0.13    0.00   21.21 ^ _1050_/A2 (sky130_fd_sc_hd__a21oi_1)
                  0.09    0.12   21.33 v _1050_/Y (sky130_fd_sc_hd__a21oi_1)
     1    0.01                           _0450_ (net)
                  0.09    0.00   21.33 v _1051_/B1 (sky130_fd_sc_hd__o21ai_4)
                  0.29    0.14   21.47 ^ _1051_/Y (sky130_fd_sc_hd__o21ai_4)
    10    0.04                           _0451_ (net)
                  0.29    0.00   21.47 ^ _1064_/B (sky130_fd_sc_hd__nand2_1)
                  0.10    0.14   21.60 v _1064_/Y (sky130_fd_sc_hd__nand2_1)
     3    0.01                           _0461_ (net)
                  0.10    0.00   21.60 v _1690_/B (sky130_fd_sc_hd__nor2_1)
                  0.08    0.10   21.70 ^ _1690_/Y (sky130_fd_sc_hd__nor2_1)
     1    0.00                           _0087_ (net)
                  0.08    0.00   21.70 ^ _2111_/D (sky130_fd_sc_hd__dfxtp_1)
                                 21.70   data arrival time

                        100.00  100.00   clock i_clk (rise edge)
                          0.00  100.00   clock source latency
                  0.00    0.00  100.00 ^ i_clk (in)
     1    0.03                           i_clk (net)
                  0.00    0.00  100.00 ^ clkbuf_0_i_clk/A (sky130_fd_sc_hd__clkbuf_16)
                  0.14    0.19  100.19 ^ clkbuf_0_i_clk/X (sky130_fd_sc_hd__clkbuf_16)
    16    0.13                           clknet_0_i_clk (net)
                  0.14    0.00  100.19 ^ clkbuf_4_7_0_i_clk/A (sky130_fd_sc_hd__clkbuf_8)
                  0.11    0.21  100.40 ^ clkbuf_4_7_0_i_clk/X (sky130_fd_sc_hd__clkbuf_8)
    16    0.06                           clknet_4_7_0_i_clk (net)
                  0.11    0.00  100.40 ^ _2111_/CLK (sky130_fd_sc_hd__dfxtp_1)
                         -0.50   99.90   clock uncertainty
                          0.00   99.90   clock reconvergence pessimism
                         -0.05   99.85   library setup time
                                 99.85   data required time
-----------------------------------------------------------------------------
                                 99.85   data required time
                                -21.70   data arrival time
-----------------------------------------------------------------------------
                                 78.15   slack (MET)


Startpoint: i_rst_n (input port clocked by i_clk)
Endpoint: _2073_ (rising edge-triggered flip-flop clocked by i_clk)
Path Group: i_clk
Path Type: max

Fanout     Cap    Slew   Delay    Time   Description
-----------------------------------------------------------------------------
                          0.00    0.00   clock i_clk (rise edge)
                          0.00    0.00   clock network delay (propagated)
                         20.00   20.00 ^ input external delay
                  0.00    0.00   20.00 ^ i_rst_n (in)
     1    0.00                           i_rst_n (net)
                  0.00    0.00   20.00 ^ input2/A (sky130_fd_sc_hd__dlymetal6s2s_1)
                  0.21    0.19   20.19 ^ input2/X (sky130_fd_sc_hd__dlymetal6s2s_1)
     5    0.02                           net2 (net)
                  0.21    0.00   20.19 ^ _1031_/B1_N (sky130_fd_sc_hd__a21boi_4)
                  0.20    0.28   20.47 ^ _1031_/Y (sky130_fd_sc_hd__a21boi_4)
     4    0.02                           _0434_ (net)
                  0.20    0.00   20.47 ^ _1084_/B (sky130_fd_sc_hd__and2_1)
                  0.05    0.15   20.62 ^ _1084_/X (sky130_fd_sc_hd__and2_1)
     1    0.00                           _0474_ (net)
                  0.05    0.00   20.62 ^ _1085_/A (sky130_fd_sc_hd__clkbuf_4)
                  0.20    0.24   20.87 ^ _1085_/X (sky130_fd_sc_hd__clkbuf_4)
    10    0.06                           _0475_ (net)
                  0.20    0.01   20.88 ^ _1604_/A1 (sky130_fd_sc_hd__a32o_1)
                  0.06    0.18   21.06 ^ _1604_/X (sky130_fd_sc_hd__a32o_1)
     1    0.00                           _0049_ (net)
                  0.06    0.00   21.06 ^ hold142/A (sky130_fd_sc_hd__dlygate4sd3_1)
                  0.07    0.55   21.61 ^ hold142/X (sky130_fd_sc_hd__dlygate4sd3_1)
     1    0.00                           net148 (net)
                  0.07    0.00   21.61 ^ _2073_/D (sky130_fd_sc_hd__dfxtp_1)
                                 21.61   data arrival time

                        100.00  100.00   clock i_clk (rise edge)
                          0.00  100.00   clock source latency
                  0.00    0.00  100.00 ^ i_clk (in)
     1    0.03                           i_clk (net)
                  0.00    0.00  100.00 ^ clkbuf_0_i_clk/A (sky130_fd_sc_hd__clkbuf_16)
                  0.14    0.19  100.19 ^ clkbuf_0_i_clk/X (sky130_fd_sc_hd__clkbuf_16)
    16    0.13                           clknet_0_i_clk (net)
                  0.14    0.00  100.19 ^ clkbuf_4_14_0_i_clk/A (sky130_fd_sc_hd__clkbuf_8)
                  0.05    0.17  100.36 ^ clkbuf_4_14_0_i_clk/X (sky130_fd_sc_hd__clkbuf_8)
     6    0.02                           clknet_4_14_0_i_clk (net)
                  0.05    0.00  100.36 ^ _2073_/CLK (sky130_fd_sc_hd__dfxtp_1)
                         -0.50   99.86   clock uncertainty
                          0.00   99.86   clock reconvergence pessimism
                         -0.06   99.81   library setup time
                                 99.81   data required time
-----------------------------------------------------------------------------
                                 99.81   data required time
                                -21.61   data arrival time
-----------------------------------------------------------------------------
                                 78.19   slack (MET)


Startpoint: i_rst_n (input port clocked by i_clk)
Endpoint: _2031_ (rising edge-triggered flip-flop clocked by i_clk)
Path Group: i_clk
Path Type: max

Fanout     Cap    Slew   Delay    Time   Description
-----------------------------------------------------------------------------
                          0.00    0.00   clock i_clk (rise edge)
                          0.00    0.00   clock network delay (propagated)
                         20.00   20.00 ^ input external delay
                  0.00    0.00   20.00 ^ i_rst_n (in)
     1    0.00                           i_rst_n (net)
                  0.00    0.00   20.00 ^ input2/A (sky130_fd_sc_hd__dlymetal6s2s_1)
                  0.21    0.19   20.19 ^ input2/X (sky130_fd_sc_hd__dlymetal6s2s_1)
     5    0.02                           net2 (net)
                  0.21    0.00   20.19 ^ _1031_/B1_N (sky130_fd_sc_hd__a21boi_4)
                  0.20    0.28   20.47 ^ _1031_/Y (sky130_fd_sc_hd__a21boi_4)
     4    0.02                           _0434_ (net)
                  0.20    0.00   20.47 ^ _1084_/B (sky130_fd_sc_hd__and2_1)
                  0.05    0.15   20.62 ^ _1084_/X (sky130_fd_sc_hd__and2_1)
     1    0.00                           _0474_ (net)
                  0.05    0.00   20.62 ^ _1085_/A (sky130_fd_sc_hd__clkbuf_4)
                  0.20    0.24   20.87 ^ _1085_/X (sky130_fd_sc_hd__clkbuf_4)
    10    0.06                           _0475_ (net)
                  0.20    0.00   20.87 ^ _1287_/A1 (sky130_fd_sc_hd__a32o_1)
                  0.06    0.19   21.06 ^ _1287_/X (sky130_fd_sc_hd__a32o_1)
     1    0.00                           _0016_ (net)
                  0.06    0.00   21.06 ^ hold144/A (sky130_fd_sc_hd__dlygate4sd3_1)
                  0.06    0.55   21.60 ^ hold144/X (sky130_fd_sc_hd__dlygate4sd3_1)
     1    0.00                           net150 (net)
                  0.06    0.00   21.61 ^ _2031_/D (sky130_fd_sc_hd__dfxtp_2)
                                 21.61   data arrival time

                        100.00  100.00   clock i_clk (rise edge)
                          0.00  100.00   clock source latency
                  0.00    0.00  100.00 ^ i_clk (in)
     1    0.03                           i_clk (net)
                  0.00    0.00  100.00 ^ clkbuf_0_i_clk/A (sky130_fd_sc_hd__clkbuf_16)
                  0.14    0.19  100.19 ^ clkbuf_0_i_clk/X (sky130_fd_sc_hd__clkbuf_16)
    16    0.13                           clknet_0_i_clk (net)
                  0.14    0.00  100.19 ^ clkbuf_4_1_0_i_clk/A (sky130_fd_sc_hd__clkbuf_8)
                  0.08    0.19  100.38 ^ clkbuf_4_1_0_i_clk/X (sky130_fd_sc_hd__clkbuf_8)
    13    0.04                           clknet_4_1_0_i_clk (net)
                  0.08    0.00  100.39 ^ _2031_/CLK (sky130_fd_sc_hd__dfxtp_2)
                         -0.50   99.89   clock uncertainty
                          0.00   99.89   clock reconvergence pessimism
                         -0.06   99.83   library setup time
                                 99.83   data required time
-----------------------------------------------------------------------------
                                 99.83   data required time
                                -21.61   data arrival time
-----------------------------------------------------------------------------
                                 78.22   slack (MET)


Startpoint: i_rst_n (input port clocked by i_clk)
Endpoint: _2032_ (rising edge-triggered flip-flop clocked by i_clk)
Path Group: i_clk
Path Type: max

Fanout     Cap    Slew   Delay    Time   Description
-----------------------------------------------------------------------------
                          0.00    0.00   clock i_clk (rise edge)
                          0.00    0.00   clock network delay (propagated)
                         20.00   20.00 ^ input external delay
                  0.00    0.00   20.00 ^ i_rst_n (in)
     1    0.00                           i_rst_n (net)
                  0.00    0.00   20.00 ^ input2/A (sky130_fd_sc_hd__dlymetal6s2s_1)
                  0.21    0.19   20.19 ^ input2/X (sky130_fd_sc_hd__dlymetal6s2s_1)
     5    0.02                           net2 (net)
                  0.21    0.00   20.19 ^ _1031_/B1_N (sky130_fd_sc_hd__a21boi_4)
                  0.20    0.28   20.47 ^ _1031_/Y (sky130_fd_sc_hd__a21boi_4)
     4    0.02                           _0434_ (net)
                  0.20    0.00   20.47 ^ _1084_/B (sky130_fd_sc_hd__and2_1)
                  0.05    0.15   20.62 ^ _1084_/X (sky130_fd_sc_hd__and2_1)
     1    0.00                           _0474_ (net)
                  0.05    0.00   20.62 ^ _1085_/A (sky130_fd_sc_hd__clkbuf_4)
                  0.20    0.24   20.87 ^ _1085_/X (sky130_fd_sc_hd__clkbuf_4)
    10    0.06                           _0475_ (net)
                  0.20    0.00   20.87 ^ _1294_/A1 (sky130_fd_sc_hd__a32o_1)
                  0.07    0.20   21.07 ^ _1294_/X (sky130_fd_sc_hd__a32o_1)
     1    0.00                           _0017_ (net)
                  0.07    0.00   21.07 ^ hold227/A (sky130_fd_sc_hd__dlygate4sd3_1)
                  0.05    0.54   21.60 ^ hold227/X (sky130_fd_sc_hd__dlygate4sd3_1)
     1    0.00                           net233 (net)
                  0.05    0.00   21.60 ^ _2032_/D (sky130_fd_sc_hd__dfxtp_1)
                                 21.60   data arrival time

                        100.00  100.00   clock i_clk (rise edge)
                          0.00  100.00   clock source latency
                  0.00    0.00  100.00 ^ i_clk (in)
     1    0.03                           i_clk (net)
                  0.00    0.00  100.00 ^ clkbuf_0_i_clk/A (sky130_fd_sc_hd__clkbuf_16)
                  0.14    0.19  100.19 ^ clkbuf_0_i_clk/X (sky130_fd_sc_hd__clkbuf_16)
    16    0.13                           clknet_0_i_clk (net)
                  0.14    0.00  100.19 ^ clkbuf_4_6_0_i_clk/A (sky130_fd_sc_hd__clkbuf_8)
                  0.07    0.18  100.38 ^ clkbuf_4_6_0_i_clk/X (sky130_fd_sc_hd__clkbuf_8)
    11    0.03                           clknet_4_6_0_i_clk (net)
                  0.07    0.00  100.38 ^ _2032_/CLK (sky130_fd_sc_hd__dfxtp_1)
                         -0.50   99.88   clock uncertainty
                          0.00   99.88   clock reconvergence pessimism
                         -0.05   99.83   library setup time
                                 99.83   data required time
-----------------------------------------------------------------------------
                                 99.83   data required time
                                -21.60   data arrival time
-----------------------------------------------------------------------------
                                 78.23   slack (MET)


Startpoint: i_rst_n (input port clocked by i_clk)
Endpoint: _2028_ (rising edge-triggered flip-flop clocked by i_clk)
Path Group: i_clk
Path Type: max

Fanout     Cap    Slew   Delay    Time   Description
-----------------------------------------------------------------------------
                          0.00    0.00   clock i_clk (rise edge)
                          0.00    0.00   clock network delay (propagated)
                         20.00   20.00 ^ input external delay
                  0.00    0.00   20.00 ^ i_rst_n (in)
     1    0.00                           i_rst_n (net)
                  0.00    0.00   20.00 ^ input2/A (sky130_fd_sc_hd__dlymetal6s2s_1)
                  0.21    0.19   20.19 ^ input2/X (sky130_fd_sc_hd__dlymetal6s2s_1)
     5    0.02                           net2 (net)
                  0.21    0.00   20.19 ^ _1031_/B1_N (sky130_fd_sc_hd__a21boi_4)
                  0.20    0.28   20.47 ^ _1031_/Y (sky130_fd_sc_hd__a21boi_4)
     4    0.02                           _0434_ (net)
                  0.20    0.00   20.47 ^ _1084_/B (sky130_fd_sc_hd__and2_1)
                  0.05    0.15   20.62 ^ _1084_/X (sky130_fd_sc_hd__and2_1)
     1    0.00                           _0474_ (net)
                  0.05    0.00   20.62 ^ _1085_/A (sky130_fd_sc_hd__clkbuf_4)
                  0.20    0.24   20.87 ^ _1085_/X (sky130_fd_sc_hd__clkbuf_4)
    10    0.06                           _0475_ (net)
                  0.20    0.00   20.87 ^ _1243_/A1 (sky130_fd_sc_hd__a32o_1)
                  0.06    0.19   21.06 ^ _1243_/X (sky130_fd_sc_hd__a32o_1)
     1    0.00                           _0013_ (net)
                  0.06    0.00   21.06 ^ hold135/A (sky130_fd_sc_hd__dlygate4sd3_1)
                  0.05    0.54   21.60 ^ hold135/X (sky130_fd_sc_hd__dlygate4sd3_1)
     1    0.00                           net141 (net)
                  0.05    0.00   21.60 ^ _2028_/D (sky130_fd_sc_hd__dfxtp_1)
                                 21.60   data arrival time

                        100.00  100.00   clock i_clk (rise edge)
                          0.00  100.00   clock source latency
                  0.00    0.00  100.00 ^ i_clk (in)
     1    0.03                           i_clk (net)
                  0.00    0.00  100.00 ^ clkbuf_0_i_clk/A (sky130_fd_sc_hd__clkbuf_16)
                  0.14    0.19  100.19 ^ clkbuf_0_i_clk/X (sky130_fd_sc_hd__clkbuf_16)
    16    0.13                           clknet_0_i_clk (net)
                  0.14    0.00  100.19 ^ clkbuf_4_1_0_i_clk/A (sky130_fd_sc_hd__clkbuf_8)
                  0.08    0.19  100.38 ^ clkbuf_4_1_0_i_clk/X (sky130_fd_sc_hd__clkbuf_8)
    13    0.04                           clknet_4_1_0_i_clk (net)
                  0.08    0.00  100.39 ^ _2028_/CLK (sky130_fd_sc_hd__dfxtp_1)
                         -0.50   99.89   clock uncertainty
                          0.00   99.89   clock reconvergence pessimism
                         -0.05   99.83   library setup time
                                 99.83   data required time
-----------------------------------------------------------------------------
                                 99.83   data required time
                                -21.60   data arrival time
-----------------------------------------------------------------------------
                                 78.23   slack (MET)


Startpoint: i_rst_n (input port clocked by i_clk)
Endpoint: _2030_ (rising edge-triggered flip-flop clocked by i_clk)
Path Group: i_clk
Path Type: max

Fanout     Cap    Slew   Delay    Time   Description
-----------------------------------------------------------------------------
                          0.00    0.00   clock i_clk (rise edge)
                          0.00    0.00   clock network delay (propagated)
                         20.00   20.00 ^ input external delay
                  0.00    0.00   20.00 ^ i_rst_n (in)
     1    0.00                           i_rst_n (net)
                  0.00    0.00   20.00 ^ input2/A (sky130_fd_sc_hd__dlymetal6s2s_1)
                  0.21    0.19   20.19 ^ input2/X (sky130_fd_sc_hd__dlymetal6s2s_1)
     5    0.02                           net2 (net)
                  0.21    0.00   20.19 ^ _1031_/B1_N (sky130_fd_sc_hd__a21boi_4)
                  0.20    0.28   20.47 ^ _1031_/Y (sky130_fd_sc_hd__a21boi_4)
     4    0.02                           _0434_ (net)
                  0.20    0.00   20.47 ^ _1084_/B (sky130_fd_sc_hd__and2_1)
                  0.05    0.15   20.62 ^ _1084_/X (sky130_fd_sc_hd__and2_1)
     1    0.00                           _0474_ (net)
                  0.05    0.00   20.62 ^ _1085_/A (sky130_fd_sc_hd__clkbuf_4)
                  0.20    0.24   20.87 ^ _1085_/X (sky130_fd_sc_hd__clkbuf_4)
    10    0.06                           _0475_ (net)
                  0.20    0.00   20.87 ^ _1274_/A1 (sky130_fd_sc_hd__a32o_1)
                  0.06    0.18   21.05 ^ _1274_/X (sky130_fd_sc_hd__a32o_1)
     1    0.00                           _0015_ (net)
                  0.06    0.00   21.05 ^ hold150/A (sky130_fd_sc_hd__dlygate4sd3_1)
                  0.05    0.54   21.59 ^ hold150/X (sky130_fd_sc_hd__dlygate4sd3_1)
     1    0.00                           net156 (net)
                  0.05    0.00   21.59 ^ _2030_/D (sky130_fd_sc_hd__dfxtp_2)
                                 21.59   data arrival time

                        100.00  100.00   clock i_clk (rise edge)
                          0.00  100.00   clock source latency
                  0.00    0.00  100.00 ^ i_clk (in)
     1    0.03                           i_clk (net)
                  0.00    0.00  100.00 ^ clkbuf_0_i_clk/A (sky130_fd_sc_hd__clkbuf_16)
                  0.14    0.19  100.19 ^ clkbuf_0_i_clk/X (sky130_fd_sc_hd__clkbuf_16)
    16    0.13                           clknet_0_i_clk (net)
                  0.14    0.00  100.19 ^ clkbuf_4_1_0_i_clk/A (sky130_fd_sc_hd__clkbuf_8)
                  0.08    0.19  100.38 ^ clkbuf_4_1_0_i_clk/X (sky130_fd_sc_hd__clkbuf_8)
    13    0.04                           clknet_4_1_0_i_clk (net)
                  0.08    0.00  100.39 ^ _2030_/CLK (sky130_fd_sc_hd__dfxtp_2)
                         -0.50   99.89   clock uncertainty
                          0.00   99.89   clock reconvergence pessimism
                         -0.06   99.83   library setup time
                                 99.83   data required time
-----------------------------------------------------------------------------
                                 99.83   data required time
                                -21.59   data arrival time
-----------------------------------------------------------------------------
                                 78.24   slack (MET)


Startpoint: i_rst_n (input port clocked by i_clk)
Endpoint: _2085_ (rising edge-triggered flip-flop clocked by i_clk)
Path Group: i_clk
Path Type: max

Fanout     Cap    Slew   Delay    Time   Description
-----------------------------------------------------------------------------
                          0.00    0.00   clock i_clk (rise edge)
                          0.00    0.00   clock network delay (propagated)
                         20.00   20.00 ^ input external delay
                  0.00    0.00   20.00 ^ i_rst_n (in)
     1    0.00                           i_rst_n (net)
                  0.00    0.00   20.00 ^ input2/A (sky130_fd_sc_hd__dlymetal6s2s_1)
                  0.21    0.19   20.19 ^ input2/X (sky130_fd_sc_hd__dlymetal6s2s_1)
     5    0.02                           net2 (net)
                  0.21    0.00   20.19 ^ _1080_/A (sky130_fd_sc_hd__buf_2)
                  0.23    0.29   20.47 ^ _1080_/X (sky130_fd_sc_hd__buf_2)
    10    0.05                           _0471_ (net)
                  0.23    0.00   20.48 ^ _1614_/A (sky130_fd_sc_hd__clkbuf_4)
                  0.17    0.29   20.77 ^ _1614_/X (sky130_fd_sc_hd__clkbuf_4)
    10    0.05                           _0963_ (net)
                  0.17    0.00   20.77 ^ _1628_/C1 (sky130_fd_sc_hd__o221a_1)
                  0.06    0.20   20.97 ^ _1628_/X (sky130_fd_sc_hd__o221a_1)
     1    0.00                           _0061_ (net)
                  0.06    0.00   20.97 ^ hold27/A (sky130_fd_sc_hd__dlygate4sd3_1)
                  0.09    0.57   21.54 ^ hold27/X (sky130_fd_sc_hd__dlygate4sd3_1)
     1    0.01                           net33 (net)
                  0.09    0.00   21.54 ^ _2085_/D (sky130_fd_sc_hd__dfxtp_1)
                                 21.54   data arrival time

                        100.00  100.00   clock i_clk (rise edge)
                          0.00  100.00   clock source latency
                  0.00    0.00  100.00 ^ i_clk (in)
     1    0.03                           i_clk (net)
                  0.00    0.00  100.00 ^ clkbuf_0_i_clk/A (sky130_fd_sc_hd__clkbuf_16)
                  0.14    0.19  100.19 ^ clkbuf_0_i_clk/X (sky130_fd_sc_hd__clkbuf_16)
    16    0.13                           clknet_0_i_clk (net)
                  0.14    0.00  100.19 ^ clkbuf_4_10_0_i_clk/A (sky130_fd_sc_hd__clkbuf_8)
                  0.06    0.17  100.36 ^ clkbuf_4_10_0_i_clk/X (sky130_fd_sc_hd__clkbuf_8)
     7    0.02                           clknet_4_10_0_i_clk (net)
                  0.06    0.00  100.37 ^ _2085_/CLK (sky130_fd_sc_hd__dfxtp_1)
                         -0.50   99.87   clock uncertainty
                          0.00   99.87   clock reconvergence pessimism
                         -0.06   99.80   library setup time
                                 99.80   data required time
-----------------------------------------------------------------------------
                                 99.80   data required time
                                -21.54   data arrival time
-----------------------------------------------------------------------------
                                 78.26   slack (MET)


Startpoint: i_rst_n (input port clocked by i_clk)
Endpoint: _2100_ (rising edge-triggered flip-flop clocked by i_clk)
Path Group: i_clk
Path Type: max

Fanout     Cap    Slew   Delay    Time   Description
-----------------------------------------------------------------------------
                          0.00    0.00   clock i_clk (rise edge)
                          0.00    0.00   clock network delay (propagated)
                         20.00   20.00 ^ input external delay
                  0.00    0.00   20.00 ^ i_rst_n (in)
     1    0.00                           i_rst_n (net)
                  0.00    0.00   20.00 ^ input2/A (sky130_fd_sc_hd__dlymetal6s2s_1)
                  0.21    0.19   20.19 ^ input2/X (sky130_fd_sc_hd__dlymetal6s2s_1)
     5    0.02                           net2 (net)
                  0.21    0.00   20.19 ^ _1080_/A (sky130_fd_sc_hd__buf_2)
                  0.23    0.29   20.47 ^ _1080_/X (sky130_fd_sc_hd__buf_2)
    10    0.05                           _0471_ (net)
                  0.23    0.00   20.48 ^ _1662_/A (sky130_fd_sc_hd__clkbuf_4)
                  0.16    0.28   20.76 ^ _1662_/X (sky130_fd_sc_hd__clkbuf_4)
    10    0.05                           _0992_ (net)
                  0.16    0.00   20.76 ^ _1668_/C1 (sky130_fd_sc_hd__o221a_1)
                  0.07    0.20   20.96 ^ _1668_/X (sky130_fd_sc_hd__o221a_1)
     1    0.00                           _0076_ (net)
                  0.07    0.00   20.97 ^ hold17/A (sky130_fd_sc_hd__dlygate4sd3_1)
                  0.07    0.56   21.52 ^ hold17/X (sky130_fd_sc_hd__dlygate4sd3_1)
     1    0.00                           net23 (net)
                  0.07    0.00   21.52 ^ _2100_/D (sky130_fd_sc_hd__dfxtp_1)
                                 21.52   data arrival time

                        100.00  100.00   clock i_clk (rise edge)
                          0.00  100.00   clock source latency
                  0.00    0.00  100.00 ^ i_clk (in)
     1    0.03                           i_clk (net)
                  0.00    0.00  100.00 ^ clkbuf_0_i_clk/A (sky130_fd_sc_hd__clkbuf_16)
                  0.14    0.19  100.19 ^ clkbuf_0_i_clk/X (sky130_fd_sc_hd__clkbuf_16)
    16    0.13                           clknet_0_i_clk (net)
                  0.14    0.00  100.19 ^ clkbuf_4_10_0_i_clk/A (sky130_fd_sc_hd__clkbuf_8)
                  0.06    0.17  100.36 ^ clkbuf_4_10_0_i_clk/X (sky130_fd_sc_hd__clkbuf_8)
     7    0.02                           clknet_4_10_0_i_clk (net)
                  0.06    0.00  100.37 ^ _2100_/CLK (sky130_fd_sc_hd__dfxtp_1)
                         -0.50   99.87   clock uncertainty
                          0.00   99.87   clock reconvergence pessimism
                         -0.06   99.81   library setup time
                                 99.81   data required time
-----------------------------------------------------------------------------
                                 99.81   data required time
                                -21.52   data arrival time
-----------------------------------------------------------------------------
                                 78.29   slack (MET)


Startpoint: i_rst_n (input port clocked by i_clk)
Endpoint: _2086_ (rising edge-triggered flip-flop clocked by i_clk)
Path Group: i_clk
Path Type: max

Fanout     Cap    Slew   Delay    Time   Description
-----------------------------------------------------------------------------
                          0.00    0.00   clock i_clk (rise edge)
                          0.00    0.00   clock network delay (propagated)
                         20.00   20.00 ^ input external delay
                  0.00    0.00   20.00 ^ i_rst_n (in)
     1    0.00                           i_rst_n (net)
                  0.00    0.00   20.00 ^ input2/A (sky130_fd_sc_hd__dlymetal6s2s_1)
                  0.21    0.19   20.19 ^ input2/X (sky130_fd_sc_hd__dlymetal6s2s_1)
     5    0.02                           net2 (net)
                  0.21    0.00   20.19 ^ _1080_/A (sky130_fd_sc_hd__buf_2)
                  0.23    0.29   20.47 ^ _1080_/X (sky130_fd_sc_hd__buf_2)
    10    0.05                           _0471_ (net)
                  0.23    0.00   20.48 ^ _1614_/A (sky130_fd_sc_hd__clkbuf_4)
                  0.17    0.29   20.77 ^ _1614_/X (sky130_fd_sc_hd__clkbuf_4)
    10    0.05                           _0963_ (net)
                  0.17    0.00   20.77 ^ _1630_/C1 (sky130_fd_sc_hd__o221a_1)
                  0.06    0.20   20.97 ^ _1630_/X (sky130_fd_sc_hd__o221a_1)
     1    0.00                           _0062_ (net)
                  0.06    0.00   20.97 ^ hold37/A (sky130_fd_sc_hd__dlygate4sd3_1)
                  0.06    0.55   21.52 ^ hold37/X (sky130_fd_sc_hd__dlygate4sd3_1)
     1    0.00                           net43 (net)
                  0.06    0.00   21.52 ^ _2086_/D (sky130_fd_sc_hd__dfxtp_1)
                                 21.52   data arrival time

                        100.00  100.00   clock i_clk (rise edge)
                          0.00  100.00   clock source latency
                  0.00    0.00  100.00 ^ i_clk (in)
     1    0.03                           i_clk (net)
                  0.00    0.00  100.00 ^ clkbuf_0_i_clk/A (sky130_fd_sc_hd__clkbuf_16)
                  0.14    0.19  100.19 ^ clkbuf_0_i_clk/X (sky130_fd_sc_hd__clkbuf_16)
    16    0.13                           clknet_0_i_clk (net)
                  0.14    0.00  100.19 ^ clkbuf_4_11_0_i_clk/A (sky130_fd_sc_hd__clkbuf_8)
                  0.07    0.18  100.37 ^ clkbuf_4_11_0_i_clk/X (sky130_fd_sc_hd__clkbuf_8)
    10    0.03                           clknet_4_11_0_i_clk (net)
                  0.07    0.00  100.37 ^ _2086_/CLK (sky130_fd_sc_hd__dfxtp_1)
                         -0.50   99.87   clock uncertainty
                          0.00   99.87   clock reconvergence pessimism
                         -0.05   99.82   library setup time
                                 99.82   data required time
-----------------------------------------------------------------------------
                                 99.82   data required time
                                -21.52   data arrival time
-----------------------------------------------------------------------------
                                 78.30   slack (MET)


Startpoint: i_rst_n (input port clocked by i_clk)
Endpoint: _2098_ (rising edge-triggered flip-flop clocked by i_clk)
Path Group: i_clk
Path Type: max

Fanout     Cap    Slew   Delay    Time   Description
-----------------------------------------------------------------------------
                          0.00    0.00   clock i_clk (rise edge)
                          0.00    0.00   clock network delay (propagated)
                         20.00   20.00 ^ input external delay
                  0.00    0.00   20.00 ^ i_rst_n (in)
     1    0.00                           i_rst_n (net)
                  0.00    0.00   20.00 ^ input2/A (sky130_fd_sc_hd__dlymetal6s2s_1)
                  0.21    0.19   20.19 ^ input2/X (sky130_fd_sc_hd__dlymetal6s2s_1)
     5    0.02                           net2 (net)
                  0.21    0.00   20.19 ^ _1080_/A (sky130_fd_sc_hd__buf_2)
                  0.23    0.29   20.47 ^ _1080_/X (sky130_fd_sc_hd__buf_2)
    10    0.05                           _0471_ (net)
                  0.23    0.00   20.48 ^ _1662_/A (sky130_fd_sc_hd__clkbuf_4)
                  0.16    0.28   20.76 ^ _1662_/X (sky130_fd_sc_hd__clkbuf_4)
    10    0.05                           _0992_ (net)
                  0.16    0.00   20.76 ^ _1663_/C1 (sky130_fd_sc_hd__o221a_1)
                  0.06    0.20   20.96 ^ _1663_/X (sky130_fd_sc_hd__o221a_1)
     1    0.00                           _0074_ (net)
                  0.06    0.00   20.96 ^ hold13/A (sky130_fd_sc_hd__dlygate4sd3_1)
                  0.07    0.55   21.51 ^ hold13/X (sky130_fd_sc_hd__dlygate4sd3_1)
     1    0.00                           net19 (net)
                  0.07    0.00   21.51 ^ _2098_/D (sky130_fd_sc_hd__dfxtp_1)
                                 21.51   data arrival time

                        100.00  100.00   clock i_clk (rise edge)
                          0.00  100.00   clock source latency
                  0.00    0.00  100.00 ^ i_clk (in)
     1    0.03                           i_clk (net)
                  0.00    0.00  100.00 ^ clkbuf_0_i_clk/A (sky130_fd_sc_hd__clkbuf_16)
                  0.14    0.19  100.19 ^ clkbuf_0_i_clk/X (sky130_fd_sc_hd__clkbuf_16)
    16    0.13                           clknet_0_i_clk (net)
                  0.14    0.00  100.19 ^ clkbuf_4_8_0_i_clk/A (sky130_fd_sc_hd__clkbuf_8)
                  0.07    0.18  100.37 ^ clkbuf_4_8_0_i_clk/X (sky130_fd_sc_hd__clkbuf_8)
    10    0.03                           clknet_4_8_0_i_clk (net)
                  0.07    0.00  100.37 ^ _2098_/CLK (sky130_fd_sc_hd__dfxtp_1)
                         -0.50   99.87   clock uncertainty
                          0.00   99.87   clock reconvergence pessimism
                         -0.06   99.82   library setup time
                                 99.82   data required time
-----------------------------------------------------------------------------
                                 99.82   data required time
                                -21.51   data arrival time
-----------------------------------------------------------------------------
                                 78.30   slack (MET)


Startpoint: i_rst_n (input port clocked by i_clk)
Endpoint: _2079_ (rising edge-triggered flip-flop clocked by i_clk)
Path Group: i_clk
Path Type: max

Fanout     Cap    Slew   Delay    Time   Description
-----------------------------------------------------------------------------
                          0.00    0.00   clock i_clk (rise edge)
                          0.00    0.00   clock network delay (propagated)
                         20.00   20.00 ^ input external delay
                  0.00    0.00   20.00 ^ i_rst_n (in)
     1    0.00                           i_rst_n (net)
                  0.00    0.00   20.00 ^ input2/A (sky130_fd_sc_hd__dlymetal6s2s_1)
                  0.21    0.19   20.19 ^ input2/X (sky130_fd_sc_hd__dlymetal6s2s_1)
     5    0.02                           net2 (net)
                  0.21    0.00   20.19 ^ _1080_/A (sky130_fd_sc_hd__buf_2)
                  0.23    0.29   20.47 ^ _1080_/X (sky130_fd_sc_hd__buf_2)
    10    0.05                           _0471_ (net)
                  0.23    0.00   20.48 ^ _1614_/A (sky130_fd_sc_hd__clkbuf_4)
                  0.17    0.29   20.77 ^ _1614_/X (sky130_fd_sc_hd__clkbuf_4)
    10    0.05                           _0963_ (net)
                  0.17    0.00   20.77 ^ _1615_/C1 (sky130_fd_sc_hd__o221a_1)
                  0.06    0.20   20.97 ^ _1615_/X (sky130_fd_sc_hd__o221a_1)
     1    0.00                           _0055_ (net)
                  0.06    0.00   20.97 ^ hold67/A (sky130_fd_sc_hd__dlygate4sd3_1)
                  0.06    0.55   21.52 ^ hold67/X (sky130_fd_sc_hd__dlygate4sd3_1)
     1    0.00                           net73 (net)
                  0.06    0.00   21.52 ^ _2079_/D (sky130_fd_sc_hd__dfxtp_1)
                                 21.52   data arrival time

                        100.00  100.00   clock i_clk (rise edge)
                          0.00  100.00   clock source latency
                  0.00    0.00  100.00 ^ i_clk (in)
     1    0.03                           i_clk (net)
                  0.00    0.00  100.00 ^ clkbuf_0_i_clk/A (sky130_fd_sc_hd__clkbuf_16)
                  0.14    0.19  100.19 ^ clkbuf_0_i_clk/X (sky130_fd_sc_hd__clkbuf_16)
    16    0.13                           clknet_0_i_clk (net)
                  0.14    0.00  100.19 ^ clkbuf_4_9_0_i_clk/A (sky130_fd_sc_hd__clkbuf_8)
                  0.08    0.18  100.38 ^ clkbuf_4_9_0_i_clk/X (sky130_fd_sc_hd__clkbuf_8)
    11    0.04                           clknet_4_9_0_i_clk (net)
                  0.08    0.00  100.38 ^ _2079_/CLK (sky130_fd_sc_hd__dfxtp_1)
                         -0.50   99.88   clock uncertainty
                          0.00   99.88   clock reconvergence pessimism
                         -0.05   99.83   library setup time
                                 99.83   data required time
-----------------------------------------------------------------------------
                                 99.83   data required time
                                -21.52   data arrival time
-----------------------------------------------------------------------------
                                 78.31   slack (MET)


Startpoint: i_rst_n (input port clocked by i_clk)
Endpoint: _2147_ (rising edge-triggered flip-flop clocked by i_clk)
Path Group: i_clk
Path Type: max

Fanout     Cap    Slew   Delay    Time   Description
-----------------------------------------------------------------------------
                          0.00    0.00   clock i_clk (rise edge)
                          0.00    0.00   clock network delay (propagated)
                         20.00   20.00 ^ input external delay
                  0.00    0.00   20.00 ^ i_rst_n (in)
     1    0.00                           i_rst_n (net)
                  0.00    0.00   20.00 ^ input2/A (sky130_fd_sc_hd__dlymetal6s2s_1)
                  0.21    0.19   20.19 ^ input2/X (sky130_fd_sc_hd__dlymetal6s2s_1)
     5    0.02                           net2 (net)
                  0.21    0.00   20.19 ^ _1080_/A (sky130_fd_sc_hd__buf_2)
                  0.23    0.29   20.47 ^ _1080_/X (sky130_fd_sc_hd__buf_2)
    10    0.05                           _0471_ (net)
                  0.23    0.00   20.48 ^ _1916_/A (sky130_fd_sc_hd__clkbuf_4)
                  0.20    0.31   20.79 ^ _1916_/X (sky130_fd_sc_hd__clkbuf_4)
    10    0.06                           _0341_ (net)
                  0.20    0.01   20.79 ^ _1923_/C1 (sky130_fd_sc_hd__o211a_1)
                  0.05    0.18   20.97 ^ _1923_/X (sky130_fd_sc_hd__o211a_1)
     1    0.00                           _0123_ (net)
                  0.05    0.00   20.97 ^ hold170/A (sky130_fd_sc_hd__dlygate4sd3_1)
                  0.06    0.54   21.51 ^ hold170/X (sky130_fd_sc_hd__dlygate4sd3_1)
     1    0.00                           net176 (net)
                  0.06    0.00   21.51 ^ _2147_/D (sky130_fd_sc_hd__dfxtp_1)
                                 21.51   data arrival time

                        100.00  100.00   clock i_clk (rise edge)
                          0.00  100.00   clock source latency
                  0.00    0.00  100.00 ^ i_clk (in)
     1    0.03                           i_clk (net)
                  0.00    0.00  100.00 ^ clkbuf_0_i_clk/A (sky130_fd_sc_hd__clkbuf_16)
                  0.14    0.19  100.19 ^ clkbuf_0_i_clk/X (sky130_fd_sc_hd__clkbuf_16)
    16    0.13                           clknet_0_i_clk (net)
                  0.14    0.00  100.19 ^ clkbuf_4_12_0_i_clk/A (sky130_fd_sc_hd__clkbuf_8)
                  0.06    0.17  100.37 ^ clkbuf_4_12_0_i_clk/X (sky130_fd_sc_hd__clkbuf_8)
     6    0.03                           clknet_4_12_0_i_clk (net)
                  0.06    0.00  100.37 ^ _2147_/CLK (sky130_fd_sc_hd__dfxtp_1)
                         -0.50   99.87   clock uncertainty
                          0.00   99.87   clock reconvergence pessimism
                         -0.05   99.81   library setup time
                                 99.81   data required time
-----------------------------------------------------------------------------
                                 99.81   data required time
                                -21.51   data arrival time
-----------------------------------------------------------------------------
                                 78.31   slack (MET)


Startpoint: i_rst_n (input port clocked by i_clk)
Endpoint: _2149_ (rising edge-triggered flip-flop clocked by i_clk)
Path Group: i_clk
Path Type: max

Fanout     Cap    Slew   Delay    Time   Description
-----------------------------------------------------------------------------
                          0.00    0.00   clock i_clk (rise edge)
                          0.00    0.00   clock network delay (propagated)
                         20.00   20.00 ^ input external delay
                  0.00    0.00   20.00 ^ i_rst_n (in)
     1    0.00                           i_rst_n (net)
                  0.00    0.00   20.00 ^ input2/A (sky130_fd_sc_hd__dlymetal6s2s_1)
                  0.21    0.19   20.19 ^ input2/X (sky130_fd_sc_hd__dlymetal6s2s_1)
     5    0.02                           net2 (net)
                  0.21    0.00   20.19 ^ _1080_/A (sky130_fd_sc_hd__buf_2)
                  0.23    0.29   20.47 ^ _1080_/X (sky130_fd_sc_hd__buf_2)
    10    0.05                           _0471_ (net)
                  0.23    0.00   20.48 ^ _1916_/A (sky130_fd_sc_hd__clkbuf_4)
                  0.20    0.31   20.79 ^ _1916_/X (sky130_fd_sc_hd__clkbuf_4)
    10    0.06                           _0341_ (net)
                  0.20    0.01   20.79 ^ _1927_/C1 (sky130_fd_sc_hd__o211a_1)
                  0.05    0.18   20.97 ^ _1927_/X (sky130_fd_sc_hd__o211a_1)
     1    0.00                           _0125_ (net)
                  0.05    0.00   20.97 ^ hold81/A (sky130_fd_sc_hd__dlygate4sd3_1)
                  0.06    0.54   21.52 ^ hold81/X (sky130_fd_sc_hd__dlygate4sd3_1)
     1    0.00                           net87 (net)
                  0.06    0.00   21.52 ^ _2149_/D (sky130_fd_sc_hd__dfxtp_1)
                                 21.52   data arrival time

                        100.00  100.00   clock i_clk (rise edge)
                          0.00  100.00   clock source latency
                  0.00    0.00  100.00 ^ i_clk (in)
     1    0.03                           i_clk (net)
                  0.00    0.00  100.00 ^ clkbuf_0_i_clk/A (sky130_fd_sc_hd__clkbuf_16)
                  0.14    0.19  100.19 ^ clkbuf_0_i_clk/X (sky130_fd_sc_hd__clkbuf_16)
    16    0.13                           clknet_0_i_clk (net)
                  0.14    0.00  100.19 ^ clkbuf_4_13_0_i_clk/A (sky130_fd_sc_hd__clkbuf_8)
                  0.07    0.18  100.37 ^ clkbuf_4_13_0_i_clk/X (sky130_fd_sc_hd__clkbuf_8)
     9    0.03                           clknet_4_13_0_i_clk (net)
                  0.07    0.00  100.38 ^ _2149_/CLK (sky130_fd_sc_hd__dfxtp_1)
                         -0.50   99.88   clock uncertainty
                          0.00   99.88   clock reconvergence pessimism
                         -0.05   99.82   library setup time
                                 99.82   data required time
-----------------------------------------------------------------------------
                                 99.82   data required time
                                -21.52   data arrival time
-----------------------------------------------------------------------------
                                 78.31   slack (MET)


Startpoint: i_rst_n (input port clocked by i_clk)
Endpoint: _2081_ (rising edge-triggered flip-flop clocked by i_clk)
Path Group: i_clk
Path Type: max

Fanout     Cap    Slew   Delay    Time   Description
-----------------------------------------------------------------------------
                          0.00    0.00   clock i_clk (rise edge)
                          0.00    0.00   clock network delay (propagated)
                         20.00   20.00 ^ input external delay
                  0.00    0.00   20.00 ^ i_rst_n (in)
     1    0.00                           i_rst_n (net)
                  0.00    0.00   20.00 ^ input2/A (sky130_fd_sc_hd__dlymetal6s2s_1)
                  0.21    0.19   20.19 ^ input2/X (sky130_fd_sc_hd__dlymetal6s2s_1)
     5    0.02                           net2 (net)
                  0.21    0.00   20.19 ^ _1080_/A (sky130_fd_sc_hd__buf_2)
                  0.23    0.29   20.47 ^ _1080_/X (sky130_fd_sc_hd__buf_2)
    10    0.05                           _0471_ (net)
                  0.23    0.00   20.48 ^ _1614_/A (sky130_fd_sc_hd__clkbuf_4)
                  0.17    0.29   20.77 ^ _1614_/X (sky130_fd_sc_hd__clkbuf_4)
    10    0.05                           _0963_ (net)
                  0.17    0.00   20.77 ^ _1620_/C1 (sky130_fd_sc_hd__o221a_1)
                  0.06    0.20   20.97 ^ _1620_/X (sky130_fd_sc_hd__o221a_1)
     1    0.00                           _0057_ (net)
                  0.06    0.00   20.97 ^ hold75/A (sky130_fd_sc_hd__dlygate4sd3_1)
                  0.06    0.54   21.51 ^ hold75/X (sky130_fd_sc_hd__dlygate4sd3_1)
     1    0.00                           net81 (net)
                  0.06    0.00   21.51 ^ _2081_/D (sky130_fd_sc_hd__dfxtp_1)
                                 21.51   data arrival time

                        100.00  100.00   clock i_clk (rise edge)
                          0.00  100.00   clock source latency
                  0.00    0.00  100.00 ^ i_clk (in)
     1    0.03                           i_clk (net)
                  0.00    0.00  100.00 ^ clkbuf_0_i_clk/A (sky130_fd_sc_hd__clkbuf_16)
                  0.14    0.19  100.19 ^ clkbuf_0_i_clk/X (sky130_fd_sc_hd__clkbuf_16)
    16    0.13                           clknet_0_i_clk (net)
                  0.14    0.00  100.19 ^ clkbuf_4_11_0_i_clk/A (sky130_fd_sc_hd__clkbuf_8)
                  0.07    0.18  100.37 ^ clkbuf_4_11_0_i_clk/X (sky130_fd_sc_hd__clkbuf_8)
    10    0.03                           clknet_4_11_0_i_clk (net)
                  0.07    0.00  100.37 ^ _2081_/CLK (sky130_fd_sc_hd__dfxtp_1)
                         -0.50   99.87   clock uncertainty
                          0.00   99.87   clock reconvergence pessimism
                         -0.05   99.82   library setup time
                                 99.82   data required time
-----------------------------------------------------------------------------
                                 99.82   data required time
                                -21.51   data arrival time
-----------------------------------------------------------------------------
                                 78.31   slack (MET)


Startpoint: i_rst_n (input port clocked by i_clk)
Endpoint: _2035_ (rising edge-triggered flip-flop clocked by i_clk)
Path Group: i_clk
Path Type: max

Fanout     Cap    Slew   Delay    Time   Description
-----------------------------------------------------------------------------
                          0.00    0.00   clock i_clk (rise edge)
                          0.00    0.00   clock network delay (propagated)
                         20.00   20.00 ^ input external delay
                  0.00    0.00   20.00 ^ i_rst_n (in)
     1    0.00                           i_rst_n (net)
                  0.00    0.00   20.00 ^ input2/A (sky130_fd_sc_hd__dlymetal6s2s_1)
                  0.21    0.19   20.19 ^ input2/X (sky130_fd_sc_hd__dlymetal6s2s_1)
     5    0.02                           net2 (net)
                  0.21    0.00   20.19 ^ _1031_/B1_N (sky130_fd_sc_hd__a21boi_4)
                  0.20    0.28   20.47 ^ _1031_/Y (sky130_fd_sc_hd__a21boi_4)
     4    0.02                           _0434_ (net)
                  0.20    0.00   20.47 ^ _1034_/B1 (sky130_fd_sc_hd__o21a_4)
                  0.17    0.26   20.73 ^ _1034_/X (sky130_fd_sc_hd__o21a_4)
    10    0.05                           _0436_ (net)
                  0.17    0.00   20.73 ^ _1342_/A (sky130_fd_sc_hd__clkbuf_4)
                  0.20    0.29   21.02 ^ _1342_/X (sky130_fd_sc_hd__clkbuf_4)
    10    0.07                           _0721_ (net)
                  0.20    0.01   21.03 ^ _1343_/S (sky130_fd_sc_hd__mux2_1)
                  0.05    0.34   21.37 v _1343_/X (sky130_fd_sc_hd__mux2_1)
     1    0.00                           _0722_ (net)
                  0.05    0.00   21.37 v _1344_/A (sky130_fd_sc_hd__clkbuf_1)
                  0.02    0.09   21.46 v _1344_/X (sky130_fd_sc_hd__clkbuf_1)
     1    0.00                           _0020_ (net)
                  0.02    0.00   21.46 v _2035_/D (sky130_fd_sc_hd__dfxtp_1)
                                 21.46   data arrival time

                        100.00  100.00   clock i_clk (rise edge)
                          0.00  100.00   clock source latency
                  0.00    0.00  100.00 ^ i_clk (in)
     1    0.03                           i_clk (net)
                  0.00    0.00  100.00 ^ clkbuf_0_i_clk/A (sky130_fd_sc_hd__clkbuf_16)
                  0.14    0.19  100.19 ^ clkbuf_0_i_clk/X (sky130_fd_sc_hd__clkbuf_16)
    16    0.13                           clknet_0_i_clk (net)
                  0.14    0.00  100.19 ^ clkbuf_4_14_0_i_clk/A (sky130_fd_sc_hd__clkbuf_8)
                  0.05    0.17  100.36 ^ clkbuf_4_14_0_i_clk/X (sky130_fd_sc_hd__clkbuf_8)
     6    0.02                           clknet_4_14_0_i_clk (net)
                  0.05    0.00  100.36 ^ _2035_/CLK (sky130_fd_sc_hd__dfxtp_1)
                         -0.50   99.86   clock uncertainty
                          0.00   99.86   clock reconvergence pessimism
                         -0.10   99.76   library setup time
                                 99.76   data required time
-----------------------------------------------------------------------------
                                 99.76   data required time
                                -21.46   data arrival time
-----------------------------------------------------------------------------
                                 78.31   slack (MET)


Startpoint: i_rst_n (input port clocked by i_clk)
Endpoint: _2082_ (rising edge-triggered flip-flop clocked by i_clk)
Path Group: i_clk
Path Type: max

Fanout     Cap    Slew   Delay    Time   Description
-----------------------------------------------------------------------------
                          0.00    0.00   clock i_clk (rise edge)
                          0.00    0.00   clock network delay (propagated)
                         20.00   20.00 ^ input external delay
                  0.00    0.00   20.00 ^ i_rst_n (in)
     1    0.00                           i_rst_n (net)
                  0.00    0.00   20.00 ^ input2/A (sky130_fd_sc_hd__dlymetal6s2s_1)
                  0.21    0.19   20.19 ^ input2/X (sky130_fd_sc_hd__dlymetal6s2s_1)
     5    0.02                           net2 (net)
                  0.21    0.00   20.19 ^ _1080_/A (sky130_fd_sc_hd__buf_2)
                  0.23    0.29   20.47 ^ _1080_/X (sky130_fd_sc_hd__buf_2)
    10    0.05                           _0471_ (net)
                  0.23    0.00   20.48 ^ _1614_/A (sky130_fd_sc_hd__clkbuf_4)
                  0.17    0.29   20.77 ^ _1614_/X (sky130_fd_sc_hd__clkbuf_4)
    10    0.05                           _0963_ (net)
                  0.17    0.00   20.77 ^ _1622_/C1 (sky130_fd_sc_hd__o221a_1)
                  0.05    0.19   20.96 ^ _1622_/X (sky130_fd_sc_hd__o221a_1)
     1    0.00                           _0058_ (net)
                  0.05    0.00   20.96 ^ hold65/A (sky130_fd_sc_hd__dlygate4sd3_1)
                  0.06    0.54   21.50 ^ hold65/X (sky130_fd_sc_hd__dlygate4sd3_1)
     1    0.00                           net71 (net)
                  0.06    0.00   21.50 ^ _2082_/D (sky130_fd_sc_hd__dfxtp_1)
                                 21.50   data arrival time

                        100.00  100.00   clock i_clk (rise edge)
                          0.00  100.00   clock source latency
                  0.00    0.00  100.00 ^ i_clk (in)
     1    0.03                           i_clk (net)
                  0.00    0.00  100.00 ^ clkbuf_0_i_clk/A (sky130_fd_sc_hd__clkbuf_16)
                  0.14    0.19  100.19 ^ clkbuf_0_i_clk/X (sky130_fd_sc_hd__clkbuf_16)
    16    0.13                           clknet_0_i_clk (net)
                  0.14    0.00  100.19 ^ clkbuf_4_10_0_i_clk/A (sky130_fd_sc_hd__clkbuf_8)
                  0.06    0.17  100.36 ^ clkbuf_4_10_0_i_clk/X (sky130_fd_sc_hd__clkbuf_8)
     7    0.02                           clknet_4_10_0_i_clk (net)
                  0.06    0.00  100.37 ^ _2082_/CLK (sky130_fd_sc_hd__dfxtp_1)
                         -0.50   99.87   clock uncertainty
                          0.00   99.87   clock reconvergence pessimism
                         -0.06   99.81   library setup time
                                 99.81   data required time
-----------------------------------------------------------------------------
                                 99.81   data required time
                                -21.50   data arrival time
-----------------------------------------------------------------------------
                                 78.31   slack (MET)


Startpoint: i_rst_n (input port clocked by i_clk)
Endpoint: _2105_ (rising edge-triggered flip-flop clocked by i_clk)
Path Group: i_clk
Path Type: max

Fanout     Cap    Slew   Delay    Time   Description
-----------------------------------------------------------------------------
                          0.00    0.00   clock i_clk (rise edge)
                          0.00    0.00   clock network delay (propagated)
                         20.00   20.00 ^ input external delay
                  0.00    0.00   20.00 ^ i_rst_n (in)
     1    0.00                           i_rst_n (net)
                  0.00    0.00   20.00 ^ input2/A (sky130_fd_sc_hd__dlymetal6s2s_1)
                  0.21    0.19   20.19 ^ input2/X (sky130_fd_sc_hd__dlymetal6s2s_1)
     5    0.02                           net2 (net)
                  0.21    0.00   20.19 ^ _1080_/A (sky130_fd_sc_hd__buf_2)
                  0.23    0.29   20.47 ^ _1080_/X (sky130_fd_sc_hd__buf_2)
    10    0.05                           _0471_ (net)
                  0.23    0.00   20.48 ^ _1662_/A (sky130_fd_sc_hd__clkbuf_4)
                  0.16    0.28   20.76 ^ _1662_/X (sky130_fd_sc_hd__clkbuf_4)
    10    0.05                           _0992_ (net)
                  0.16    0.00   20.76 ^ _1678_/C1 (sky130_fd_sc_hd__o221a_1)
                  0.07    0.20   20.96 ^ _1678_/X (sky130_fd_sc_hd__o221a_1)
     1    0.00                           _0081_ (net)
                  0.07    0.00   20.97 ^ hold35/A (sky130_fd_sc_hd__dlygate4sd3_1)
                  0.06    0.55   21.52 ^ hold35/X (sky130_fd_sc_hd__dlygate4sd3_1)
     1    0.00                           net41 (net)
                  0.06    0.00   21.52 ^ _2105_/D (sky130_fd_sc_hd__dfxtp_1)
                                 21.52   data arrival time

                        100.00  100.00   clock i_clk (rise edge)
                          0.00  100.00   clock source latency
                  0.00    0.00  100.00 ^ i_clk (in)
     1    0.03                           i_clk (net)
                  0.00    0.00  100.00 ^ clkbuf_0_i_clk/A (sky130_fd_sc_hd__clkbuf_16)
                  0.14    0.19  100.19 ^ clkbuf_0_i_clk/X (sky130_fd_sc_hd__clkbuf_16)
    16    0.13                           clknet_0_i_clk (net)
                  0.14    0.01  100.19 ^ clkbuf_4_3_0_i_clk/A (sky130_fd_sc_hd__clkbuf_8)
                  0.08    0.19  100.38 ^ clkbuf_4_3_0_i_clk/X (sky130_fd_sc_hd__clkbuf_8)
    11    0.04                           clknet_4_3_0_i_clk (net)
                  0.08    0.00  100.38 ^ _2105_/CLK (sky130_fd_sc_hd__dfxtp_1)
                         -0.50   99.88   clock uncertainty
                          0.00   99.88   clock reconvergence pessimism
                         -0.05   99.83   library setup time
                                 99.83   data required time
-----------------------------------------------------------------------------
                                 99.83   data required time
                                -21.52   data arrival time
-----------------------------------------------------------------------------
                                 78.31   slack (MET)


Startpoint: i_rst_n (input port clocked by i_clk)
Endpoint: _2083_ (rising edge-triggered flip-flop clocked by i_clk)
Path Group: i_clk
Path Type: max

Fanout     Cap    Slew   Delay    Time   Description
-----------------------------------------------------------------------------
                          0.00    0.00   clock i_clk (rise edge)
                          0.00    0.00   clock network delay (propagated)
                         20.00   20.00 ^ input external delay
                  0.00    0.00   20.00 ^ i_rst_n (in)
     1    0.00                           i_rst_n (net)
                  0.00    0.00   20.00 ^ input2/A (sky130_fd_sc_hd__dlymetal6s2s_1)
                  0.21    0.19   20.19 ^ input2/X (sky130_fd_sc_hd__dlymetal6s2s_1)
     5    0.02                           net2 (net)
                  0.21    0.00   20.19 ^ _1080_/A (sky130_fd_sc_hd__buf_2)
                  0.23    0.29   20.47 ^ _1080_/X (sky130_fd_sc_hd__buf_2)
    10    0.05                           _0471_ (net)
                  0.23    0.00   20.48 ^ _1614_/A (sky130_fd_sc_hd__clkbuf_4)
                  0.17    0.29   20.77 ^ _1614_/X (sky130_fd_sc_hd__clkbuf_4)
    10    0.05                           _0963_ (net)
                  0.17    0.00   20.77 ^ _1624_/C1 (sky130_fd_sc_hd__o221a_1)
                  0.06    0.20   20.97 ^ _1624_/X (sky130_fd_sc_hd__o221a_1)
     1    0.00                           _0059_ (net)
                  0.06    0.00   20.97 ^ hold71/A (sky130_fd_sc_hd__dlygate4sd3_1)
                  0.05    0.53   21.50 ^ hold71/X (sky130_fd_sc_hd__dlygate4sd3_1)
     1    0.00                           net77 (net)
                  0.05    0.00   21.50 ^ _2083_/D (sky130_fd_sc_hd__dfxtp_1)
                                 21.50   data arrival time

                        100.00  100.00   clock i_clk (rise edge)
                          0.00  100.00   clock source latency
                  0.00    0.00  100.00 ^ i_clk (in)
     1    0.03                           i_clk (net)
                  0.00    0.00  100.00 ^ clkbuf_0_i_clk/A (sky130_fd_sc_hd__clkbuf_16)
                  0.14    0.19  100.19 ^ clkbuf_0_i_clk/X (sky130_fd_sc_hd__clkbuf_16)
    16    0.13                           clknet_0_i_clk (net)
                  0.14    0.00  100.19 ^ clkbuf_4_10_0_i_clk/A (sky130_fd_sc_hd__clkbuf_8)
                  0.06    0.17  100.36 ^ clkbuf_4_10_0_i_clk/X (sky130_fd_sc_hd__clkbuf_8)
     7    0.02                           clknet_4_10_0_i_clk (net)
                  0.06    0.00  100.37 ^ _2083_/CLK (sky130_fd_sc_hd__dfxtp_1)
                         -0.50   99.87   clock uncertainty
                          0.00   99.87   clock reconvergence pessimism
                         -0.05   99.81   library setup time
                                 99.81   data required time
-----------------------------------------------------------------------------
                                 99.81   data required time
                                -21.50   data arrival time
-----------------------------------------------------------------------------
                                 78.31   slack (MET)


Startpoint: i_rst_n (input port clocked by i_clk)
Endpoint: _2084_ (rising edge-triggered flip-flop clocked by i_clk)
Path Group: i_clk
Path Type: max

Fanout     Cap    Slew   Delay    Time   Description
-----------------------------------------------------------------------------
                          0.00    0.00   clock i_clk (rise edge)
                          0.00    0.00   clock network delay (propagated)
                         20.00   20.00 ^ input external delay
                  0.00    0.00   20.00 ^ i_rst_n (in)
     1    0.00                           i_rst_n (net)
                  0.00    0.00   20.00 ^ input2/A (sky130_fd_sc_hd__dlymetal6s2s_1)
                  0.21    0.19   20.19 ^ input2/X (sky130_fd_sc_hd__dlymetal6s2s_1)
     5    0.02                           net2 (net)
                  0.21    0.00   20.19 ^ _1080_/A (sky130_fd_sc_hd__buf_2)
                  0.23    0.29   20.47 ^ _1080_/X (sky130_fd_sc_hd__buf_2)
    10    0.05                           _0471_ (net)
                  0.23    0.00   20.48 ^ _1614_/A (sky130_fd_sc_hd__clkbuf_4)
                  0.17    0.29   20.77 ^ _1614_/X (sky130_fd_sc_hd__clkbuf_4)
    10    0.05                           _0963_ (net)
                  0.17    0.00   20.77 ^ _1626_/C1 (sky130_fd_sc_hd__o221a_1)
                  0.05    0.19   20.96 ^ _1626_/X (sky130_fd_sc_hd__o221a_1)
     1    0.00                           _0060_ (net)
                  0.05    0.00   20.96 ^ hold52/A (sky130_fd_sc_hd__dlygate4sd3_1)
                  0.06    0.55   21.51 ^ hold52/X (sky130_fd_sc_hd__dlygate4sd3_1)
     1    0.00                           net58 (net)
                  0.06    0.00   21.51 ^ _2084_/D (sky130_fd_sc_hd__dfxtp_1)
                                 21.51   data arrival time

                        100.00  100.00   clock i_clk (rise edge)
                          0.00  100.00   clock source latency
                  0.00    0.00  100.00 ^ i_clk (in)
     1    0.03                           i_clk (net)
                  0.00    0.00  100.00 ^ clkbuf_0_i_clk/A (sky130_fd_sc_hd__clkbuf_16)
                  0.14    0.19  100.19 ^ clkbuf_0_i_clk/X (sky130_fd_sc_hd__clkbuf_16)
    16    0.13                           clknet_0_i_clk (net)
                  0.14    0.00  100.19 ^ clkbuf_4_11_0_i_clk/A (sky130_fd_sc_hd__clkbuf_8)
                  0.07    0.18  100.37 ^ clkbuf_4_11_0_i_clk/X (sky130_fd_sc_hd__clkbuf_8)
    10    0.03                           clknet_4_11_0_i_clk (net)
                  0.07    0.00  100.37 ^ _2084_/CLK (sky130_fd_sc_hd__dfxtp_1)
                         -0.50   99.87   clock uncertainty
                          0.00   99.87   clock reconvergence pessimism
                         -0.05   99.82   library setup time
                                 99.82   data required time
-----------------------------------------------------------------------------
                                 99.82   data required time
                                -21.51   data arrival time
-----------------------------------------------------------------------------
                                 78.31   slack (MET)


Startpoint: i_rst_n (input port clocked by i_clk)
Endpoint: _2080_ (rising edge-triggered flip-flop clocked by i_clk)
Path Group: i_clk
Path Type: max

Fanout     Cap    Slew   Delay    Time   Description
-----------------------------------------------------------------------------
                          0.00    0.00   clock i_clk (rise edge)
                          0.00    0.00   clock network delay (propagated)
                         20.00   20.00 ^ input external delay
                  0.00    0.00   20.00 ^ i_rst_n (in)
     1    0.00                           i_rst_n (net)
                  0.00    0.00   20.00 ^ input2/A (sky130_fd_sc_hd__dlymetal6s2s_1)
                  0.21    0.19   20.19 ^ input2/X (sky130_fd_sc_hd__dlymetal6s2s_1)
     5    0.02                           net2 (net)
                  0.21    0.00   20.19 ^ _1080_/A (sky130_fd_sc_hd__buf_2)
                  0.23    0.29   20.47 ^ _1080_/X (sky130_fd_sc_hd__buf_2)
    10    0.05                           _0471_ (net)
                  0.23    0.00   20.48 ^ _1614_/A (sky130_fd_sc_hd__clkbuf_4)
                  0.17    0.29   20.77 ^ _1614_/X (sky130_fd_sc_hd__clkbuf_4)
    10    0.05                           _0963_ (net)
                  0.17    0.00   20.77 ^ _1618_/C1 (sky130_fd_sc_hd__o221a_1)
                  0.06    0.20   20.97 ^ _1618_/X (sky130_fd_sc_hd__o221a_1)
     1    0.00                           _0056_ (net)
                  0.06    0.00   20.97 ^ hold69/A (sky130_fd_sc_hd__dlygate4sd3_1)
                  0.05    0.54   21.51 ^ hold69/X (sky130_fd_sc_hd__dlygate4sd3_1)
     1    0.00                           net75 (net)
                  0.05    0.00   21.51 ^ _2080_/D (sky130_fd_sc_hd__dfxtp_1)
                                 21.51   data arrival time

                        100.00  100.00   clock i_clk (rise edge)
                          0.00  100.00   clock source latency
                  0.00    0.00  100.00 ^ i_clk (in)
     1    0.03                           i_clk (net)
                  0.00    0.00  100.00 ^ clkbuf_0_i_clk/A (sky130_fd_sc_hd__clkbuf_16)
                  0.14    0.19  100.19 ^ clkbuf_0_i_clk/X (sky130_fd_sc_hd__clkbuf_16)
    16    0.13                           clknet_0_i_clk (net)
                  0.14    0.00  100.19 ^ clkbuf_4_11_0_i_clk/A (sky130_fd_sc_hd__clkbuf_8)
                  0.07    0.18  100.37 ^ clkbuf_4_11_0_i_clk/X (sky130_fd_sc_hd__clkbuf_8)
    10    0.03                           clknet_4_11_0_i_clk (net)
                  0.07    0.00  100.37 ^ _2080_/CLK (sky130_fd_sc_hd__dfxtp_1)
                         -0.50   99.87   clock uncertainty
                          0.00   99.87   clock reconvergence pessimism
                         -0.05   99.82   library setup time
                                 99.82   data required time
-----------------------------------------------------------------------------
                                 99.82   data required time
                                -21.51   data arrival time
-----------------------------------------------------------------------------
                                 78.31   slack (MET)


Startpoint: i_rst_n (input port clocked by i_clk)
Endpoint: _2087_ (rising edge-triggered flip-flop clocked by i_clk)
Path Group: i_clk
Path Type: max

Fanout     Cap    Slew   Delay    Time   Description
-----------------------------------------------------------------------------
                          0.00    0.00   clock i_clk (rise edge)
                          0.00    0.00   clock network delay (propagated)
                         20.00   20.00 ^ input external delay
                  0.00    0.00   20.00 ^ i_rst_n (in)
     1    0.00                           i_rst_n (net)
                  0.00    0.00   20.00 ^ input2/A (sky130_fd_sc_hd__dlymetal6s2s_1)
                  0.21    0.19   20.19 ^ input2/X (sky130_fd_sc_hd__dlymetal6s2s_1)
     5    0.02                           net2 (net)
                  0.21    0.00   20.19 ^ _1080_/A (sky130_fd_sc_hd__buf_2)
                  0.23    0.29   20.47 ^ _1080_/X (sky130_fd_sc_hd__buf_2)
    10    0.05                           _0471_ (net)
                  0.23    0.00   20.48 ^ _1632_/A (sky130_fd_sc_hd__buf_2)
                  0.18    0.26   20.74 ^ _1632_/X (sky130_fd_sc_hd__buf_2)
    10    0.04                           _0973_ (net)
                  0.18    0.00   20.74 ^ _1633_/C1 (sky130_fd_sc_hd__o221a_1)
                  0.06    0.20   20.95 ^ _1633_/X (sky130_fd_sc_hd__o221a_1)
     1    0.00                           _0063_ (net)
                  0.06    0.00   20.95 ^ hold44/A (sky130_fd_sc_hd__dlygate4sd3_1)
                  0.07    0.56   21.51 ^ hold44/X (sky130_fd_sc_hd__dlygate4sd3_1)
     1    0.01                           net50 (net)
                  0.07    0.00   21.51 ^ _2087_/D (sky130_fd_sc_hd__dfxtp_1)
                                 21.51   data arrival time

                        100.00  100.00   clock i_clk (rise edge)
                          0.00  100.00   clock source latency
                  0.00    0.00  100.00 ^ i_clk (in)
     1    0.03                           i_clk (net)
                  0.00    0.00  100.00 ^ clkbuf_0_i_clk/A (sky130_fd_sc_hd__clkbuf_16)
                  0.14    0.19  100.19 ^ clkbuf_0_i_clk/X (sky130_fd_sc_hd__clkbuf_16)
    16    0.13                           clknet_0_i_clk (net)
                  0.14    0.00  100.19 ^ clkbuf_4_9_0_i_clk/A (sky130_fd_sc_hd__clkbuf_8)
                  0.08    0.18  100.38 ^ clkbuf_4_9_0_i_clk/X (sky130_fd_sc_hd__clkbuf_8)
    11    0.04                           clknet_4_9_0_i_clk (net)
                  0.08    0.00  100.38 ^ _2087_/CLK (sky130_fd_sc_hd__dfxtp_1)
                         -0.50   99.88   clock uncertainty
                          0.00   99.88   clock reconvergence pessimism
                         -0.06   99.82   library setup time
                                 99.82   data required time
-----------------------------------------------------------------------------
                                 99.82   data required time
                                -21.51   data arrival time
-----------------------------------------------------------------------------
                                 78.32   slack (MET)


Startpoint: i_rst_n (input port clocked by i_clk)
Endpoint: _2155_ (rising edge-triggered flip-flop clocked by i_clk)
Path Group: i_clk
Path Type: max

Fanout     Cap    Slew   Delay    Time   Description
-----------------------------------------------------------------------------
                          0.00    0.00   clock i_clk (rise edge)
                          0.00    0.00   clock network delay (propagated)
                         20.00   20.00 ^ input external delay
                  0.00    0.00   20.00 ^ i_rst_n (in)
     1    0.00                           i_rst_n (net)
                  0.00    0.00   20.00 ^ input2/A (sky130_fd_sc_hd__dlymetal6s2s_1)
                  0.21    0.19   20.19 ^ input2/X (sky130_fd_sc_hd__dlymetal6s2s_1)
     5    0.02                           net2 (net)
                  0.21    0.00   20.19 ^ _1080_/A (sky130_fd_sc_hd__buf_2)
                  0.23    0.29   20.47 ^ _1080_/X (sky130_fd_sc_hd__buf_2)
    10    0.05                           _0471_ (net)
                  0.23    0.00   20.48 ^ _1960_/A (sky130_fd_sc_hd__clkbuf_4)
                  0.16    0.29   20.76 ^ _1960_/X (sky130_fd_sc_hd__clkbuf_4)
    10    0.05                           _0374_ (net)
                  0.16    0.01   20.77 ^ _1961_/C1 (sky130_fd_sc_hd__o211a_1)
                  0.04    0.16   20.93 ^ _1961_/X (sky130_fd_sc_hd__o211a_1)
     1    0.00                           _0131_ (net)
                  0.04    0.00   20.93 ^ hold98/A (sky130_fd_sc_hd__dlygate4sd3_1)
                  0.08    0.56   21.49 ^ hold98/X (sky130_fd_sc_hd__dlygate4sd3_1)
     1    0.01                           net104 (net)
                  0.08    0.00   21.49 ^ _2155_/D (sky130_fd_sc_hd__dfxtp_1)
                                 21.49   data arrival time

                        100.00  100.00   clock i_clk (rise edge)
                          0.00  100.00   clock source latency
                  0.00    0.00  100.00 ^ i_clk (in)
     1    0.03                           i_clk (net)
                  0.00    0.00  100.00 ^ clkbuf_0_i_clk/A (sky130_fd_sc_hd__clkbuf_16)
                  0.14    0.19  100.19 ^ clkbuf_0_i_clk/X (sky130_fd_sc_hd__clkbuf_16)
    16    0.13                           clknet_0_i_clk (net)
                  0.14    0.00  100.19 ^ clkbuf_4_8_0_i_clk/A (sky130_fd_sc_hd__clkbuf_8)
                  0.07    0.18  100.37 ^ clkbuf_4_8_0_i_clk/X (sky130_fd_sc_hd__clkbuf_8)
    10    0.03                           clknet_4_8_0_i_clk (net)
                  0.07    0.00  100.37 ^ _2155_/CLK (sky130_fd_sc_hd__dfxtp_1)
                         -0.50   99.87   clock uncertainty
                          0.00   99.87   clock reconvergence pessimism
                         -0.06   99.81   library setup time
                                 99.81   data required time
-----------------------------------------------------------------------------
                                 99.81   data required time
                                -21.49   data arrival time
-----------------------------------------------------------------------------
                                 78.32   slack (MET)


Startpoint: i_rst_n (input port clocked by i_clk)
Endpoint: _2156_ (rising edge-triggered flip-flop clocked by i_clk)
Path Group: i_clk
Path Type: max

Fanout     Cap    Slew   Delay    Time   Description
-----------------------------------------------------------------------------
                          0.00    0.00   clock i_clk (rise edge)
                          0.00    0.00   clock network delay (propagated)
                         20.00   20.00 ^ input external delay
                  0.00    0.00   20.00 ^ i_rst_n (in)
     1    0.00                           i_rst_n (net)
                  0.00    0.00   20.00 ^ input2/A (sky130_fd_sc_hd__dlymetal6s2s_1)
                  0.21    0.19   20.19 ^ input2/X (sky130_fd_sc_hd__dlymetal6s2s_1)
     5    0.02                           net2 (net)
                  0.21    0.00   20.19 ^ _1080_/A (sky130_fd_sc_hd__buf_2)
                  0.23    0.29   20.47 ^ _1080_/X (sky130_fd_sc_hd__buf_2)
    10    0.05                           _0471_ (net)
                  0.23    0.00   20.48 ^ _1960_/A (sky130_fd_sc_hd__clkbuf_4)
                  0.16    0.29   20.76 ^ _1960_/X (sky130_fd_sc_hd__clkbuf_4)
    10    0.05                           _0374_ (net)
                  0.16    0.01   20.77 ^ _1965_/C1 (sky130_fd_sc_hd__o211a_1)
                  0.04    0.16   20.93 ^ _1965_/X (sky130_fd_sc_hd__o211a_1)
     1    0.00                           _0132_ (net)
                  0.04    0.00   20.93 ^ hold94/A (sky130_fd_sc_hd__dlygate4sd3_1)
                  0.08    0.55   21.48 ^ hold94/X (sky130_fd_sc_hd__dlygate4sd3_1)
     1    0.01                           net100 (net)
                  0.08    0.00   21.48 ^ _2156_/D (sky130_fd_sc_hd__dfxtp_1)
                                 21.48   data arrival time

                        100.00  100.00   clock i_clk (rise edge)
                          0.00  100.00   clock source latency
                  0.00    0.00  100.00 ^ i_clk (in)
     1    0.03                           i_clk (net)
                  0.00    0.00  100.00 ^ clkbuf_0_i_clk/A (sky130_fd_sc_hd__clkbuf_16)
                  0.14    0.19  100.19 ^ clkbuf_0_i_clk/X (sky130_fd_sc_hd__clkbuf_16)
    16    0.13                           clknet_0_i_clk (net)
                  0.14    0.00  100.19 ^ clkbuf_4_10_0_i_clk/A (sky130_fd_sc_hd__clkbuf_8)
                  0.06    0.17  100.36 ^ clkbuf_4_10_0_i_clk/X (sky130_fd_sc_hd__clkbuf_8)
     7    0.02                           clknet_4_10_0_i_clk (net)
                  0.06    0.00  100.37 ^ _2156_/CLK (sky130_fd_sc_hd__dfxtp_1)
                         -0.50   99.87   clock uncertainty
                          0.00   99.87   clock reconvergence pessimism
                         -0.06   99.81   library setup time
                                 99.81   data required time
-----------------------------------------------------------------------------
                                 99.81   data required time
                                -21.48   data arrival time
-----------------------------------------------------------------------------
                                 78.32   slack (MET)


Startpoint: i_rst_n (input port clocked by i_clk)
Endpoint: _2148_ (rising edge-triggered flip-flop clocked by i_clk)
Path Group: i_clk
Path Type: max

Fanout     Cap    Slew   Delay    Time   Description
-----------------------------------------------------------------------------
                          0.00    0.00   clock i_clk (rise edge)
                          0.00    0.00   clock network delay (propagated)
                         20.00   20.00 ^ input external delay
                  0.00    0.00   20.00 ^ i_rst_n (in)
     1    0.00                           i_rst_n (net)
                  0.00    0.00   20.00 ^ input2/A (sky130_fd_sc_hd__dlymetal6s2s_1)
                  0.21    0.19   20.19 ^ input2/X (sky130_fd_sc_hd__dlymetal6s2s_1)
     5    0.02                           net2 (net)
                  0.21    0.00   20.19 ^ _1080_/A (sky130_fd_sc_hd__buf_2)
                  0.23    0.29   20.47 ^ _1080_/X (sky130_fd_sc_hd__buf_2)
    10    0.05                           _0471_ (net)
                  0.23    0.00   20.48 ^ _1916_/A (sky130_fd_sc_hd__clkbuf_4)
                  0.20    0.31   20.79 ^ _1916_/X (sky130_fd_sc_hd__clkbuf_4)
    10    0.06                           _0341_ (net)
                  0.20    0.01   20.79 ^ _1925_/C1 (sky130_fd_sc_hd__o211a_1)
                  0.05    0.17   20.97 ^ _1925_/X (sky130_fd_sc_hd__o211a_1)
     1    0.00                           _0124_ (net)
                  0.05    0.00   20.97 ^ hold54/A (sky130_fd_sc_hd__dlygate4sd3_1)
                  0.05    0.53   21.50 ^ hold54/X (sky130_fd_sc_hd__dlygate4sd3_1)
     1    0.00                           net60 (net)
                  0.05    0.00   21.50 ^ _2148_/D (sky130_fd_sc_hd__dfxtp_1)
                                 21.50   data arrival time

                        100.00  100.00   clock i_clk (rise edge)
                          0.00  100.00   clock source latency
                  0.00    0.00  100.00 ^ i_clk (in)
     1    0.03                           i_clk (net)
                  0.00    0.00  100.00 ^ clkbuf_0_i_clk/A (sky130_fd_sc_hd__clkbuf_16)
                  0.14    0.19  100.19 ^ clkbuf_0_i_clk/X (sky130_fd_sc_hd__clkbuf_16)
    16    0.13                           clknet_0_i_clk (net)
                  0.14    0.00  100.19 ^ clkbuf_4_13_0_i_clk/A (sky130_fd_sc_hd__clkbuf_8)
                  0.07    0.18  100.37 ^ clkbuf_4_13_0_i_clk/X (sky130_fd_sc_hd__clkbuf_8)
     9    0.03                           clknet_4_13_0_i_clk (net)
                  0.07    0.00  100.37 ^ _2148_/CLK (sky130_fd_sc_hd__dfxtp_1)
                         -0.50   99.87   clock uncertainty
                          0.00   99.87   clock reconvergence pessimism
                         -0.05   99.82   library setup time
                                 99.82   data required time
-----------------------------------------------------------------------------
                                 99.82   data required time
                                -21.50   data arrival time
-----------------------------------------------------------------------------
                                 78.32   slack (MET)


Startpoint: i_rst_n (input port clocked by i_clk)
Endpoint: _2101_ (rising edge-triggered flip-flop clocked by i_clk)
Path Group: i_clk
Path Type: max

Fanout     Cap    Slew   Delay    Time   Description
-----------------------------------------------------------------------------
                          0.00    0.00   clock i_clk (rise edge)
                          0.00    0.00   clock network delay (propagated)
                         20.00   20.00 ^ input external delay
                  0.00    0.00   20.00 ^ i_rst_n (in)
     1    0.00                           i_rst_n (net)
                  0.00    0.00   20.00 ^ input2/A (sky130_fd_sc_hd__dlymetal6s2s_1)
                  0.21    0.19   20.19 ^ input2/X (sky130_fd_sc_hd__dlymetal6s2s_1)
     5    0.02                           net2 (net)
                  0.21    0.00   20.19 ^ _1080_/A (sky130_fd_sc_hd__buf_2)
                  0.23    0.29   20.47 ^ _1080_/X (sky130_fd_sc_hd__buf_2)
    10    0.05                           _0471_ (net)
                  0.23    0.00   20.48 ^ _1662_/A (sky130_fd_sc_hd__clkbuf_4)
                  0.16    0.28   20.76 ^ _1662_/X (sky130_fd_sc_hd__clkbuf_4)
    10    0.05                           _0992_ (net)
                  0.16    0.00   20.76 ^ _1670_/C1 (sky130_fd_sc_hd__o221a_1)
                  0.05    0.19   20.95 ^ _1670_/X (sky130_fd_sc_hd__o221a_1)
     1    0.00                           _0077_ (net)
                  0.05    0.00   20.95 ^ hold50/A (sky130_fd_sc_hd__dlygate4sd3_1)
                  0.06    0.54   21.50 ^ hold50/X (sky130_fd_sc_hd__dlygate4sd3_1)
     1    0.00                           net56 (net)
                  0.06    0.00   21.50 ^ _2101_/D (sky130_fd_sc_hd__dfxtp_1)
                                 21.50   data arrival time

                        100.00  100.00   clock i_clk (rise edge)
                          0.00  100.00   clock source latency
                  0.00    0.00  100.00 ^ i_clk (in)
     1    0.03                           i_clk (net)
                  0.00    0.00  100.00 ^ clkbuf_0_i_clk/A (sky130_fd_sc_hd__clkbuf_16)
                  0.14    0.19  100.19 ^ clkbuf_0_i_clk/X (sky130_fd_sc_hd__clkbuf_16)
    16    0.13                           clknet_0_i_clk (net)
                  0.14    0.00  100.19 ^ clkbuf_4_8_0_i_clk/A (sky130_fd_sc_hd__clkbuf_8)
                  0.07    0.18  100.37 ^ clkbuf_4_8_0_i_clk/X (sky130_fd_sc_hd__clkbuf_8)
    10    0.03                           clknet_4_8_0_i_clk (net)
                  0.07    0.00  100.37 ^ _2101_/CLK (sky130_fd_sc_hd__dfxtp_1)
                         -0.50   99.87   clock uncertainty
                          0.00   99.87   clock reconvergence pessimism
                         -0.05   99.82   library setup time
                                 99.82   data required time
-----------------------------------------------------------------------------
                                 99.82   data required time
                                -21.50   data arrival time
-----------------------------------------------------------------------------
                                 78.32   slack (MET)


Startpoint: i_rst_n (input port clocked by i_clk)
Endpoint: _2152_ (rising edge-triggered flip-flop clocked by i_clk)
Path Group: i_clk
Path Type: max

Fanout     Cap    Slew   Delay    Time   Description
-----------------------------------------------------------------------------
                          0.00    0.00   clock i_clk (rise edge)
                          0.00    0.00   clock network delay (propagated)
                         20.00   20.00 ^ input external delay
                  0.00    0.00   20.00 ^ i_rst_n (in)
     1    0.00                           i_rst_n (net)
                  0.00    0.00   20.00 ^ input2/A (sky130_fd_sc_hd__dlymetal6s2s_1)
                  0.21    0.19   20.19 ^ input2/X (sky130_fd_sc_hd__dlymetal6s2s_1)
     5    0.02                           net2 (net)
                  0.21    0.00   20.19 ^ _1080_/A (sky130_fd_sc_hd__buf_2)
                  0.23    0.29   20.47 ^ _1080_/X (sky130_fd_sc_hd__buf_2)
    10    0.05                           _0471_ (net)
                  0.23    0.00   20.48 ^ _1916_/A (sky130_fd_sc_hd__clkbuf_4)
                  0.20    0.31   20.79 ^ _1916_/X (sky130_fd_sc_hd__clkbuf_4)
    10    0.06                           _0341_ (net)
                  0.20    0.00   20.79 ^ _1948_/C1 (sky130_fd_sc_hd__o211a_1)
                  0.04    0.17   20.96 ^ _1948_/X (sky130_fd_sc_hd__o211a_1)
     1    0.00                           _0128_ (net)
                  0.04    0.00   20.96 ^ hold102/A (sky130_fd_sc_hd__dlygate4sd3_1)
                  0.06    0.54   21.49 ^ hold102/X (sky130_fd_sc_hd__dlygate4sd3_1)
     1    0.00                           net108 (net)
                  0.06    0.00   21.49 ^ _2152_/D (sky130_fd_sc_hd__dfxtp_1)
                                 21.49   data arrival time

                        100.00  100.00   clock i_clk (rise edge)
                          0.00  100.00   clock source latency
                  0.00    0.00  100.00 ^ i_clk (in)
     1    0.03                           i_clk (net)
                  0.00    0.00  100.00 ^ clkbuf_0_i_clk/A (sky130_fd_sc_hd__clkbuf_16)
                  0.14    0.19  100.19 ^ clkbuf_0_i_clk/X (sky130_fd_sc_hd__clkbuf_16)
    16    0.13                           clknet_0_i_clk (net)
                  0.14    0.00  100.19 ^ clkbuf_4_8_0_i_clk/A (sky130_fd_sc_hd__clkbuf_8)
                  0.07    0.18  100.37 ^ clkbuf_4_8_0_i_clk/X (sky130_fd_sc_hd__clkbuf_8)
    10    0.03                           clknet_4_8_0_i_clk (net)
                  0.07    0.00  100.38 ^ _2152_/CLK (sky130_fd_sc_hd__dfxtp_1)
                         -0.50   99.88   clock uncertainty
                          0.00   99.88   clock reconvergence pessimism
                         -0.05   99.82   library setup time
                                 99.82   data required time
-----------------------------------------------------------------------------
                                 99.82   data required time
                                -21.49   data arrival time
-----------------------------------------------------------------------------
                                 78.33   slack (MET)


Startpoint: i_rst_n (input port clocked by i_clk)
Endpoint: _2150_ (rising edge-triggered flip-flop clocked by i_clk)
Path Group: i_clk
Path Type: max

Fanout     Cap    Slew   Delay    Time   Description
-----------------------------------------------------------------------------
                          0.00    0.00   clock i_clk (rise edge)
                          0.00    0.00   clock network delay (propagated)
                         20.00   20.00 ^ input external delay
                  0.00    0.00   20.00 ^ i_rst_n (in)
     1    0.00                           i_rst_n (net)
                  0.00    0.00   20.00 ^ input2/A (sky130_fd_sc_hd__dlymetal6s2s_1)
                  0.21    0.19   20.19 ^ input2/X (sky130_fd_sc_hd__dlymetal6s2s_1)
     5    0.02                           net2 (net)
                  0.21    0.00   20.19 ^ _1080_/A (sky130_fd_sc_hd__buf_2)
                  0.23    0.29   20.47 ^ _1080_/X (sky130_fd_sc_hd__buf_2)
    10    0.05                           _0471_ (net)
                  0.23    0.00   20.48 ^ _1916_/A (sky130_fd_sc_hd__clkbuf_4)
                  0.20    0.31   20.79 ^ _1916_/X (sky130_fd_sc_hd__clkbuf_4)
    10    0.06                           _0341_ (net)
                  0.20    0.01   20.79 ^ _1929_/C1 (sky130_fd_sc_hd__o211a_1)
                  0.04    0.17   20.96 ^ _1929_/X (sky130_fd_sc_hd__o211a_1)
     1    0.00                           _0126_ (net)
                  0.04    0.00   20.96 ^ hold133/A (sky130_fd_sc_hd__dlygate4sd3_1)
                  0.05    0.53   21.50 ^ hold133/X (sky130_fd_sc_hd__dlygate4sd3_1)
     1    0.00                           net139 (net)
                  0.05    0.00   21.50 ^ _2150_/D (sky130_fd_sc_hd__dfxtp_1)
                                 21.50   data arrival time

                        100.00  100.00   clock i_clk (rise edge)
                          0.00  100.00   clock source latency
                  0.00    0.00  100.00 ^ i_clk (in)
     1    0.03                           i_clk (net)
                  0.00    0.00  100.00 ^ clkbuf_0_i_clk/A (sky130_fd_sc_hd__clkbuf_16)
                  0.14    0.19  100.19 ^ clkbuf_0_i_clk/X (sky130_fd_sc_hd__clkbuf_16)
    16    0.13                           clknet_0_i_clk (net)
                  0.14    0.00  100.19 ^ clkbuf_4_13_0_i_clk/A (sky130_fd_sc_hd__clkbuf_8)
                  0.07    0.18  100.37 ^ clkbuf_4_13_0_i_clk/X (sky130_fd_sc_hd__clkbuf_8)
     9    0.03                           clknet_4_13_0_i_clk (net)
                  0.07    0.00  100.37 ^ _2150_/CLK (sky130_fd_sc_hd__dfxtp_1)
                         -0.50   99.87   clock uncertainty
                          0.00   99.87   clock reconvergence pessimism
                         -0.05   99.82   library setup time
                                 99.82   data required time
-----------------------------------------------------------------------------
                                 99.82   data required time
                                -21.50   data arrival time
-----------------------------------------------------------------------------
                                 78.33   slack (MET)


Startpoint: i_rst_n (input port clocked by i_clk)
Endpoint: _2106_ (rising edge-triggered flip-flop clocked by i_clk)
Path Group: i_clk
Path Type: max

Fanout     Cap    Slew   Delay    Time   Description
-----------------------------------------------------------------------------
                          0.00    0.00   clock i_clk (rise edge)
                          0.00    0.00   clock network delay (propagated)
                         20.00   20.00 ^ input external delay
                  0.00    0.00   20.00 ^ i_rst_n (in)
     1    0.00                           i_rst_n (net)
                  0.00    0.00   20.00 ^ input2/A (sky130_fd_sc_hd__dlymetal6s2s_1)
                  0.21    0.19   20.19 ^ input2/X (sky130_fd_sc_hd__dlymetal6s2s_1)
     5    0.02                           net2 (net)
                  0.21    0.00   20.19 ^ _1080_/A (sky130_fd_sc_hd__buf_2)
                  0.23    0.29   20.47 ^ _1080_/X (sky130_fd_sc_hd__buf_2)
    10    0.05                           _0471_ (net)
                  0.23    0.00   20.48 ^ _1662_/A (sky130_fd_sc_hd__clkbuf_4)
                  0.16    0.28   20.76 ^ _1662_/X (sky130_fd_sc_hd__clkbuf_4)
    10    0.05                           _0992_ (net)
                  0.16    0.00   20.76 ^ _1680_/C1 (sky130_fd_sc_hd__o221a_1)
                  0.06    0.20   20.96 ^ _1680_/X (sky130_fd_sc_hd__o221a_1)
     1    0.00                           _0082_ (net)
                  0.06    0.00   20.96 ^ hold29/A (sky130_fd_sc_hd__dlygate4sd3_1)
                  0.06    0.54   21.50 ^ hold29/X (sky130_fd_sc_hd__dlygate4sd3_1)
     1    0.00                           net35 (net)
                  0.06    0.00   21.50 ^ _2106_/D (sky130_fd_sc_hd__dfxtp_1)
                                 21.50   data arrival time

                        100.00  100.00   clock i_clk (rise edge)
                          0.00  100.00   clock source latency
                  0.00    0.00  100.00 ^ i_clk (in)
     1    0.03                           i_clk (net)
                  0.00    0.00  100.00 ^ clkbuf_0_i_clk/A (sky130_fd_sc_hd__clkbuf_16)
                  0.14    0.19  100.19 ^ clkbuf_0_i_clk/X (sky130_fd_sc_hd__clkbuf_16)
    16    0.13                           clknet_0_i_clk (net)
                  0.14    0.01  100.19 ^ clkbuf_4_3_0_i_clk/A (sky130_fd_sc_hd__clkbuf_8)
                  0.08    0.19  100.38 ^ clkbuf_4_3_0_i_clk/X (sky130_fd_sc_hd__clkbuf_8)
    11    0.04                           clknet_4_3_0_i_clk (net)
                  0.08    0.00  100.38 ^ _2106_/CLK (sky130_fd_sc_hd__dfxtp_1)
                         -0.50   99.88   clock uncertainty
                          0.00   99.88   clock reconvergence pessimism
                         -0.05   99.83   library setup time
                                 99.83   data required time
-----------------------------------------------------------------------------
                                 99.83   data required time
                                -21.50   data arrival time
-----------------------------------------------------------------------------
                                 78.33   slack (MET)


Startpoint: i_rst_n (input port clocked by i_clk)
Endpoint: _2097_ (rising edge-triggered flip-flop clocked by i_clk)
Path Group: i_clk
Path Type: max

Fanout     Cap    Slew   Delay    Time   Description
-----------------------------------------------------------------------------
                          0.00    0.00   clock i_clk (rise edge)
                          0.00    0.00   clock network delay (propagated)
                         20.00   20.00 ^ input external delay
                  0.00    0.00   20.00 ^ i_rst_n (in)
     1    0.00                           i_rst_n (net)
                  0.00    0.00   20.00 ^ input2/A (sky130_fd_sc_hd__dlymetal6s2s_1)
                  0.21    0.19   20.19 ^ input2/X (sky130_fd_sc_hd__dlymetal6s2s_1)
     5    0.02                           net2 (net)
                  0.21    0.00   20.19 ^ _1080_/A (sky130_fd_sc_hd__buf_2)
                  0.23    0.29   20.47 ^ _1080_/X (sky130_fd_sc_hd__buf_2)
    10    0.05                           _0471_ (net)
                  0.23    0.00   20.48 ^ _1632_/A (sky130_fd_sc_hd__buf_2)
                  0.18    0.26   20.74 ^ _1632_/X (sky130_fd_sc_hd__buf_2)
    10    0.04                           _0973_ (net)
                  0.18    0.00   20.74 ^ _1660_/C1 (sky130_fd_sc_hd__o221a_1)
                  0.06    0.20   20.95 ^ _1660_/X (sky130_fd_sc_hd__o221a_1)
     1    0.00                           _0073_ (net)
                  0.06    0.00   20.95 ^ hold31/A (sky130_fd_sc_hd__dlygate4sd3_1)
                  0.06    0.55   21.49 ^ hold31/X (sky130_fd_sc_hd__dlygate4sd3_1)
     1    0.00                           net37 (net)
                  0.06    0.00   21.49 ^ _2097_/D (sky130_fd_sc_hd__dfxtp_1)
                                 21.49   data arrival time

                        100.00  100.00   clock i_clk (rise edge)
                          0.00  100.00   clock source latency
                  0.00    0.00  100.00 ^ i_clk (in)
     1    0.03                           i_clk (net)
                  0.00    0.00  100.00 ^ clkbuf_0_i_clk/A (sky130_fd_sc_hd__clkbuf_16)
                  0.14    0.19  100.19 ^ clkbuf_0_i_clk/X (sky130_fd_sc_hd__clkbuf_16)
    16    0.13                           clknet_0_i_clk (net)
                  0.14    0.00  100.19 ^ clkbuf_4_9_0_i_clk/A (sky130_fd_sc_hd__clkbuf_8)
                  0.08    0.18  100.38 ^ clkbuf_4_9_0_i_clk/X (sky130_fd_sc_hd__clkbuf_8)
    11    0.04                           clknet_4_9_0_i_clk (net)
                  0.08    0.00  100.38 ^ _2097_/CLK (sky130_fd_sc_hd__dfxtp_1)
                         -0.50   99.88   clock uncertainty
                          0.00   99.88   clock reconvergence pessimism
                         -0.05   99.83   library setup time
                                 99.83   data required time
-----------------------------------------------------------------------------
                                 99.83   data required time
                                -21.49   data arrival time
-----------------------------------------------------------------------------
                                 78.33   slack (MET)


Startpoint: i_rst_n (input port clocked by i_clk)
Endpoint: _2099_ (rising edge-triggered flip-flop clocked by i_clk)
Path Group: i_clk
Path Type: max

Fanout     Cap    Slew   Delay    Time   Description
-----------------------------------------------------------------------------
                          0.00    0.00   clock i_clk (rise edge)
                          0.00    0.00   clock network delay (propagated)
                         20.00   20.00 ^ input external delay
                  0.00    0.00   20.00 ^ i_rst_n (in)
     1    0.00                           i_rst_n (net)
                  0.00    0.00   20.00 ^ input2/A (sky130_fd_sc_hd__dlymetal6s2s_1)
                  0.21    0.19   20.19 ^ input2/X (sky130_fd_sc_hd__dlymetal6s2s_1)
     5    0.02                           net2 (net)
                  0.21    0.00   20.19 ^ _1080_/A (sky130_fd_sc_hd__buf_2)
                  0.23    0.29   20.47 ^ _1080_/X (sky130_fd_sc_hd__buf_2)
    10    0.05                           _0471_ (net)
                  0.23    0.00   20.48 ^ _1662_/A (sky130_fd_sc_hd__clkbuf_4)
                  0.16    0.28   20.76 ^ _1662_/X (sky130_fd_sc_hd__clkbuf_4)
    10    0.05                           _0992_ (net)
                  0.16    0.00   20.76 ^ _1666_/C1 (sky130_fd_sc_hd__o221a_1)
                  0.05    0.18   20.95 ^ _1666_/X (sky130_fd_sc_hd__o221a_1)
     1    0.00                           _0075_ (net)
                  0.05    0.00   20.95 ^ hold11/A (sky130_fd_sc_hd__dlygate4sd3_1)
                  0.06    0.54   21.49 ^ hold11/X (sky130_fd_sc_hd__dlygate4sd3_1)
     1    0.00                           net17 (net)
                  0.06    0.00   21.49 ^ _2099_/D (sky130_fd_sc_hd__dfxtp_1)
                                 21.49   data arrival time

                        100.00  100.00   clock i_clk (rise edge)
                          0.00  100.00   clock source latency
                  0.00    0.00  100.00 ^ i_clk (in)
     1    0.03                           i_clk (net)
                  0.00    0.00  100.00 ^ clkbuf_0_i_clk/A (sky130_fd_sc_hd__clkbuf_16)
                  0.14    0.19  100.19 ^ clkbuf_0_i_clk/X (sky130_fd_sc_hd__clkbuf_16)
    16    0.13                           clknet_0_i_clk (net)
                  0.14    0.00  100.19 ^ clkbuf_4_8_0_i_clk/A (sky130_fd_sc_hd__clkbuf_8)
                  0.07    0.18  100.37 ^ clkbuf_4_8_0_i_clk/X (sky130_fd_sc_hd__clkbuf_8)
    10    0.03                           clknet_4_8_0_i_clk (net)
                  0.07    0.00  100.37 ^ _2099_/CLK (sky130_fd_sc_hd__dfxtp_1)
                         -0.50   99.87   clock uncertainty
                          0.00   99.87   clock reconvergence pessimism
                         -0.05   99.82   library setup time
                                 99.82   data required time
-----------------------------------------------------------------------------
                                 99.82   data required time
                                -21.49   data arrival time
-----------------------------------------------------------------------------
                                 78.33   slack (MET)


Startpoint: i_rst_n (input port clocked by i_clk)
Endpoint: _2102_ (rising edge-triggered flip-flop clocked by i_clk)
Path Group: i_clk
Path Type: max

Fanout     Cap    Slew   Delay    Time   Description
-----------------------------------------------------------------------------
                          0.00    0.00   clock i_clk (rise edge)
                          0.00    0.00   clock network delay (propagated)
                         20.00   20.00 ^ input external delay
                  0.00    0.00   20.00 ^ i_rst_n (in)
     1    0.00                           i_rst_n (net)
                  0.00    0.00   20.00 ^ input2/A (sky130_fd_sc_hd__dlymetal6s2s_1)
                  0.21    0.19   20.19 ^ input2/X (sky130_fd_sc_hd__dlymetal6s2s_1)
     5    0.02                           net2 (net)
                  0.21    0.00   20.19 ^ _1080_/A (sky130_fd_sc_hd__buf_2)
                  0.23    0.29   20.47 ^ _1080_/X (sky130_fd_sc_hd__buf_2)
    10    0.05                           _0471_ (net)
                  0.23    0.00   20.48 ^ _1662_/A (sky130_fd_sc_hd__clkbuf_4)
                  0.16    0.28   20.76 ^ _1662_/X (sky130_fd_sc_hd__clkbuf_4)
    10    0.05                           _0992_ (net)
                  0.16    0.00   20.76 ^ _1672_/C1 (sky130_fd_sc_hd__o221a_1)
                  0.05    0.19   20.95 ^ _1672_/X (sky130_fd_sc_hd__o221a_1)
     1    0.00                           _0078_ (net)
                  0.05    0.00   20.95 ^ hold40/A (sky130_fd_sc_hd__dlygate4sd3_1)
                  0.05    0.54   21.49 ^ hold40/X (sky130_fd_sc_hd__dlygate4sd3_1)
     1    0.00                           net46 (net)
                  0.05    0.00   21.49 ^ _2102_/D (sky130_fd_sc_hd__dfxtp_1)
                                 21.49   data arrival time

                        100.00  100.00   clock i_clk (rise edge)
                          0.00  100.00   clock source latency
                  0.00    0.00  100.00 ^ i_clk (in)
     1    0.03                           i_clk (net)
                  0.00    0.00  100.00 ^ clkbuf_0_i_clk/A (sky130_fd_sc_hd__clkbuf_16)
                  0.14    0.19  100.19 ^ clkbuf_0_i_clk/X (sky130_fd_sc_hd__clkbuf_16)
    16    0.13                           clknet_0_i_clk (net)
                  0.14    0.00  100.19 ^ clkbuf_4_11_0_i_clk/A (sky130_fd_sc_hd__clkbuf_8)
                  0.07    0.18  100.37 ^ clkbuf_4_11_0_i_clk/X (sky130_fd_sc_hd__clkbuf_8)
    10    0.03                           clknet_4_11_0_i_clk (net)
                  0.07    0.00  100.37 ^ _2102_/CLK (sky130_fd_sc_hd__dfxtp_1)
                         -0.50   99.87   clock uncertainty
                          0.00   99.87   clock reconvergence pessimism
                         -0.05   99.82   library setup time
                                 99.82   data required time
-----------------------------------------------------------------------------
                                 99.82   data required time
                                -21.49   data arrival time
-----------------------------------------------------------------------------
                                 78.33   slack (MET)


Startpoint: i_rst_n (input port clocked by i_clk)
Endpoint: _2046_ (rising edge-triggered flip-flop clocked by i_clk)
Path Group: i_clk
Path Type: max

Fanout     Cap    Slew   Delay    Time   Description
-----------------------------------------------------------------------------
                          0.00    0.00   clock i_clk (rise edge)
                          0.00    0.00   clock network delay (propagated)
                         20.00   20.00 ^ input external delay
                  0.00    0.00   20.00 ^ i_rst_n (in)
     1    0.00                           i_rst_n (net)
                  0.00    0.00   20.00 ^ input2/A (sky130_fd_sc_hd__dlymetal6s2s_1)
                  0.21    0.19   20.19 ^ input2/X (sky130_fd_sc_hd__dlymetal6s2s_1)
     5    0.02                           net2 (net)
                  0.21    0.00   20.19 ^ _1031_/B1_N (sky130_fd_sc_hd__a21boi_4)
                  0.20    0.28   20.47 ^ _1031_/Y (sky130_fd_sc_hd__a21boi_4)
     4    0.02                           _0434_ (net)
                  0.20    0.00   20.47 ^ _1034_/B1 (sky130_fd_sc_hd__o21a_4)
                  0.17    0.26   20.73 ^ _1034_/X (sky130_fd_sc_hd__o21a_4)
    10    0.05                           _0436_ (net)
                  0.17    0.01   20.74 ^ _1410_/A (sky130_fd_sc_hd__buf_4)
                  0.20    0.26   21.00 ^ _1410_/X (sky130_fd_sc_hd__buf_4)
    10    0.07                           _0785_ (net)
                  0.20    0.00   21.00 ^ _1509_/S (sky130_fd_sc_hd__mux2_1)
                  0.06    0.34   21.35 v _1509_/X (sky130_fd_sc_hd__mux2_1)
     1    0.00                           _0877_ (net)
                  0.06    0.00   21.35 v _1510_/A (sky130_fd_sc_hd__clkbuf_1)
                  0.03    0.09   21.44 v _1510_/X (sky130_fd_sc_hd__clkbuf_1)
     1    0.00                           _0031_ (net)
                  0.03    0.00   21.44 v _2046_/D (sky130_fd_sc_hd__dfxtp_2)
                                 21.44   data arrival time

                        100.00  100.00   clock i_clk (rise edge)
                          0.00  100.00   clock source latency
                  0.00    0.00  100.00 ^ i_clk (in)
     1    0.03                           i_clk (net)
                  0.00    0.00  100.00 ^ clkbuf_0_i_clk/A (sky130_fd_sc_hd__clkbuf_16)
                  0.14    0.19  100.19 ^ clkbuf_0_i_clk/X (sky130_fd_sc_hd__clkbuf_16)
    16    0.13                           clknet_0_i_clk (net)
                  0.14    0.00  100.19 ^ clkbuf_4_13_0_i_clk/A (sky130_fd_sc_hd__clkbuf_8)
                  0.07    0.18  100.37 ^ clkbuf_4_13_0_i_clk/X (sky130_fd_sc_hd__clkbuf_8)
     9    0.03                           clknet_4_13_0_i_clk (net)
                  0.07    0.00  100.37 ^ _2046_/CLK (sky130_fd_sc_hd__dfxtp_2)
                         -0.50   99.87   clock uncertainty
                          0.00   99.87   clock reconvergence pessimism
                         -0.10   99.78   library setup time
                                 99.78   data required time
-----------------------------------------------------------------------------
                                 99.78   data required time
                                -21.44   data arrival time
-----------------------------------------------------------------------------
                                 78.33   slack (MET)


Startpoint: i_rst_n (input port clocked by i_clk)
Endpoint: _2103_ (rising edge-triggered flip-flop clocked by i_clk)
Path Group: i_clk
Path Type: max

Fanout     Cap    Slew   Delay    Time   Description
-----------------------------------------------------------------------------
                          0.00    0.00   clock i_clk (rise edge)
                          0.00    0.00   clock network delay (propagated)
                         20.00   20.00 ^ input external delay
                  0.00    0.00   20.00 ^ i_rst_n (in)
     1    0.00                           i_rst_n (net)
                  0.00    0.00   20.00 ^ input2/A (sky130_fd_sc_hd__dlymetal6s2s_1)
                  0.21    0.19   20.19 ^ input2/X (sky130_fd_sc_hd__dlymetal6s2s_1)
     5    0.02                           net2 (net)
                  0.21    0.00   20.19 ^ _1080_/A (sky130_fd_sc_hd__buf_2)
                  0.23    0.29   20.47 ^ _1080_/X (sky130_fd_sc_hd__buf_2)
    10    0.05                           _0471_ (net)
                  0.23    0.00   20.48 ^ _1662_/A (sky130_fd_sc_hd__clkbuf_4)
                  0.16    0.28   20.76 ^ _1662_/X (sky130_fd_sc_hd__clkbuf_4)
    10    0.05                           _0992_ (net)
                  0.16    0.00   20.76 ^ _1674_/C1 (sky130_fd_sc_hd__o221a_1)
                  0.05    0.19   20.95 ^ _1674_/X (sky130_fd_sc_hd__o221a_1)
     1    0.00                           _0079_ (net)
                  0.05    0.00   20.95 ^ hold15/A (sky130_fd_sc_hd__dlygate4sd3_1)
                  0.05    0.54   21.49 ^ hold15/X (sky130_fd_sc_hd__dlygate4sd3_1)
     1    0.00                           net21 (net)
                  0.05    0.00   21.49 ^ _2103_/D (sky130_fd_sc_hd__dfxtp_1)
                                 21.49   data arrival time

                        100.00  100.00   clock i_clk (rise edge)
                          0.00  100.00   clock source latency
                  0.00    0.00  100.00 ^ i_clk (in)
     1    0.03                           i_clk (net)
                  0.00    0.00  100.00 ^ clkbuf_0_i_clk/A (sky130_fd_sc_hd__clkbuf_16)
                  0.14    0.19  100.19 ^ clkbuf_0_i_clk/X (sky130_fd_sc_hd__clkbuf_16)
    16    0.13                           clknet_0_i_clk (net)
                  0.14    0.00  100.19 ^ clkbuf_4_8_0_i_clk/A (sky130_fd_sc_hd__clkbuf_8)
                  0.07    0.18  100.37 ^ clkbuf_4_8_0_i_clk/X (sky130_fd_sc_hd__clkbuf_8)
    10    0.03                           clknet_4_8_0_i_clk (net)
                  0.07    0.00  100.38 ^ _2103_/CLK (sky130_fd_sc_hd__dfxtp_1)
                         -0.50   99.88   clock uncertainty
                          0.00   99.88   clock reconvergence pessimism
                         -0.05   99.82   library setup time
                                 99.82   data required time
-----------------------------------------------------------------------------
                                 99.82   data required time
                                -21.49   data arrival time
-----------------------------------------------------------------------------
                                 78.33   slack (MET)


Startpoint: i_rst_n (input port clocked by i_clk)
Endpoint: _2107_ (rising edge-triggered flip-flop clocked by i_clk)
Path Group: i_clk
Path Type: max

Fanout     Cap    Slew   Delay    Time   Description
-----------------------------------------------------------------------------
                          0.00    0.00   clock i_clk (rise edge)
                          0.00    0.00   clock network delay (propagated)
                         20.00   20.00 ^ input external delay
                  0.00    0.00   20.00 ^ i_rst_n (in)
     1    0.00                           i_rst_n (net)
                  0.00    0.00   20.00 ^ input2/A (sky130_fd_sc_hd__dlymetal6s2s_1)
                  0.21    0.19   20.19 ^ input2/X (sky130_fd_sc_hd__dlymetal6s2s_1)
     5    0.02                           net2 (net)
                  0.21    0.00   20.19 ^ _1080_/A (sky130_fd_sc_hd__buf_2)
                  0.23    0.29   20.47 ^ _1080_/X (sky130_fd_sc_hd__buf_2)
    10    0.05                           _0471_ (net)
                  0.23    0.00   20.48 ^ _1662_/A (sky130_fd_sc_hd__clkbuf_4)
                  0.16    0.28   20.76 ^ _1662_/X (sky130_fd_sc_hd__clkbuf_4)
    10    0.05                           _0992_ (net)
                  0.16    0.00   20.76 ^ _1682_/C1 (sky130_fd_sc_hd__o221a_1)
                  0.05    0.19   20.95 ^ _1682_/X (sky130_fd_sc_hd__o221a_1)
     1    0.00                           _0083_ (net)
                  0.05    0.00   20.95 ^ hold21/A (sky130_fd_sc_hd__dlygate4sd3_1)
                  0.06    0.54   21.49 ^ hold21/X (sky130_fd_sc_hd__dlygate4sd3_1)
     1    0.00                           net27 (net)
                  0.06    0.00   21.49 ^ _2107_/D (sky130_fd_sc_hd__dfxtp_1)
                                 21.49   data arrival time

                        100.00  100.00   clock i_clk (rise edge)
                          0.00  100.00   clock source latency
                  0.00    0.00  100.00 ^ i_clk (in)
     1    0.03                           i_clk (net)
                  0.00    0.00  100.00 ^ clkbuf_0_i_clk/A (sky130_fd_sc_hd__clkbuf_16)
                  0.14    0.19  100.19 ^ clkbuf_0_i_clk/X (sky130_fd_sc_hd__clkbuf_16)
    16    0.13                           clknet_0_i_clk (net)
                  0.14    0.01  100.19 ^ clkbuf_4_3_0_i_clk/A (sky130_fd_sc_hd__clkbuf_8)
                  0.08    0.19  100.38 ^ clkbuf_4_3_0_i_clk/X (sky130_fd_sc_hd__clkbuf_8)
    11    0.04                           clknet_4_3_0_i_clk (net)
                  0.08    0.00  100.38 ^ _2107_/CLK (sky130_fd_sc_hd__dfxtp_1)
                         -0.50   99.88   clock uncertainty
                          0.00   99.88   clock reconvergence pessimism
                         -0.05   99.83   library setup time
                                 99.83   data required time
-----------------------------------------------------------------------------
                                 99.83   data required time
                                -21.49   data arrival time
-----------------------------------------------------------------------------
                                 78.33   slack (MET)


Startpoint: i_rst_n (input port clocked by i_clk)
Endpoint: _2042_ (rising edge-triggered flip-flop clocked by i_clk)
Path Group: i_clk
Path Type: max

Fanout     Cap    Slew   Delay    Time   Description
-----------------------------------------------------------------------------
                          0.00    0.00   clock i_clk (rise edge)
                          0.00    0.00   clock network delay (propagated)
                         20.00   20.00 ^ input external delay
                  0.00    0.00   20.00 ^ i_rst_n (in)
     1    0.00                           i_rst_n (net)
                  0.00    0.00   20.00 ^ input2/A (sky130_fd_sc_hd__dlymetal6s2s_1)
                  0.21    0.19   20.19 ^ input2/X (sky130_fd_sc_hd__dlymetal6s2s_1)
     5    0.02                           net2 (net)
                  0.21    0.00   20.19 ^ _1031_/B1_N (sky130_fd_sc_hd__a21boi_4)
                  0.20    0.28   20.47 ^ _1031_/Y (sky130_fd_sc_hd__a21boi_4)
     4    0.02                           _0434_ (net)
                  0.20    0.00   20.47 ^ _1034_/B1 (sky130_fd_sc_hd__o21a_4)
                  0.17    0.26   20.73 ^ _1034_/X (sky130_fd_sc_hd__o21a_4)
    10    0.05                           _0436_ (net)
                  0.17    0.01   20.74 ^ _1410_/A (sky130_fd_sc_hd__buf_4)
                  0.20    0.26   21.00 ^ _1410_/X (sky130_fd_sc_hd__buf_4)
    10    0.07                           _0785_ (net)
                  0.20    0.00   21.00 ^ _1455_/S (sky130_fd_sc_hd__mux2_1)
                  0.05    0.34   21.34 v _1455_/X (sky130_fd_sc_hd__mux2_1)
     1    0.00                           _0827_ (net)
                  0.05    0.00   21.34 v _1456_/A (sky130_fd_sc_hd__clkbuf_1)
                  0.02    0.09   21.43 v _1456_/X (sky130_fd_sc_hd__clkbuf_1)
     1    0.00                           _0027_ (net)
                  0.02    0.00   21.43 v _2042_/D (sky130_fd_sc_hd__dfxtp_2)
                                 21.43   data arrival time

                        100.00  100.00   clock i_clk (rise edge)
                          0.00  100.00   clock source latency
                  0.00    0.00  100.00 ^ i_clk (in)
     1    0.03                           i_clk (net)
                  0.00    0.00  100.00 ^ clkbuf_0_i_clk/A (sky130_fd_sc_hd__clkbuf_16)
                  0.14    0.19  100.19 ^ clkbuf_0_i_clk/X (sky130_fd_sc_hd__clkbuf_16)
    16    0.13                           clknet_0_i_clk (net)
                  0.14    0.00  100.19 ^ clkbuf_4_15_0_i_clk/A (sky130_fd_sc_hd__clkbuf_8)
                  0.06    0.17  100.36 ^ clkbuf_4_15_0_i_clk/X (sky130_fd_sc_hd__clkbuf_8)
     6    0.02                           clknet_4_15_0_i_clk (net)
                  0.06    0.00  100.36 ^ _2042_/CLK (sky130_fd_sc_hd__dfxtp_2)
                         -0.50   99.86   clock uncertainty
                          0.00   99.86   clock reconvergence pessimism
                         -0.10   99.76   library setup time
                                 99.76   data required time
-----------------------------------------------------------------------------
                                 99.76   data required time
                                -21.43   data arrival time
-----------------------------------------------------------------------------
                                 78.34   slack (MET)


Startpoint: i_rst_n (input port clocked by i_clk)
Endpoint: _2104_ (rising edge-triggered flip-flop clocked by i_clk)
Path Group: i_clk
Path Type: max

Fanout     Cap    Slew   Delay    Time   Description
-----------------------------------------------------------------------------
                          0.00    0.00   clock i_clk (rise edge)
                          0.00    0.00   clock network delay (propagated)
                         20.00   20.00 ^ input external delay
                  0.00    0.00   20.00 ^ i_rst_n (in)
     1    0.00                           i_rst_n (net)
                  0.00    0.00   20.00 ^ input2/A (sky130_fd_sc_hd__dlymetal6s2s_1)
                  0.21    0.19   20.19 ^ input2/X (sky130_fd_sc_hd__dlymetal6s2s_1)
     5    0.02                           net2 (net)
                  0.21    0.00   20.19 ^ _1080_/A (sky130_fd_sc_hd__buf_2)
                  0.23    0.29   20.47 ^ _1080_/X (sky130_fd_sc_hd__buf_2)
    10    0.05                           _0471_ (net)
                  0.23    0.00   20.48 ^ _1662_/A (sky130_fd_sc_hd__clkbuf_4)
                  0.16    0.28   20.76 ^ _1662_/X (sky130_fd_sc_hd__clkbuf_4)
    10    0.05                           _0992_ (net)
                  0.16    0.00   20.76 ^ _1676_/C1 (sky130_fd_sc_hd__o221a_1)
                  0.06    0.19   20.95 ^ _1676_/X (sky130_fd_sc_hd__o221a_1)
     1    0.00                           _0080_ (net)
                  0.06    0.00   20.95 ^ hold23/A (sky130_fd_sc_hd__dlygate4sd3_1)
                  0.05    0.53   21.49 ^ hold23/X (sky130_fd_sc_hd__dlygate4sd3_1)
     1    0.00                           net29 (net)
                  0.05    0.00   21.49 ^ _2104_/D (sky130_fd_sc_hd__dfxtp_1)
                                 21.49   data arrival time

                        100.00  100.00   clock i_clk (rise edge)
                          0.00  100.00   clock source latency
                  0.00    0.00  100.00 ^ i_clk (in)
     1    0.03                           i_clk (net)
                  0.00    0.00  100.00 ^ clkbuf_0_i_clk/A (sky130_fd_sc_hd__clkbuf_16)
                  0.14    0.19  100.19 ^ clkbuf_0_i_clk/X (sky130_fd_sc_hd__clkbuf_16)
    16    0.13                           clknet_0_i_clk (net)
                  0.14    0.01  100.19 ^ clkbuf_4_2_0_i_clk/A (sky130_fd_sc_hd__clkbuf_8)
                  0.07    0.18  100.37 ^ clkbuf_4_2_0_i_clk/X (sky130_fd_sc_hd__clkbuf_8)
     8    0.03                           clknet_4_2_0_i_clk (net)
                  0.07    0.00  100.38 ^ _2104_/CLK (sky130_fd_sc_hd__dfxtp_1)
                         -0.50   99.88   clock uncertainty
                          0.00   99.88   clock reconvergence pessimism
                         -0.05   99.82   library setup time
                                 99.82   data required time
-----------------------------------------------------------------------------
                                 99.82   data required time
                                -21.49   data arrival time
-----------------------------------------------------------------------------
                                 78.34   slack (MET)


Startpoint: i_rst_n (input port clocked by i_clk)
Endpoint: _2039_ (rising edge-triggered flip-flop clocked by i_clk)
Path Group: i_clk
Path Type: max

Fanout     Cap    Slew   Delay    Time   Description
-----------------------------------------------------------------------------
                          0.00    0.00   clock i_clk (rise edge)
                          0.00    0.00   clock network delay (propagated)
                         20.00   20.00 ^ input external delay
                  0.00    0.00   20.00 ^ i_rst_n (in)
     1    0.00                           i_rst_n (net)
                  0.00    0.00   20.00 ^ input2/A (sky130_fd_sc_hd__dlymetal6s2s_1)
                  0.21    0.19   20.19 ^ input2/X (sky130_fd_sc_hd__dlymetal6s2s_1)
     5    0.02                           net2 (net)
                  0.21    0.00   20.19 ^ _1031_/B1_N (sky130_fd_sc_hd__a21boi_4)
                  0.20    0.28   20.47 ^ _1031_/Y (sky130_fd_sc_hd__a21boi_4)
     4    0.02                           _0434_ (net)
                  0.20    0.00   20.47 ^ _1034_/B1 (sky130_fd_sc_hd__o21a_4)
                  0.17    0.26   20.73 ^ _1034_/X (sky130_fd_sc_hd__o21a_4)
    10    0.05                           _0436_ (net)
                  0.17    0.01   20.74 ^ _1410_/A (sky130_fd_sc_hd__buf_4)
                  0.20    0.26   21.00 ^ _1410_/X (sky130_fd_sc_hd__buf_4)
    10    0.07                           _0785_ (net)
                  0.20    0.00   21.00 ^ _1411_/S (sky130_fd_sc_hd__mux2_1)
                  0.05    0.34   21.34 v _1411_/X (sky130_fd_sc_hd__mux2_1)
     1    0.00                           _0786_ (net)
                  0.05    0.00   21.34 v _1412_/A (sky130_fd_sc_hd__clkbuf_1)
                  0.02    0.09   21.43 v _1412_/X (sky130_fd_sc_hd__clkbuf_1)
     1    0.00                           _0024_ (net)
                  0.02    0.00   21.43 v _2039_/D (sky130_fd_sc_hd__dfxtp_2)
                                 21.43   data arrival time

                        100.00  100.00   clock i_clk (rise edge)
                          0.00  100.00   clock source latency
                  0.00    0.00  100.00 ^ i_clk (in)
     1    0.03                           i_clk (net)
                  0.00    0.00  100.00 ^ clkbuf_0_i_clk/A (sky130_fd_sc_hd__clkbuf_16)
                  0.14    0.19  100.19 ^ clkbuf_0_i_clk/X (sky130_fd_sc_hd__clkbuf_16)
    16    0.13                           clknet_0_i_clk (net)
                  0.14    0.00  100.19 ^ clkbuf_4_15_0_i_clk/A (sky130_fd_sc_hd__clkbuf_8)
                  0.06    0.17  100.36 ^ clkbuf_4_15_0_i_clk/X (sky130_fd_sc_hd__clkbuf_8)
     6    0.02                           clknet_4_15_0_i_clk (net)
                  0.06    0.00  100.36 ^ _2039_/CLK (sky130_fd_sc_hd__dfxtp_2)
                         -0.50   99.86   clock uncertainty
                          0.00   99.86   clock reconvergence pessimism
                         -0.10   99.76   library setup time
                                 99.76   data required time
-----------------------------------------------------------------------------
                                 99.76   data required time
                                -21.43   data arrival time
-----------------------------------------------------------------------------
                                 78.34   slack (MET)


Startpoint: i_rst_n (input port clocked by i_clk)
Endpoint: _2045_ (rising edge-triggered flip-flop clocked by i_clk)
Path Group: i_clk
Path Type: max

Fanout     Cap    Slew   Delay    Time   Description
-----------------------------------------------------------------------------
                          0.00    0.00   clock i_clk (rise edge)
                          0.00    0.00   clock network delay (propagated)
                         20.00   20.00 ^ input external delay
                  0.00    0.00   20.00 ^ i_rst_n (in)
     1    0.00                           i_rst_n (net)
                  0.00    0.00   20.00 ^ input2/A (sky130_fd_sc_hd__dlymetal6s2s_1)
                  0.21    0.19   20.19 ^ input2/X (sky130_fd_sc_hd__dlymetal6s2s_1)
     5    0.02                           net2 (net)
                  0.21    0.00   20.19 ^ _1031_/B1_N (sky130_fd_sc_hd__a21boi_4)
                  0.20    0.28   20.47 ^ _1031_/Y (sky130_fd_sc_hd__a21boi_4)
     4    0.02                           _0434_ (net)
                  0.20    0.00   20.47 ^ _1034_/B1 (sky130_fd_sc_hd__o21a_4)
                  0.17    0.26   20.73 ^ _1034_/X (sky130_fd_sc_hd__o21a_4)
    10    0.05                           _0436_ (net)
                  0.17    0.01   20.74 ^ _1410_/A (sky130_fd_sc_hd__buf_4)
                  0.20    0.26   21.00 ^ _1410_/X (sky130_fd_sc_hd__buf_4)
    10    0.07                           _0785_ (net)
                  0.20    0.00   21.00 ^ _1498_/S (sky130_fd_sc_hd__mux2_1)
                  0.05    0.34   21.34 v _1498_/X (sky130_fd_sc_hd__mux2_1)
     1    0.00                           _0867_ (net)
                  0.05    0.00   21.34 v _1499_/A (sky130_fd_sc_hd__clkbuf_1)
                  0.03    0.09   21.44 v _1499_/X (sky130_fd_sc_hd__clkbuf_1)
     1    0.00                           _0030_ (net)
                  0.03    0.00   21.44 v _2045_/D (sky130_fd_sc_hd__dfxtp_2)
                                 21.44   data arrival time

                        100.00  100.00   clock i_clk (rise edge)
                          0.00  100.00   clock source latency
                  0.00    0.00  100.00 ^ i_clk (in)
     1    0.03                           i_clk (net)
                  0.00    0.00  100.00 ^ clkbuf_0_i_clk/A (sky130_fd_sc_hd__clkbuf_16)
                  0.14    0.19  100.19 ^ clkbuf_0_i_clk/X (sky130_fd_sc_hd__clkbuf_16)
    16    0.13                           clknet_0_i_clk (net)
                  0.14    0.00  100.19 ^ clkbuf_4_13_0_i_clk/A (sky130_fd_sc_hd__clkbuf_8)
                  0.07    0.18  100.37 ^ clkbuf_4_13_0_i_clk/X (sky130_fd_sc_hd__clkbuf_8)
     9    0.03                           clknet_4_13_0_i_clk (net)
                  0.07    0.00  100.37 ^ _2045_/CLK (sky130_fd_sc_hd__dfxtp_2)
                         -0.50   99.87   clock uncertainty
                          0.00   99.87   clock reconvergence pessimism
                         -0.10   99.78   library setup time
                                 99.78   data required time
-----------------------------------------------------------------------------
                                 99.78   data required time
                                -21.44   data arrival time
-----------------------------------------------------------------------------
                                 78.34   slack (MET)


Startpoint: i_rst_n (input port clocked by i_clk)
Endpoint: _2092_ (rising edge-triggered flip-flop clocked by i_clk)
Path Group: i_clk
Path Type: max

Fanout     Cap    Slew   Delay    Time   Description
-----------------------------------------------------------------------------
                          0.00    0.00   clock i_clk (rise edge)
                          0.00    0.00   clock network delay (propagated)
                         20.00   20.00 ^ input external delay
                  0.00    0.00   20.00 ^ i_rst_n (in)
     1    0.00                           i_rst_n (net)
                  0.00    0.00   20.00 ^ input2/A (sky130_fd_sc_hd__dlymetal6s2s_1)
                  0.21    0.19   20.19 ^ input2/X (sky130_fd_sc_hd__dlymetal6s2s_1)
     5    0.02                           net2 (net)
                  0.21    0.00   20.19 ^ _1080_/A (sky130_fd_sc_hd__buf_2)
                  0.23    0.29   20.47 ^ _1080_/X (sky130_fd_sc_hd__buf_2)
    10    0.05                           _0471_ (net)
                  0.23    0.00   20.48 ^ _1632_/A (sky130_fd_sc_hd__buf_2)
                  0.18    0.26   20.74 ^ _1632_/X (sky130_fd_sc_hd__buf_2)
    10    0.04                           _0973_ (net)
                  0.18    0.00   20.74 ^ _1644_/C1 (sky130_fd_sc_hd__o221a_1)
                  0.06    0.20   20.94 ^ _1644_/X (sky130_fd_sc_hd__o221a_1)
     1    0.00                           _0068_ (net)
                  0.06    0.00   20.94 ^ hold77/A (sky130_fd_sc_hd__dlygate4sd3_1)
                  0.06    0.54   21.49 ^ hold77/X (sky130_fd_sc_hd__dlygate4sd3_1)
     1    0.00                           net83 (net)
                  0.06    0.00   21.49 ^ _2092_/D (sky130_fd_sc_hd__dfxtp_1)
                                 21.49   data arrival time

                        100.00  100.00   clock i_clk (rise edge)
                          0.00  100.00   clock source latency
                  0.00    0.00  100.00 ^ i_clk (in)
     1    0.03                           i_clk (net)
                  0.00    0.00  100.00 ^ clkbuf_0_i_clk/A (sky130_fd_sc_hd__clkbuf_16)
                  0.14    0.19  100.19 ^ clkbuf_0_i_clk/X (sky130_fd_sc_hd__clkbuf_16)
    16    0.13                           clknet_0_i_clk (net)
                  0.14    0.00  100.19 ^ clkbuf_4_9_0_i_clk/A (sky130_fd_sc_hd__clkbuf_8)
                  0.08    0.18  100.38 ^ clkbuf_4_9_0_i_clk/X (sky130_fd_sc_hd__clkbuf_8)
    11    0.04                           clknet_4_9_0_i_clk (net)
                  0.08    0.00  100.38 ^ _2092_/CLK (sky130_fd_sc_hd__dfxtp_1)
                         -0.50   99.88   clock uncertainty
                          0.00   99.88   clock reconvergence pessimism
                         -0.05   99.83   library setup time
                                 99.83   data required time
-----------------------------------------------------------------------------
                                 99.83   data required time
                                -21.49   data arrival time
-----------------------------------------------------------------------------
                                 78.34   slack (MET)


Startpoint: i_rst_n (input port clocked by i_clk)
Endpoint: _2089_ (rising edge-triggered flip-flop clocked by i_clk)
Path Group: i_clk
Path Type: max

Fanout     Cap    Slew   Delay    Time   Description
-----------------------------------------------------------------------------
                          0.00    0.00   clock i_clk (rise edge)
                          0.00    0.00   clock network delay (propagated)
                         20.00   20.00 ^ input external delay
                  0.00    0.00   20.00 ^ i_rst_n (in)
     1    0.00                           i_rst_n (net)
                  0.00    0.00   20.00 ^ input2/A (sky130_fd_sc_hd__dlymetal6s2s_1)
                  0.21    0.19   20.19 ^ input2/X (sky130_fd_sc_hd__dlymetal6s2s_1)
     5    0.02                           net2 (net)
                  0.21    0.00   20.19 ^ _1080_/A (sky130_fd_sc_hd__buf_2)
                  0.23    0.29   20.47 ^ _1080_/X (sky130_fd_sc_hd__buf_2)
    10    0.05                           _0471_ (net)
                  0.23    0.00   20.48 ^ _1632_/A (sky130_fd_sc_hd__buf_2)
                  0.18    0.26   20.74 ^ _1632_/X (sky130_fd_sc_hd__buf_2)
    10    0.04                           _0973_ (net)
                  0.18    0.00   20.74 ^ _1638_/C1 (sky130_fd_sc_hd__o221a_1)
                  0.06    0.20   20.94 ^ _1638_/X (sky130_fd_sc_hd__o221a_1)
     1    0.00                           _0065_ (net)
                  0.06    0.00   20.94 ^ hold42/A (sky130_fd_sc_hd__dlygate4sd3_1)
                  0.05    0.54   21.48 ^ hold42/X (sky130_fd_sc_hd__dlygate4sd3_1)
     1    0.00                           net48 (net)
                  0.05    0.00   21.48 ^ _2089_/D (sky130_fd_sc_hd__dfxtp_1)
                                 21.48   data arrival time

                        100.00  100.00   clock i_clk (rise edge)
                          0.00  100.00   clock source latency
                  0.00    0.00  100.00 ^ i_clk (in)
     1    0.03                           i_clk (net)
                  0.00    0.00  100.00 ^ clkbuf_0_i_clk/A (sky130_fd_sc_hd__clkbuf_16)
                  0.14    0.19  100.19 ^ clkbuf_0_i_clk/X (sky130_fd_sc_hd__clkbuf_16)
    16    0.13                           clknet_0_i_clk (net)
                  0.14    0.01  100.19 ^ clkbuf_4_2_0_i_clk/A (sky130_fd_sc_hd__clkbuf_8)
                  0.07    0.18  100.37 ^ clkbuf_4_2_0_i_clk/X (sky130_fd_sc_hd__clkbuf_8)
     8    0.03                           clknet_4_2_0_i_clk (net)
                  0.07    0.00  100.38 ^ _2089_/CLK (sky130_fd_sc_hd__dfxtp_1)
                         -0.50   99.88   clock uncertainty
                          0.00   99.88   clock reconvergence pessimism
                         -0.05   99.82   library setup time
                                 99.82   data required time
-----------------------------------------------------------------------------
                                 99.82   data required time
                                -21.48   data arrival time
-----------------------------------------------------------------------------
                                 78.34   slack (MET)


Startpoint: i_rst_n (input port clocked by i_clk)
Endpoint: _2088_ (rising edge-triggered flip-flop clocked by i_clk)
Path Group: i_clk
Path Type: max

Fanout     Cap    Slew   Delay    Time   Description
-----------------------------------------------------------------------------
                          0.00    0.00   clock i_clk (rise edge)
                          0.00    0.00   clock network delay (propagated)
                         20.00   20.00 ^ input external delay
                  0.00    0.00   20.00 ^ i_rst_n (in)
     1    0.00                           i_rst_n (net)
                  0.00    0.00   20.00 ^ input2/A (sky130_fd_sc_hd__dlymetal6s2s_1)
                  0.21    0.19   20.19 ^ input2/X (sky130_fd_sc_hd__dlymetal6s2s_1)
     5    0.02                           net2 (net)
                  0.21    0.00   20.19 ^ _1080_/A (sky130_fd_sc_hd__buf_2)
                  0.23    0.29   20.47 ^ _1080_/X (sky130_fd_sc_hd__buf_2)
    10    0.05                           _0471_ (net)
                  0.23    0.00   20.48 ^ _1632_/A (sky130_fd_sc_hd__buf_2)
                  0.18    0.26   20.74 ^ _1632_/X (sky130_fd_sc_hd__buf_2)
    10    0.04                           _0973_ (net)
                  0.18    0.00   20.74 ^ _1636_/C1 (sky130_fd_sc_hd__o221a_1)
                  0.06    0.20   20.94 ^ _1636_/X (sky130_fd_sc_hd__o221a_1)
     1    0.00                           _0064_ (net)
                  0.06    0.00   20.94 ^ hold60/A (sky130_fd_sc_hd__dlygate4sd3_1)
                  0.05    0.54   21.48 ^ hold60/X (sky130_fd_sc_hd__dlygate4sd3_1)
     1    0.00                           net66 (net)
                  0.05    0.00   21.48 ^ _2088_/D (sky130_fd_sc_hd__dfxtp_1)
                                 21.48   data arrival time

                        100.00  100.00   clock i_clk (rise edge)
                          0.00  100.00   clock source latency
                  0.00    0.00  100.00 ^ i_clk (in)
     1    0.03                           i_clk (net)
                  0.00    0.00  100.00 ^ clkbuf_0_i_clk/A (sky130_fd_sc_hd__clkbuf_16)
                  0.14    0.19  100.19 ^ clkbuf_0_i_clk/X (sky130_fd_sc_hd__clkbuf_16)
    16    0.13                           clknet_0_i_clk (net)
                  0.14    0.00  100.19 ^ clkbuf_4_9_0_i_clk/A (sky130_fd_sc_hd__clkbuf_8)
                  0.08    0.18  100.38 ^ clkbuf_4_9_0_i_clk/X (sky130_fd_sc_hd__clkbuf_8)
    11    0.04                           clknet_4_9_0_i_clk (net)
                  0.08    0.00  100.38 ^ _2088_/CLK (sky130_fd_sc_hd__dfxtp_1)
                         -0.50   99.88   clock uncertainty
                          0.00   99.88   clock reconvergence pessimism
                         -0.05   99.83   library setup time
                                 99.83   data required time
-----------------------------------------------------------------------------
                                 99.83   data required time
                                -21.48   data arrival time
-----------------------------------------------------------------------------
                                 78.34   slack (MET)


Startpoint: i_rst_n (input port clocked by i_clk)
Endpoint: _2048_ (rising edge-triggered flip-flop clocked by i_clk)
Path Group: i_clk
Path Type: max

Fanout     Cap    Slew   Delay    Time   Description
-----------------------------------------------------------------------------
                          0.00    0.00   clock i_clk (rise edge)
                          0.00    0.00   clock network delay (propagated)
                         20.00   20.00 ^ input external delay
                  0.00    0.00   20.00 ^ i_rst_n (in)
     1    0.00                           i_rst_n (net)
                  0.00    0.00   20.00 ^ input2/A (sky130_fd_sc_hd__dlymetal6s2s_1)
                  0.21    0.19   20.19 ^ input2/X (sky130_fd_sc_hd__dlymetal6s2s_1)
     5    0.02                           net2 (net)
                  0.21    0.00   20.19 ^ _1031_/B1_N (sky130_fd_sc_hd__a21boi_4)
                  0.20    0.28   20.47 ^ _1031_/Y (sky130_fd_sc_hd__a21boi_4)
     4    0.02                           _0434_ (net)
                  0.20    0.00   20.47 ^ _1034_/B1 (sky130_fd_sc_hd__o21a_4)
                  0.17    0.26   20.73 ^ _1034_/X (sky130_fd_sc_hd__o21a_4)
    10    0.05                           _0436_ (net)
                  0.17    0.01   20.74 ^ _1410_/A (sky130_fd_sc_hd__buf_4)
                  0.20    0.26   21.00 ^ _1410_/X (sky130_fd_sc_hd__buf_4)
    10    0.07                           _0785_ (net)
                  0.20    0.00   21.00 ^ _1534_/S (sky130_fd_sc_hd__mux2_1)
                  0.05    0.34   21.34 v _1534_/X (sky130_fd_sc_hd__mux2_1)
     1    0.00                           _0900_ (net)
                  0.05    0.00   21.34 v _1535_/A (sky130_fd_sc_hd__clkbuf_1)
                  0.02    0.09   21.43 v _1535_/X (sky130_fd_sc_hd__clkbuf_1)
     1    0.00                           _0033_ (net)
                  0.02    0.00   21.43 v _2048_/D (sky130_fd_sc_hd__dfxtp_2)
                                 21.43   data arrival time

                        100.00  100.00   clock i_clk (rise edge)
                          0.00  100.00   clock source latency
                  0.00    0.00  100.00 ^ i_clk (in)
     1    0.03                           i_clk (net)
                  0.00    0.00  100.00 ^ clkbuf_0_i_clk/A (sky130_fd_sc_hd__clkbuf_16)
                  0.14    0.19  100.19 ^ clkbuf_0_i_clk/X (sky130_fd_sc_hd__clkbuf_16)
    16    0.13                           clknet_0_i_clk (net)
                  0.14    0.00  100.19 ^ clkbuf_4_13_0_i_clk/A (sky130_fd_sc_hd__clkbuf_8)
                  0.07    0.18  100.37 ^ clkbuf_4_13_0_i_clk/X (sky130_fd_sc_hd__clkbuf_8)
     9    0.03                           clknet_4_13_0_i_clk (net)
                  0.07    0.00  100.37 ^ _2048_/CLK (sky130_fd_sc_hd__dfxtp_2)
                         -0.50   99.87   clock uncertainty
                          0.00   99.87   clock reconvergence pessimism
                         -0.10   99.78   library setup time
                                 99.78   data required time
-----------------------------------------------------------------------------
                                 99.78   data required time
                                -21.43   data arrival time
-----------------------------------------------------------------------------
                                 78.35   slack (MET)


Startpoint: i_rst_n (input port clocked by i_clk)
Endpoint: _2122_ (rising edge-triggered flip-flop clocked by i_clk)
Path Group: i_clk
Path Type: max

Fanout     Cap    Slew   Delay    Time   Description
-----------------------------------------------------------------------------
                          0.00    0.00   clock i_clk (rise edge)
                          0.00    0.00   clock network delay (propagated)
                         20.00   20.00 ^ input external delay
                  0.00    0.00   20.00 ^ i_rst_n (in)
     1    0.00                           i_rst_n (net)
                  0.00    0.00   20.00 ^ input2/A (sky130_fd_sc_hd__dlymetal6s2s_1)
                  0.21    0.19   20.19 ^ input2/X (sky130_fd_sc_hd__dlymetal6s2s_1)
     5    0.02                           net2 (net)
                  0.21    0.00   20.19 ^ _1031_/B1_N (sky130_fd_sc_hd__a21boi_4)
                  0.20    0.28   20.47 ^ _1031_/Y (sky130_fd_sc_hd__a21boi_4)
     4    0.02                           _0434_ (net)
                  0.20    0.00   20.47 ^ _1034_/B1 (sky130_fd_sc_hd__o21a_4)
                  0.17    0.26   20.73 ^ _1034_/X (sky130_fd_sc_hd__o21a_4)
    10    0.05                           _0436_ (net)
                  0.17    0.01   20.74 ^ _1410_/A (sky130_fd_sc_hd__buf_4)
                  0.20    0.26   21.00 ^ _1410_/X (sky130_fd_sc_hd__buf_4)
    10    0.07                           _0785_ (net)
                  0.20    0.01   21.01 ^ _1761_/S (sky130_fd_sc_hd__mux2_1)
                  0.06    0.34   21.35 v _1761_/X (sky130_fd_sc_hd__mux2_1)
     1    0.00                           _0208_ (net)
                  0.06    0.00   21.35 v _1762_/A (sky130_fd_sc_hd__clkbuf_1)
                  0.03    0.09   21.44 v _1762_/X (sky130_fd_sc_hd__clkbuf_1)
     1    0.00                           _0098_ (net)
                  0.03    0.00   21.44 v _2122_/D (sky130_fd_sc_hd__dfxtp_1)
                                 21.44   data arrival time

                        100.00  100.00   clock i_clk (rise edge)
                          0.00  100.00   clock source latency
                  0.00    0.00  100.00 ^ i_clk (in)
     1    0.03                           i_clk (net)
                  0.00    0.00  100.00 ^ clkbuf_0_i_clk/A (sky130_fd_sc_hd__clkbuf_16)
                  0.14    0.19  100.19 ^ clkbuf_0_i_clk/X (sky130_fd_sc_hd__clkbuf_16)
    16    0.13                           clknet_0_i_clk (net)
                  0.14    0.00  100.19 ^ clkbuf_4_5_0_i_clk/A (sky130_fd_sc_hd__clkbuf_8)
                  0.08    0.19  100.38 ^ clkbuf_4_5_0_i_clk/X (sky130_fd_sc_hd__clkbuf_8)
    11    0.04                           clknet_4_5_0_i_clk (net)
                  0.08    0.00  100.38 ^ _2122_/CLK (sky130_fd_sc_hd__dfxtp_1)
                         -0.50   99.88   clock uncertainty
                          0.00   99.88   clock reconvergence pessimism
                         -0.09   99.79   library setup time
                                 99.79   data required time
-----------------------------------------------------------------------------
                                 99.79   data required time
                                -21.44   data arrival time
-----------------------------------------------------------------------------
                                 78.35   slack (MET)


Startpoint: i_rst_n (input port clocked by i_clk)
Endpoint: _2090_ (rising edge-triggered flip-flop clocked by i_clk)
Path Group: i_clk
Path Type: max

Fanout     Cap    Slew   Delay    Time   Description
-----------------------------------------------------------------------------
                          0.00    0.00   clock i_clk (rise edge)
                          0.00    0.00   clock network delay (propagated)
                         20.00   20.00 ^ input external delay
                  0.00    0.00   20.00 ^ i_rst_n (in)
     1    0.00                           i_rst_n (net)
                  0.00    0.00   20.00 ^ input2/A (sky130_fd_sc_hd__dlymetal6s2s_1)
                  0.21    0.19   20.19 ^ input2/X (sky130_fd_sc_hd__dlymetal6s2s_1)
     5    0.02                           net2 (net)
                  0.21    0.00   20.19 ^ _1080_/A (sky130_fd_sc_hd__buf_2)
                  0.23    0.29   20.47 ^ _1080_/X (sky130_fd_sc_hd__buf_2)
    10    0.05                           _0471_ (net)
                  0.23    0.00   20.48 ^ _1632_/A (sky130_fd_sc_hd__buf_2)
                  0.18    0.26   20.74 ^ _1632_/X (sky130_fd_sc_hd__buf_2)
    10    0.04                           _0973_ (net)
                  0.18    0.00   20.74 ^ _1640_/C1 (sky130_fd_sc_hd__o221a_1)
                  0.05    0.19   20.94 ^ _1640_/X (sky130_fd_sc_hd__o221a_1)
     1    0.00                           _0066_ (net)
                  0.05    0.00   20.94 ^ hold62/A (sky130_fd_sc_hd__dlygate4sd3_1)
                  0.06    0.54   21.48 ^ hold62/X (sky130_fd_sc_hd__dlygate4sd3_1)
     1    0.00                           net68 (net)
                  0.06    0.00   21.48 ^ _2090_/D (sky130_fd_sc_hd__dfxtp_1)
                                 21.48   data arrival time

                        100.00  100.00   clock i_clk (rise edge)
                          0.00  100.00   clock source latency
                  0.00    0.00  100.00 ^ i_clk (in)
     1    0.03                           i_clk (net)
                  0.00    0.00  100.00 ^ clkbuf_0_i_clk/A (sky130_fd_sc_hd__clkbuf_16)
                  0.14    0.19  100.19 ^ clkbuf_0_i_clk/X (sky130_fd_sc_hd__clkbuf_16)
    16    0.13                           clknet_0_i_clk (net)
                  0.14    0.00  100.19 ^ clkbuf_4_9_0_i_clk/A (sky130_fd_sc_hd__clkbuf_8)
                  0.08    0.18  100.38 ^ clkbuf_4_9_0_i_clk/X (sky130_fd_sc_hd__clkbuf_8)
    11    0.04                           clknet_4_9_0_i_clk (net)
                  0.08    0.00  100.38 ^ _2090_/CLK (sky130_fd_sc_hd__dfxtp_1)
                         -0.50   99.88   clock uncertainty
                          0.00   99.88   clock reconvergence pessimism
                         -0.05   99.83   library setup time
                                 99.83   data required time
-----------------------------------------------------------------------------
                                 99.83   data required time
                                -21.48   data arrival time
-----------------------------------------------------------------------------
                                 78.35   slack (MET)


Startpoint: i_rst_n (input port clocked by i_clk)
Endpoint: _2095_ (rising edge-triggered flip-flop clocked by i_clk)
Path Group: i_clk
Path Type: max

Fanout     Cap    Slew   Delay    Time   Description
-----------------------------------------------------------------------------
                          0.00    0.00   clock i_clk (rise edge)
                          0.00    0.00   clock network delay (propagated)
                         20.00   20.00 ^ input external delay
                  0.00    0.00   20.00 ^ i_rst_n (in)
     1    0.00                           i_rst_n (net)
                  0.00    0.00   20.00 ^ input2/A (sky130_fd_sc_hd__dlymetal6s2s_1)
                  0.21    0.19   20.19 ^ input2/X (sky130_fd_sc_hd__dlymetal6s2s_1)
     5    0.02                           net2 (net)
                  0.21    0.00   20.19 ^ _1080_/A (sky130_fd_sc_hd__buf_2)
                  0.23    0.29   20.47 ^ _1080_/X (sky130_fd_sc_hd__buf_2)
    10    0.05                           _0471_ (net)
                  0.23    0.00   20.48 ^ _1632_/A (sky130_fd_sc_hd__buf_2)
                  0.18    0.26   20.74 ^ _1632_/X (sky130_fd_sc_hd__buf_2)
    10    0.04                           _0973_ (net)
                  0.18    0.00   20.74 ^ _1655_/C1 (sky130_fd_sc_hd__o221a_1)
                  0.05    0.20   20.94 ^ _1655_/X (sky130_fd_sc_hd__o221a_1)
     1    0.00                           _0071_ (net)
                  0.05    0.00   20.94 ^ hold33/A (sky130_fd_sc_hd__dlygate4sd3_1)
                  0.05    0.54   21.48 ^ hold33/X (sky130_fd_sc_hd__dlygate4sd3_1)
     1    0.00                           net39 (net)
                  0.05    0.00   21.48 ^ _2095_/D (sky130_fd_sc_hd__dfxtp_1)
                                 21.48   data arrival time

                        100.00  100.00   clock i_clk (rise edge)
                          0.00  100.00   clock source latency
                  0.00    0.00  100.00 ^ i_clk (in)
     1    0.03                           i_clk (net)
                  0.00    0.00  100.00 ^ clkbuf_0_i_clk/A (sky130_fd_sc_hd__clkbuf_16)
                  0.14    0.19  100.19 ^ clkbuf_0_i_clk/X (sky130_fd_sc_hd__clkbuf_16)
    16    0.13                           clknet_0_i_clk (net)
                  0.14    0.01  100.19 ^ clkbuf_4_3_0_i_clk/A (sky130_fd_sc_hd__clkbuf_8)
                  0.08    0.19  100.38 ^ clkbuf_4_3_0_i_clk/X (sky130_fd_sc_hd__clkbuf_8)
    11    0.04                           clknet_4_3_0_i_clk (net)
                  0.08    0.00  100.38 ^ _2095_/CLK (sky130_fd_sc_hd__dfxtp_1)
                         -0.50   99.88   clock uncertainty
                          0.00   99.88   clock reconvergence pessimism
                         -0.05   99.83   library setup time
                                 99.83   data required time
-----------------------------------------------------------------------------
                                 99.83   data required time
                                -21.48   data arrival time
-----------------------------------------------------------------------------
                                 78.35   slack (MET)


Startpoint: i_rst_n (input port clocked by i_clk)
Endpoint: _2165_ (rising edge-triggered flip-flop clocked by i_clk)
Path Group: i_clk
Path Type: max

Fanout     Cap    Slew   Delay    Time   Description
-----------------------------------------------------------------------------
                          0.00    0.00   clock i_clk (rise edge)
                          0.00    0.00   clock network delay (propagated)
                         20.00   20.00 ^ input external delay
                  0.00    0.00   20.00 ^ i_rst_n (in)
     1    0.00                           i_rst_n (net)
                  0.00    0.00   20.00 ^ input2/A (sky130_fd_sc_hd__dlymetal6s2s_1)
                  0.21    0.19   20.19 ^ input2/X (sky130_fd_sc_hd__dlymetal6s2s_1)
     5    0.02                           net2 (net)
                  0.21    0.00   20.19 ^ _1080_/A (sky130_fd_sc_hd__buf_2)
                  0.23    0.29   20.47 ^ _1080_/X (sky130_fd_sc_hd__buf_2)
    10    0.05                           _0471_ (net)
                  0.23    0.00   20.48 ^ _1614_/A (sky130_fd_sc_hd__clkbuf_4)
                  0.17    0.29   20.77 ^ _1614_/X (sky130_fd_sc_hd__clkbuf_4)
    10    0.05                           _0963_ (net)
                  0.17    0.00   20.77 ^ _2001_/C1 (sky130_fd_sc_hd__o211a_1)
                  0.04    0.16   20.93 ^ _2001_/X (sky130_fd_sc_hd__o211a_1)
     1    0.00                           _0141_ (net)
                  0.04    0.00   20.93 ^ hold123/A (sky130_fd_sc_hd__dlygate4sd3_1)
                  0.06    0.54   21.47 ^ hold123/X (sky130_fd_sc_hd__dlygate4sd3_1)
     1    0.00                           net129 (net)
                  0.06    0.00   21.47 ^ _2165_/D (sky130_fd_sc_hd__dfxtp_1)
                                 21.47   data arrival time

                        100.00  100.00   clock i_clk (rise edge)
                          0.00  100.00   clock source latency
                  0.00    0.00  100.00 ^ i_clk (in)
     1    0.03                           i_clk (net)
                  0.00    0.00  100.00 ^ clkbuf_0_i_clk/A (sky130_fd_sc_hd__clkbuf_16)
                  0.14    0.19  100.19 ^ clkbuf_0_i_clk/X (sky130_fd_sc_hd__clkbuf_16)
    16    0.13                           clknet_0_i_clk (net)
                  0.14    0.00  100.19 ^ clkbuf_4_0_0_i_clk/A (sky130_fd_sc_hd__clkbuf_8)
                  0.07    0.18  100.38 ^ clkbuf_4_0_0_i_clk/X (sky130_fd_sc_hd__clkbuf_8)
    11    0.03                           clknet_4_0_0_i_clk (net)
                  0.07    0.00  100.38 ^ _2165_/CLK (sky130_fd_sc_hd__dfxtp_1)
                         -0.50   99.88   clock uncertainty
                          0.00   99.88   clock reconvergence pessimism
                         -0.05   99.82   library setup time
                                 99.82   data required time
-----------------------------------------------------------------------------
                                 99.82   data required time
                                -21.47   data arrival time
-----------------------------------------------------------------------------
                                 78.35   slack (MET)


Startpoint: i_rst_n (input port clocked by i_clk)
Endpoint: _2159_ (rising edge-triggered flip-flop clocked by i_clk)
Path Group: i_clk
Path Type: max

Fanout     Cap    Slew   Delay    Time   Description
-----------------------------------------------------------------------------
                          0.00    0.00   clock i_clk (rise edge)
                          0.00    0.00   clock network delay (propagated)
                         20.00   20.00 ^ input external delay
                  0.00    0.00   20.00 ^ i_rst_n (in)
     1    0.00                           i_rst_n (net)
                  0.00    0.00   20.00 ^ input2/A (sky130_fd_sc_hd__dlymetal6s2s_1)
                  0.21    0.19   20.19 ^ input2/X (sky130_fd_sc_hd__dlymetal6s2s_1)
     5    0.02                           net2 (net)
                  0.21    0.00   20.19 ^ _1080_/A (sky130_fd_sc_hd__buf_2)
                  0.23    0.29   20.47 ^ _1080_/X (sky130_fd_sc_hd__buf_2)
    10    0.05                           _0471_ (net)
                  0.23    0.00   20.48 ^ _1960_/A (sky130_fd_sc_hd__clkbuf_4)
                  0.16    0.29   20.76 ^ _1960_/X (sky130_fd_sc_hd__clkbuf_4)
    10    0.05                           _0374_ (net)
                  0.16    0.00   20.77 ^ _1977_/C1 (sky130_fd_sc_hd__o211a_1)
                  0.04    0.16   20.93 ^ _1977_/X (sky130_fd_sc_hd__o211a_1)
     1    0.00                           _0135_ (net)
                  0.04    0.00   20.93 ^ hold115/A (sky130_fd_sc_hd__dlygate4sd3_1)
                  0.06    0.54   21.47 ^ hold115/X (sky130_fd_sc_hd__dlygate4sd3_1)
     1    0.00                           net121 (net)
                  0.06    0.00   21.47 ^ _2159_/D (sky130_fd_sc_hd__dfxtp_1)
                                 21.47   data arrival time

                        100.00  100.00   clock i_clk (rise edge)
                          0.00  100.00   clock source latency
                  0.00    0.00  100.00 ^ i_clk (in)
     1    0.03                           i_clk (net)
                  0.00    0.00  100.00 ^ clkbuf_0_i_clk/A (sky130_fd_sc_hd__clkbuf_16)
                  0.14    0.19  100.19 ^ clkbuf_0_i_clk/X (sky130_fd_sc_hd__clkbuf_16)
    16    0.13                           clknet_0_i_clk (net)
                  0.14    0.00  100.19 ^ clkbuf_4_8_0_i_clk/A (sky130_fd_sc_hd__clkbuf_8)
                  0.07    0.18  100.37 ^ clkbuf_4_8_0_i_clk/X (sky130_fd_sc_hd__clkbuf_8)
    10    0.03                           clknet_4_8_0_i_clk (net)
                  0.07    0.00  100.38 ^ _2159_/CLK (sky130_fd_sc_hd__dfxtp_1)
                         -0.50   99.88   clock uncertainty
                          0.00   99.88   clock reconvergence pessimism
                         -0.05   99.82   library setup time
                                 99.82   data required time
-----------------------------------------------------------------------------
                                 99.82   data required time
                                -21.47   data arrival time
-----------------------------------------------------------------------------
                                 78.35   slack (MET)


Startpoint: i_rst_n (input port clocked by i_clk)
Endpoint: _2050_ (rising edge-triggered flip-flop clocked by i_clk)
Path Group: i_clk
Path Type: max

Fanout     Cap    Slew   Delay    Time   Description
-----------------------------------------------------------------------------
                          0.00    0.00   clock i_clk (rise edge)
                          0.00    0.00   clock network delay (propagated)
                         20.00   20.00 ^ input external delay
                  0.00    0.00   20.00 ^ i_rst_n (in)
     1    0.00                           i_rst_n (net)
                  0.00    0.00   20.00 ^ input2/A (sky130_fd_sc_hd__dlymetal6s2s_1)
                  0.21    0.19   20.19 ^ input2/X (sky130_fd_sc_hd__dlymetal6s2s_1)
     5    0.02                           net2 (net)
                  0.21    0.00   20.19 ^ _1031_/B1_N (sky130_fd_sc_hd__a21boi_4)
                  0.20    0.28   20.47 ^ _1031_/Y (sky130_fd_sc_hd__a21boi_4)
     4    0.02                           _0434_ (net)
                  0.20    0.00   20.47 ^ _1034_/B1 (sky130_fd_sc_hd__o21a_4)
                  0.17    0.26   20.73 ^ _1034_/X (sky130_fd_sc_hd__o21a_4)
    10    0.05                           _0436_ (net)
                  0.17    0.01   20.74 ^ _1410_/A (sky130_fd_sc_hd__buf_4)
                  0.20    0.26   21.00 ^ _1410_/X (sky130_fd_sc_hd__buf_4)
    10    0.07                           _0785_ (net)
                  0.20    0.01   21.01 ^ _1562_/S (sky130_fd_sc_hd__mux2_1)
                  0.05    0.34   21.35 v _1562_/X (sky130_fd_sc_hd__mux2_1)
     1    0.00                           _0926_ (net)
                  0.05    0.00   21.35 v _1563_/A (sky130_fd_sc_hd__clkbuf_1)
                  0.02    0.09   21.43 v _1563_/X (sky130_fd_sc_hd__clkbuf_1)
     1    0.00                           _0035_ (net)
                  0.02    0.00   21.43 v _2050_/D (sky130_fd_sc_hd__dfxtp_1)
                                 21.43   data arrival time

                        100.00  100.00   clock i_clk (rise edge)
                          0.00  100.00   clock source latency
                  0.00    0.00  100.00 ^ i_clk (in)
     1    0.03                           i_clk (net)
                  0.00    0.00  100.00 ^ clkbuf_0_i_clk/A (sky130_fd_sc_hd__clkbuf_16)
                  0.14    0.19  100.19 ^ clkbuf_0_i_clk/X (sky130_fd_sc_hd__clkbuf_16)
    16    0.13                           clknet_0_i_clk (net)
                  0.14    0.00  100.19 ^ clkbuf_4_6_0_i_clk/A (sky130_fd_sc_hd__clkbuf_8)
                  0.07    0.18  100.38 ^ clkbuf_4_6_0_i_clk/X (sky130_fd_sc_hd__clkbuf_8)
    11    0.03                           clknet_4_6_0_i_clk (net)
                  0.07    0.00  100.38 ^ _2050_/CLK (sky130_fd_sc_hd__dfxtp_1)
                         -0.50   99.88   clock uncertainty
                          0.00   99.88   clock reconvergence pessimism
                         -0.09   99.78   library setup time
                                 99.78   data required time
-----------------------------------------------------------------------------
                                 99.78   data required time
                                -21.43   data arrival time
-----------------------------------------------------------------------------
                                 78.35   slack (MET)


Startpoint: i_rst_n (input port clocked by i_clk)
Endpoint: _2091_ (rising edge-triggered flip-flop clocked by i_clk)
Path Group: i_clk
Path Type: max

Fanout     Cap    Slew   Delay    Time   Description
-----------------------------------------------------------------------------
                          0.00    0.00   clock i_clk (rise edge)
                          0.00    0.00   clock network delay (propagated)
                         20.00   20.00 ^ input external delay
                  0.00    0.00   20.00 ^ i_rst_n (in)
     1    0.00                           i_rst_n (net)
                  0.00    0.00   20.00 ^ input2/A (sky130_fd_sc_hd__dlymetal6s2s_1)
                  0.21    0.19   20.19 ^ input2/X (sky130_fd_sc_hd__dlymetal6s2s_1)
     5    0.02                           net2 (net)
                  0.21    0.00   20.19 ^ _1080_/A (sky130_fd_sc_hd__buf_2)
                  0.23    0.29   20.47 ^ _1080_/X (sky130_fd_sc_hd__buf_2)
    10    0.05                           _0471_ (net)
                  0.23    0.00   20.48 ^ _1632_/A (sky130_fd_sc_hd__buf_2)
                  0.18    0.26   20.74 ^ _1632_/X (sky130_fd_sc_hd__buf_2)
    10    0.04                           _0973_ (net)
                  0.18    0.00   20.74 ^ _1642_/C1 (sky130_fd_sc_hd__o221a_1)
                  0.04    0.19   20.93 ^ _1642_/X (sky130_fd_sc_hd__o221a_1)
     1    0.00                           _0067_ (net)
                  0.04    0.00   20.93 ^ hold56/A (sky130_fd_sc_hd__dlygate4sd3_1)
                  0.06    0.54   21.47 ^ hold56/X (sky130_fd_sc_hd__dlygate4sd3_1)
     1    0.00                           net62 (net)
                  0.06    0.00   21.47 ^ _2091_/D (sky130_fd_sc_hd__dfxtp_1)
                                 21.47   data arrival time

                        100.00  100.00   clock i_clk (rise edge)
                          0.00  100.00   clock source latency
                  0.00    0.00  100.00 ^ i_clk (in)
     1    0.03                           i_clk (net)
                  0.00    0.00  100.00 ^ clkbuf_0_i_clk/A (sky130_fd_sc_hd__clkbuf_16)
                  0.14    0.19  100.19 ^ clkbuf_0_i_clk/X (sky130_fd_sc_hd__clkbuf_16)
    16    0.13                           clknet_0_i_clk (net)
                  0.14    0.00  100.19 ^ clkbuf_4_9_0_i_clk/A (sky130_fd_sc_hd__clkbuf_8)
                  0.08    0.18  100.38 ^ clkbuf_4_9_0_i_clk/X (sky130_fd_sc_hd__clkbuf_8)
    11    0.04                           clknet_4_9_0_i_clk (net)
                  0.08    0.00  100.38 ^ _2091_/CLK (sky130_fd_sc_hd__dfxtp_1)
                         -0.50   99.88   clock uncertainty
                          0.00   99.88   clock reconvergence pessimism
                         -0.05   99.83   library setup time
                                 99.83   data required time
-----------------------------------------------------------------------------
                                 99.83   data required time
                                -21.47   data arrival time
-----------------------------------------------------------------------------
                                 78.35   slack (MET)


Startpoint: i_rst_n (input port clocked by i_clk)
Endpoint: _2096_ (rising edge-triggered flip-flop clocked by i_clk)
Path Group: i_clk
Path Type: max

Fanout     Cap    Slew   Delay    Time   Description
-----------------------------------------------------------------------------
                          0.00    0.00   clock i_clk (rise edge)
                          0.00    0.00   clock network delay (propagated)
                         20.00   20.00 ^ input external delay
                  0.00    0.00   20.00 ^ i_rst_n (in)
     1    0.00                           i_rst_n (net)
                  0.00    0.00   20.00 ^ input2/A (sky130_fd_sc_hd__dlymetal6s2s_1)
                  0.21    0.19   20.19 ^ input2/X (sky130_fd_sc_hd__dlymetal6s2s_1)
     5    0.02                           net2 (net)
                  0.21    0.00   20.19 ^ _1080_/A (sky130_fd_sc_hd__buf_2)
                  0.23    0.29   20.47 ^ _1080_/X (sky130_fd_sc_hd__buf_2)
    10    0.05                           _0471_ (net)
                  0.23    0.00   20.48 ^ _1632_/A (sky130_fd_sc_hd__buf_2)
                  0.18    0.26   20.74 ^ _1632_/X (sky130_fd_sc_hd__buf_2)
    10    0.04                           _0973_ (net)
                  0.18    0.00   20.74 ^ _1658_/C1 (sky130_fd_sc_hd__o221a_1)
                  0.05    0.19   20.94 ^ _1658_/X (sky130_fd_sc_hd__o221a_1)
     1    0.00                           _0072_ (net)
                  0.05    0.00   20.94 ^ hold46/A (sky130_fd_sc_hd__dlygate4sd3_1)
                  0.05    0.54   21.47 ^ hold46/X (sky130_fd_sc_hd__dlygate4sd3_1)
     1    0.00                           net52 (net)
                  0.05    0.00   21.47 ^ _2096_/D (sky130_fd_sc_hd__dfxtp_1)
                                 21.47   data arrival time

                        100.00  100.00   clock i_clk (rise edge)
                          0.00  100.00   clock source latency
                  0.00    0.00  100.00 ^ i_clk (in)
     1    0.03                           i_clk (net)
                  0.00    0.00  100.00 ^ clkbuf_0_i_clk/A (sky130_fd_sc_hd__clkbuf_16)
                  0.14    0.19  100.19 ^ clkbuf_0_i_clk/X (sky130_fd_sc_hd__clkbuf_16)
    16    0.13                           clknet_0_i_clk (net)
                  0.14    0.00  100.19 ^ clkbuf_4_9_0_i_clk/A (sky130_fd_sc_hd__clkbuf_8)
                  0.08    0.18  100.38 ^ clkbuf_4_9_0_i_clk/X (sky130_fd_sc_hd__clkbuf_8)
    11    0.04                           clknet_4_9_0_i_clk (net)
                  0.08    0.00  100.38 ^ _2096_/CLK (sky130_fd_sc_hd__dfxtp_1)
                         -0.50   99.88   clock uncertainty
                          0.00   99.88   clock reconvergence pessimism
                         -0.05   99.83   library setup time
                                 99.83   data required time
-----------------------------------------------------------------------------
                                 99.83   data required time
                                -21.47   data arrival time
-----------------------------------------------------------------------------
                                 78.35   slack (MET)


Startpoint: i_rst_n (input port clocked by i_clk)
Endpoint: _2161_ (rising edge-triggered flip-flop clocked by i_clk)
Path Group: i_clk
Path Type: max

Fanout     Cap    Slew   Delay    Time   Description
-----------------------------------------------------------------------------
                          0.00    0.00   clock i_clk (rise edge)
                          0.00    0.00   clock network delay (propagated)
                         20.00   20.00 ^ input external delay
                  0.00    0.00   20.00 ^ i_rst_n (in)
     1    0.00                           i_rst_n (net)
                  0.00    0.00   20.00 ^ input2/A (sky130_fd_sc_hd__dlymetal6s2s_1)
                  0.21    0.19   20.19 ^ input2/X (sky130_fd_sc_hd__dlymetal6s2s_1)
     5    0.02                           net2 (net)
                  0.21    0.00   20.19 ^ _1080_/A (sky130_fd_sc_hd__buf_2)
                  0.23    0.29   20.47 ^ _1080_/X (sky130_fd_sc_hd__buf_2)
    10    0.05                           _0471_ (net)
                  0.23    0.00   20.48 ^ _1960_/A (sky130_fd_sc_hd__clkbuf_4)
                  0.16    0.29   20.76 ^ _1960_/X (sky130_fd_sc_hd__clkbuf_4)
    10    0.05                           _0374_ (net)
                  0.16    0.00   20.77 ^ _1985_/C1 (sky130_fd_sc_hd__o211a_1)
                  0.04    0.16   20.93 ^ _1985_/X (sky130_fd_sc_hd__o211a_1)
     1    0.00                           _0137_ (net)
                  0.04    0.00   20.93 ^ hold113/A (sky130_fd_sc_hd__dlygate4sd3_1)
                  0.06    0.54   21.47 ^ hold113/X (sky130_fd_sc_hd__dlygate4sd3_1)
     1    0.00                           net119 (net)
                  0.06    0.00   21.47 ^ _2161_/D (sky130_fd_sc_hd__dfxtp_1)
                                 21.47   data arrival time

                        100.00  100.00   clock i_clk (rise edge)
                          0.00  100.00   clock source latency
                  0.00    0.00  100.00 ^ i_clk (in)
     1    0.03                           i_clk (net)
                  0.00    0.00  100.00 ^ clkbuf_0_i_clk/A (sky130_fd_sc_hd__clkbuf_16)
                  0.14    0.19  100.19 ^ clkbuf_0_i_clk/X (sky130_fd_sc_hd__clkbuf_16)
    16    0.13                           clknet_0_i_clk (net)
                  0.14    0.01  100.19 ^ clkbuf_4_2_0_i_clk/A (sky130_fd_sc_hd__clkbuf_8)
                  0.07    0.18  100.37 ^ clkbuf_4_2_0_i_clk/X (sky130_fd_sc_hd__clkbuf_8)
     8    0.03                           clknet_4_2_0_i_clk (net)
                  0.07    0.00  100.38 ^ _2161_/CLK (sky130_fd_sc_hd__dfxtp_1)
                         -0.50   99.88   clock uncertainty
                          0.00   99.88   clock reconvergence pessimism
                         -0.05   99.82   library setup time
                                 99.82   data required time
-----------------------------------------------------------------------------
                                 99.82   data required time
                                -21.47   data arrival time
-----------------------------------------------------------------------------
                                 78.36   slack (MET)


Startpoint: i_rst_n (input port clocked by i_clk)
Endpoint: _2093_ (rising edge-triggered flip-flop clocked by i_clk)
Path Group: i_clk
Path Type: max

Fanout     Cap    Slew   Delay    Time   Description
-----------------------------------------------------------------------------
                          0.00    0.00   clock i_clk (rise edge)
                          0.00    0.00   clock network delay (propagated)
                         20.00   20.00 ^ input external delay
                  0.00    0.00   20.00 ^ i_rst_n (in)
     1    0.00                           i_rst_n (net)
                  0.00    0.00   20.00 ^ input2/A (sky130_fd_sc_hd__dlymetal6s2s_1)
                  0.21    0.19   20.19 ^ input2/X (sky130_fd_sc_hd__dlymetal6s2s_1)
     5    0.02                           net2 (net)
                  0.21    0.00   20.19 ^ _1080_/A (sky130_fd_sc_hd__buf_2)
                  0.23    0.29   20.47 ^ _1080_/X (sky130_fd_sc_hd__buf_2)
    10    0.05                           _0471_ (net)
                  0.23    0.00   20.48 ^ _1632_/A (sky130_fd_sc_hd__buf_2)
                  0.18    0.26   20.74 ^ _1632_/X (sky130_fd_sc_hd__buf_2)
    10    0.04                           _0973_ (net)
                  0.18    0.00   20.74 ^ _1646_/C1 (sky130_fd_sc_hd__o221a_1)
                  0.05    0.19   20.93 ^ _1646_/X (sky130_fd_sc_hd__o221a_1)
     1    0.00                           _0069_ (net)
                  0.05    0.00   20.93 ^ hold73/A (sky130_fd_sc_hd__dlygate4sd3_1)
                  0.05    0.54   21.47 ^ hold73/X (sky130_fd_sc_hd__dlygate4sd3_1)
     1    0.00                           net79 (net)
                  0.05    0.00   21.47 ^ _2093_/D (sky130_fd_sc_hd__dfxtp_1)
                                 21.47   data arrival time

                        100.00  100.00   clock i_clk (rise edge)
                          0.00  100.00   clock source latency
                  0.00    0.00  100.00 ^ i_clk (in)
     1    0.03                           i_clk (net)
                  0.00    0.00  100.00 ^ clkbuf_0_i_clk/A (sky130_fd_sc_hd__clkbuf_16)
                  0.14    0.19  100.19 ^ clkbuf_0_i_clk/X (sky130_fd_sc_hd__clkbuf_16)
    16    0.13                           clknet_0_i_clk (net)
                  0.14    0.00  100.19 ^ clkbuf_4_9_0_i_clk/A (sky130_fd_sc_hd__clkbuf_8)
                  0.08    0.18  100.38 ^ clkbuf_4_9_0_i_clk/X (sky130_fd_sc_hd__clkbuf_8)
    11    0.04                           clknet_4_9_0_i_clk (net)
                  0.08    0.00  100.38 ^ _2093_/CLK (sky130_fd_sc_hd__dfxtp_1)
                         -0.50   99.88   clock uncertainty
                          0.00   99.88   clock reconvergence pessimism
                         -0.05   99.83   library setup time
                                 99.83   data required time
-----------------------------------------------------------------------------
                                 99.83   data required time
                                -21.47   data arrival time
-----------------------------------------------------------------------------
                                 78.36   slack (MET)


Startpoint: i_rst_n (input port clocked by i_clk)
Endpoint: _2163_ (rising edge-triggered flip-flop clocked by i_clk)
Path Group: i_clk
Path Type: max

Fanout     Cap    Slew   Delay    Time   Description
-----------------------------------------------------------------------------
                          0.00    0.00   clock i_clk (rise edge)
                          0.00    0.00   clock network delay (propagated)
                         20.00   20.00 ^ input external delay
                  0.00    0.00   20.00 ^ i_rst_n (in)
     1    0.00                           i_rst_n (net)
                  0.00    0.00   20.00 ^ input2/A (sky130_fd_sc_hd__dlymetal6s2s_1)
                  0.21    0.19   20.19 ^ input2/X (sky130_fd_sc_hd__dlymetal6s2s_1)
     5    0.02                           net2 (net)
                  0.21    0.00   20.19 ^ _1080_/A (sky130_fd_sc_hd__buf_2)
                  0.23    0.29   20.47 ^ _1080_/X (sky130_fd_sc_hd__buf_2)
    10    0.05                           _0471_ (net)
                  0.23    0.00   20.48 ^ _1960_/A (sky130_fd_sc_hd__clkbuf_4)
                  0.16    0.29   20.76 ^ _1960_/X (sky130_fd_sc_hd__clkbuf_4)
    10    0.05                           _0374_ (net)
                  0.16    0.00   20.77 ^ _1993_/C1 (sky130_fd_sc_hd__o211a_1)
                  0.04    0.16   20.93 ^ _1993_/X (sky130_fd_sc_hd__o211a_1)
     1    0.00                           _0139_ (net)
                  0.04    0.00   20.93 ^ hold110/A (sky130_fd_sc_hd__dlygate4sd3_1)
                  0.06    0.54   21.46 ^ hold110/X (sky130_fd_sc_hd__dlygate4sd3_1)
     1    0.00                           net116 (net)
                  0.06    0.00   21.46 ^ _2163_/D (sky130_fd_sc_hd__dfxtp_1)
                                 21.46   data arrival time

                        100.00  100.00   clock i_clk (rise edge)
                          0.00  100.00   clock source latency
                  0.00    0.00  100.00 ^ i_clk (in)
     1    0.03                           i_clk (net)
                  0.00    0.00  100.00 ^ clkbuf_0_i_clk/A (sky130_fd_sc_hd__clkbuf_16)
                  0.14    0.19  100.19 ^ clkbuf_0_i_clk/X (sky130_fd_sc_hd__clkbuf_16)
    16    0.13                           clknet_0_i_clk (net)
                  0.14    0.01  100.19 ^ clkbuf_4_2_0_i_clk/A (sky130_fd_sc_hd__clkbuf_8)
                  0.07    0.18  100.37 ^ clkbuf_4_2_0_i_clk/X (sky130_fd_sc_hd__clkbuf_8)
     8    0.03                           clknet_4_2_0_i_clk (net)
                  0.07    0.00  100.38 ^ _2163_/CLK (sky130_fd_sc_hd__dfxtp_1)
                         -0.50   99.88   clock uncertainty
                          0.00   99.88   clock reconvergence pessimism
                         -0.05   99.82   library setup time
                                 99.82   data required time
-----------------------------------------------------------------------------
                                 99.82   data required time
                                -21.46   data arrival time
-----------------------------------------------------------------------------
                                 78.36   slack (MET)


Startpoint: i_rst_n (input port clocked by i_clk)
Endpoint: _2164_ (rising edge-triggered flip-flop clocked by i_clk)
Path Group: i_clk
Path Type: max

Fanout     Cap    Slew   Delay    Time   Description
-----------------------------------------------------------------------------
                          0.00    0.00   clock i_clk (rise edge)
                          0.00    0.00   clock network delay (propagated)
                         20.00   20.00 ^ input external delay
                  0.00    0.00   20.00 ^ i_rst_n (in)
     1    0.00                           i_rst_n (net)
                  0.00    0.00   20.00 ^ input2/A (sky130_fd_sc_hd__dlymetal6s2s_1)
                  0.21    0.19   20.19 ^ input2/X (sky130_fd_sc_hd__dlymetal6s2s_1)
     5    0.02                           net2 (net)
                  0.21    0.00   20.19 ^ _1080_/A (sky130_fd_sc_hd__buf_2)
                  0.23    0.29   20.47 ^ _1080_/X (sky130_fd_sc_hd__buf_2)
    10    0.05                           _0471_ (net)
                  0.23    0.00   20.48 ^ _1960_/A (sky130_fd_sc_hd__clkbuf_4)
                  0.16    0.29   20.76 ^ _1960_/X (sky130_fd_sc_hd__clkbuf_4)
    10    0.05                           _0374_ (net)
                  0.16    0.00   20.77 ^ _1997_/C1 (sky130_fd_sc_hd__o211a_1)
                  0.04    0.16   20.92 ^ _1997_/X (sky130_fd_sc_hd__o211a_1)
     1    0.00                           _0140_ (net)
                  0.04    0.00   20.92 ^ hold121/A (sky130_fd_sc_hd__dlygate4sd3_1)
                  0.06    0.54   21.46 ^ hold121/X (sky130_fd_sc_hd__dlygate4sd3_1)
     1    0.00                           net127 (net)
                  0.06    0.00   21.46 ^ _2164_/D (sky130_fd_sc_hd__dfxtp_1)
                                 21.46   data arrival time

                        100.00  100.00   clock i_clk (rise edge)
                          0.00  100.00   clock source latency
                  0.00    0.00  100.00 ^ i_clk (in)
     1    0.03                           i_clk (net)
                  0.00    0.00  100.00 ^ clkbuf_0_i_clk/A (sky130_fd_sc_hd__clkbuf_16)
                  0.14    0.19  100.19 ^ clkbuf_0_i_clk/X (sky130_fd_sc_hd__clkbuf_16)
    16    0.13                           clknet_0_i_clk (net)
                  0.14    0.01  100.19 ^ clkbuf_4_2_0_i_clk/A (sky130_fd_sc_hd__clkbuf_8)
                  0.07    0.18  100.37 ^ clkbuf_4_2_0_i_clk/X (sky130_fd_sc_hd__clkbuf_8)
     8    0.03                           clknet_4_2_0_i_clk (net)
                  0.07    0.00  100.38 ^ _2164_/CLK (sky130_fd_sc_hd__dfxtp_1)
                         -0.50   99.88   clock uncertainty
                          0.00   99.88   clock reconvergence pessimism
                         -0.05   99.82   library setup time
                                 99.82   data required time
-----------------------------------------------------------------------------
                                 99.82   data required time
                                -21.46   data arrival time
-----------------------------------------------------------------------------
                                 78.36   slack (MET)


Startpoint: i_rst_n (input port clocked by i_clk)
Endpoint: _2145_ (rising edge-triggered flip-flop clocked by i_clk)
Path Group: i_clk
Path Type: max

Fanout     Cap    Slew   Delay    Time   Description
-----------------------------------------------------------------------------
                          0.00    0.00   clock i_clk (rise edge)
                          0.00    0.00   clock network delay (propagated)
                         20.00   20.00 ^ input external delay
                  0.00    0.00   20.00 ^ i_rst_n (in)
     1    0.00                           i_rst_n (net)
                  0.00    0.00   20.00 ^ input2/A (sky130_fd_sc_hd__dlymetal6s2s_1)
                  0.21    0.19   20.19 ^ input2/X (sky130_fd_sc_hd__dlymetal6s2s_1)
     5    0.02                           net2 (net)
                  0.21    0.00   20.19 ^ _1080_/A (sky130_fd_sc_hd__buf_2)
                  0.23    0.29   20.47 ^ _1080_/X (sky130_fd_sc_hd__buf_2)
    10    0.05                           _0471_ (net)
                  0.23    0.00   20.48 ^ _1916_/A (sky130_fd_sc_hd__clkbuf_4)
                  0.20    0.31   20.79 ^ _1916_/X (sky130_fd_sc_hd__clkbuf_4)
    10    0.06                           _0341_ (net)
                  0.20    0.01   20.79 ^ _1919_/C1 (sky130_fd_sc_hd__o211a_1)
                  0.04    0.17   20.96 ^ _1919_/X (sky130_fd_sc_hd__o211a_1)
     1    0.00                           _0121_ (net)
                  0.04    0.00   20.96 ^ hold96/A (sky130_fd_sc_hd__dlygate4sd3_1)
                  0.05    0.53   21.49 ^ hold96/X (sky130_fd_sc_hd__dlygate4sd3_1)
     1    0.00                           net102 (net)
                  0.05    0.00   21.49 ^ _2145_/D (sky130_fd_sc_hd__dfxtp_1)
                                 21.49   data arrival time

                        100.00  100.00   clock i_clk (rise edge)
                          0.00  100.00   clock source latency
                  0.00    0.00  100.00 ^ i_clk (in)
     1    0.03                           i_clk (net)
                  0.00    0.00  100.00 ^ clkbuf_0_i_clk/A (sky130_fd_sc_hd__clkbuf_16)
                  0.14    0.19  100.19 ^ clkbuf_0_i_clk/X (sky130_fd_sc_hd__clkbuf_16)
    16    0.13                           clknet_0_i_clk (net)
                  0.14    0.00  100.19 ^ clkbuf_4_7_0_i_clk/A (sky130_fd_sc_hd__clkbuf_8)
                  0.11    0.21  100.40 ^ clkbuf_4_7_0_i_clk/X (sky130_fd_sc_hd__clkbuf_8)
    16    0.06                           clknet_4_7_0_i_clk (net)
                  0.11    0.00  100.40 ^ _2145_/CLK (sky130_fd_sc_hd__dfxtp_1)
                         -0.50   99.90   clock uncertainty
                          0.00   99.90   clock reconvergence pessimism
                         -0.05   99.86   library setup time
                                 99.86   data required time
-----------------------------------------------------------------------------
                                 99.86   data required time
                                -21.49   data arrival time
-----------------------------------------------------------------------------
                                 78.36   slack (MET)


Startpoint: i_rst_n (input port clocked by i_clk)
Endpoint: _2166_ (rising edge-triggered flip-flop clocked by i_clk)
Path Group: i_clk
Path Type: max

Fanout     Cap    Slew   Delay    Time   Description
-----------------------------------------------------------------------------
                          0.00    0.00   clock i_clk (rise edge)
                          0.00    0.00   clock network delay (propagated)
                         20.00   20.00 ^ input external delay
                  0.00    0.00   20.00 ^ i_rst_n (in)
     1    0.00                           i_rst_n (net)
                  0.00    0.00   20.00 ^ input2/A (sky130_fd_sc_hd__dlymetal6s2s_1)
                  0.21    0.19   20.19 ^ input2/X (sky130_fd_sc_hd__dlymetal6s2s_1)
     5    0.02                           net2 (net)
                  0.21    0.00   20.19 ^ _1080_/A (sky130_fd_sc_hd__buf_2)
                  0.23    0.29   20.47 ^ _1080_/X (sky130_fd_sc_hd__buf_2)
    10    0.05                           _0471_ (net)
                  0.23    0.00   20.48 ^ _1614_/A (sky130_fd_sc_hd__clkbuf_4)
                  0.17    0.29   20.77 ^ _1614_/X (sky130_fd_sc_hd__clkbuf_4)
    10    0.05                           _0963_ (net)
                  0.17    0.00   20.77 ^ _2005_/C1 (sky130_fd_sc_hd__o211a_1)
                  0.04    0.16   20.93 ^ _2005_/X (sky130_fd_sc_hd__o211a_1)
     1    0.00                           _0142_ (net)
                  0.04    0.00   20.93 ^ hold165/A (sky130_fd_sc_hd__dlygate4sd3_1)
                  0.05    0.53   21.46 ^ hold165/X (sky130_fd_sc_hd__dlygate4sd3_1)
     1    0.00                           net171 (net)
                  0.05    0.00   21.46 ^ _2166_/D (sky130_fd_sc_hd__dfxtp_1)
                                 21.46   data arrival time

                        100.00  100.00   clock i_clk (rise edge)
                          0.00  100.00   clock source latency
                  0.00    0.00  100.00 ^ i_clk (in)
     1    0.03                           i_clk (net)
                  0.00    0.00  100.00 ^ clkbuf_0_i_clk/A (sky130_fd_sc_hd__clkbuf_16)
                  0.14    0.19  100.19 ^ clkbuf_0_i_clk/X (sky130_fd_sc_hd__clkbuf_16)
    16    0.13                           clknet_0_i_clk (net)
                  0.14    0.00  100.19 ^ clkbuf_4_0_0_i_clk/A (sky130_fd_sc_hd__clkbuf_8)
                  0.07    0.18  100.38 ^ clkbuf_4_0_0_i_clk/X (sky130_fd_sc_hd__clkbuf_8)
    11    0.03                           clknet_4_0_0_i_clk (net)
                  0.07    0.00  100.38 ^ _2166_/CLK (sky130_fd_sc_hd__dfxtp_1)
                         -0.50   99.88   clock uncertainty
                          0.00   99.88   clock reconvergence pessimism
                         -0.05   99.83   library setup time
                                 99.83   data required time
-----------------------------------------------------------------------------
                                 99.83   data required time
                                -21.46   data arrival time
-----------------------------------------------------------------------------
                                 78.36   slack (MET)


Startpoint: i_rst_n (input port clocked by i_clk)
Endpoint: _2130_ (rising edge-triggered flip-flop clocked by i_clk)
Path Group: i_clk
Path Type: max

Fanout     Cap    Slew   Delay    Time   Description
-----------------------------------------------------------------------------
                          0.00    0.00   clock i_clk (rise edge)
                          0.00    0.00   clock network delay (propagated)
                         20.00   20.00 ^ input external delay
                  0.00    0.00   20.00 ^ i_rst_n (in)
     1    0.00                           i_rst_n (net)
                  0.00    0.00   20.00 ^ input2/A (sky130_fd_sc_hd__dlymetal6s2s_1)
                  0.21    0.19   20.19 ^ input2/X (sky130_fd_sc_hd__dlymetal6s2s_1)
     5    0.02                           net2 (net)
                  0.21    0.00   20.19 ^ _1031_/B1_N (sky130_fd_sc_hd__a21boi_4)
                  0.20    0.28   20.47 ^ _1031_/Y (sky130_fd_sc_hd__a21boi_4)
     4    0.02                           _0434_ (net)
                  0.20    0.00   20.47 ^ _1034_/B1 (sky130_fd_sc_hd__o21a_4)
                  0.17    0.26   20.73 ^ _1034_/X (sky130_fd_sc_hd__o21a_4)
    10    0.05                           _0436_ (net)
                  0.17    0.01   20.74 ^ _1772_/A (sky130_fd_sc_hd__buf_4)
                  0.16    0.24   20.98 ^ _1772_/X (sky130_fd_sc_hd__buf_4)
    10    0.06                           _0218_ (net)
                  0.16    0.00   20.98 ^ _1856_/S (sky130_fd_sc_hd__mux2_1)
                  0.06    0.34   21.31 v _1856_/X (sky130_fd_sc_hd__mux2_1)
     1    0.00                           _0295_ (net)
                  0.06    0.00   21.31 v _1857_/A (sky130_fd_sc_hd__clkbuf_1)
                  0.03    0.09   21.41 v _1857_/X (sky130_fd_sc_hd__clkbuf_1)
     1    0.00                           _0106_ (net)
                  0.03    0.00   21.41 v _2130_/D (sky130_fd_sc_hd__dfxtp_1)
                                 21.41   data arrival time

                        100.00  100.00   clock i_clk (rise edge)
                          0.00  100.00   clock source latency
                  0.00    0.00  100.00 ^ i_clk (in)
     1    0.03                           i_clk (net)
                  0.00    0.00  100.00 ^ clkbuf_0_i_clk/A (sky130_fd_sc_hd__clkbuf_16)
                  0.14    0.19  100.19 ^ clkbuf_0_i_clk/X (sky130_fd_sc_hd__clkbuf_16)
    16    0.13                           clknet_0_i_clk (net)
                  0.14    0.00  100.19 ^ clkbuf_4_12_0_i_clk/A (sky130_fd_sc_hd__clkbuf_8)
                  0.06    0.17  100.37 ^ clkbuf_4_12_0_i_clk/X (sky130_fd_sc_hd__clkbuf_8)
     6    0.03                           clknet_4_12_0_i_clk (net)
                  0.06    0.00  100.37 ^ _2130_/CLK (sky130_fd_sc_hd__dfxtp_1)
                         -0.50   99.87   clock uncertainty
                          0.00   99.87   clock reconvergence pessimism
                         -0.10   99.77   library setup time
                                 99.77   data required time
-----------------------------------------------------------------------------
                                 99.77   data required time
                                -21.41   data arrival time
-----------------------------------------------------------------------------
                                 78.36   slack (MET)


Startpoint: i_rst_n (input port clocked by i_clk)
Endpoint: _2146_ (rising edge-triggered flip-flop clocked by i_clk)
Path Group: i_clk
Path Type: max

Fanout     Cap    Slew   Delay    Time   Description
-----------------------------------------------------------------------------
                          0.00    0.00   clock i_clk (rise edge)
                          0.00    0.00   clock network delay (propagated)
                         20.00   20.00 ^ input external delay
                  0.00    0.00   20.00 ^ i_rst_n (in)
     1    0.00                           i_rst_n (net)
                  0.00    0.00   20.00 ^ input2/A (sky130_fd_sc_hd__dlymetal6s2s_1)
                  0.21    0.19   20.19 ^ input2/X (sky130_fd_sc_hd__dlymetal6s2s_1)
     5    0.02                           net2 (net)
                  0.21    0.00   20.19 ^ _1080_/A (sky130_fd_sc_hd__buf_2)
                  0.23    0.29   20.47 ^ _1080_/X (sky130_fd_sc_hd__buf_2)
    10    0.05                           _0471_ (net)
                  0.23    0.00   20.48 ^ _1916_/A (sky130_fd_sc_hd__clkbuf_4)
                  0.20    0.31   20.79 ^ _1916_/X (sky130_fd_sc_hd__clkbuf_4)
    10    0.06                           _0341_ (net)
                  0.20    0.01   20.79 ^ _1921_/C1 (sky130_fd_sc_hd__o211a_1)
                  0.04    0.17   20.96 ^ _1921_/X (sky130_fd_sc_hd__o211a_1)
     1    0.00                           _0122_ (net)
                  0.04    0.00   20.96 ^ hold92/A (sky130_fd_sc_hd__dlygate4sd3_1)
                  0.05    0.53   21.49 ^ hold92/X (sky130_fd_sc_hd__dlygate4sd3_1)
     1    0.00                           net98 (net)
                  0.05    0.00   21.49 ^ _2146_/D (sky130_fd_sc_hd__dfxtp_1)
                                 21.49   data arrival time

                        100.00  100.00   clock i_clk (rise edge)
                          0.00  100.00   clock source latency
                  0.00    0.00  100.00 ^ i_clk (in)
     1    0.03                           i_clk (net)
                  0.00    0.00  100.00 ^ clkbuf_0_i_clk/A (sky130_fd_sc_hd__clkbuf_16)
                  0.14    0.19  100.19 ^ clkbuf_0_i_clk/X (sky130_fd_sc_hd__clkbuf_16)
    16    0.13                           clknet_0_i_clk (net)
                  0.14    0.00  100.19 ^ clkbuf_4_7_0_i_clk/A (sky130_fd_sc_hd__clkbuf_8)
                  0.11    0.21  100.40 ^ clkbuf_4_7_0_i_clk/X (sky130_fd_sc_hd__clkbuf_8)
    16    0.06                           clknet_4_7_0_i_clk (net)
                  0.11    0.00  100.40 ^ _2146_/CLK (sky130_fd_sc_hd__dfxtp_1)
                         -0.50   99.90   clock uncertainty
                          0.00   99.90   clock reconvergence pessimism
                         -0.05   99.86   library setup time
                                 99.86   data required time
-----------------------------------------------------------------------------
                                 99.86   data required time
                                -21.49   data arrival time
-----------------------------------------------------------------------------
                                 78.37   slack (MET)


Startpoint: i_rst_n (input port clocked by i_clk)
Endpoint: _2162_ (rising edge-triggered flip-flop clocked by i_clk)
Path Group: i_clk
Path Type: max

Fanout     Cap    Slew   Delay    Time   Description
-----------------------------------------------------------------------------
                          0.00    0.00   clock i_clk (rise edge)
                          0.00    0.00   clock network delay (propagated)
                         20.00   20.00 ^ input external delay
                  0.00    0.00   20.00 ^ i_rst_n (in)
     1    0.00                           i_rst_n (net)
                  0.00    0.00   20.00 ^ input2/A (sky130_fd_sc_hd__dlymetal6s2s_1)
                  0.21    0.19   20.19 ^ input2/X (sky130_fd_sc_hd__dlymetal6s2s_1)
     5    0.02                           net2 (net)
                  0.21    0.00   20.19 ^ _1080_/A (sky130_fd_sc_hd__buf_2)
                  0.23    0.29   20.47 ^ _1080_/X (sky130_fd_sc_hd__buf_2)
    10    0.05                           _0471_ (net)
                  0.23    0.00   20.48 ^ _1960_/A (sky130_fd_sc_hd__clkbuf_4)
                  0.16    0.29   20.76 ^ _1960_/X (sky130_fd_sc_hd__clkbuf_4)
    10    0.05                           _0374_ (net)
                  0.16    0.00   20.77 ^ _1989_/C1 (sky130_fd_sc_hd__o211a_1)
                  0.04    0.16   20.93 ^ _1989_/X (sky130_fd_sc_hd__o211a_1)
     1    0.00                           _0138_ (net)
                  0.04    0.00   20.93 ^ hold119/A (sky130_fd_sc_hd__dlygate4sd3_1)
                  0.06    0.54   21.46 ^ hold119/X (sky130_fd_sc_hd__dlygate4sd3_1)
     1    0.00                           net125 (net)
                  0.06    0.00   21.46 ^ _2162_/D (sky130_fd_sc_hd__dfxtp_1)
                                 21.46   data arrival time

                        100.00  100.00   clock i_clk (rise edge)
                          0.00  100.00   clock source latency
                  0.00    0.00  100.00 ^ i_clk (in)
     1    0.03                           i_clk (net)
                  0.00    0.00  100.00 ^ clkbuf_0_i_clk/A (sky130_fd_sc_hd__clkbuf_16)
                  0.14    0.19  100.19 ^ clkbuf_0_i_clk/X (sky130_fd_sc_hd__clkbuf_16)
    16    0.13                           clknet_0_i_clk (net)
                  0.14    0.01  100.19 ^ clkbuf_4_3_0_i_clk/A (sky130_fd_sc_hd__clkbuf_8)
                  0.08    0.19  100.38 ^ clkbuf_4_3_0_i_clk/X (sky130_fd_sc_hd__clkbuf_8)
    11    0.04                           clknet_4_3_0_i_clk (net)
                  0.08    0.00  100.38 ^ _2162_/CLK (sky130_fd_sc_hd__dfxtp_1)
                         -0.50   99.88   clock uncertainty
                          0.00   99.88   clock reconvergence pessimism
                         -0.05   99.83   library setup time
                                 99.83   data required time
-----------------------------------------------------------------------------
                                 99.83   data required time
                                -21.46   data arrival time
-----------------------------------------------------------------------------
                                 78.37   slack (MET)


Startpoint: i_rst_n (input port clocked by i_clk)
Endpoint: _2144_ (rising edge-triggered flip-flop clocked by i_clk)
Path Group: i_clk
Path Type: max

Fanout     Cap    Slew   Delay    Time   Description
-----------------------------------------------------------------------------
                          0.00    0.00   clock i_clk (rise edge)
                          0.00    0.00   clock network delay (propagated)
                         20.00   20.00 ^ input external delay
                  0.00    0.00   20.00 ^ i_rst_n (in)
     1    0.00                           i_rst_n (net)
                  0.00    0.00   20.00 ^ input2/A (sky130_fd_sc_hd__dlymetal6s2s_1)
                  0.21    0.19   20.19 ^ input2/X (sky130_fd_sc_hd__dlymetal6s2s_1)
     5    0.02                           net2 (net)
                  0.21    0.00   20.19 ^ _1080_/A (sky130_fd_sc_hd__buf_2)
                  0.23    0.29   20.47 ^ _1080_/X (sky130_fd_sc_hd__buf_2)
    10    0.05                           _0471_ (net)
                  0.23    0.00   20.48 ^ _1916_/A (sky130_fd_sc_hd__clkbuf_4)
                  0.20    0.31   20.79 ^ _1916_/X (sky130_fd_sc_hd__clkbuf_4)
    10    0.06                           _0341_ (net)
                  0.20    0.00   20.79 ^ _1917_/C1 (sky130_fd_sc_hd__o211a_1)
                  0.04    0.17   20.96 ^ _1917_/X (sky130_fd_sc_hd__o211a_1)
     1    0.00                           _0120_ (net)
                  0.04    0.00   20.96 ^ hold79/A (sky130_fd_sc_hd__dlygate4sd3_1)
                  0.05    0.53   21.49 ^ hold79/X (sky130_fd_sc_hd__dlygate4sd3_1)
     1    0.00                           net85 (net)
                  0.05    0.00   21.49 ^ _2144_/D (sky130_fd_sc_hd__dfxtp_1)
                                 21.49   data arrival time

                        100.00  100.00   clock i_clk (rise edge)
                          0.00  100.00   clock source latency
                  0.00    0.00  100.00 ^ i_clk (in)
     1    0.03                           i_clk (net)
                  0.00    0.00  100.00 ^ clkbuf_0_i_clk/A (sky130_fd_sc_hd__clkbuf_16)
                  0.14    0.19  100.19 ^ clkbuf_0_i_clk/X (sky130_fd_sc_hd__clkbuf_16)
    16    0.13                           clknet_0_i_clk (net)
                  0.14    0.00  100.19 ^ clkbuf_4_7_0_i_clk/A (sky130_fd_sc_hd__clkbuf_8)
                  0.11    0.21  100.40 ^ clkbuf_4_7_0_i_clk/X (sky130_fd_sc_hd__clkbuf_8)
    16    0.06                           clknet_4_7_0_i_clk (net)
                  0.11    0.00  100.40 ^ _2144_/CLK (sky130_fd_sc_hd__dfxtp_1)
                         -0.50   99.90   clock uncertainty
                          0.00   99.90   clock reconvergence pessimism
                         -0.05   99.86   library setup time
                                 99.86   data required time
-----------------------------------------------------------------------------
                                 99.86   data required time
                                -21.49   data arrival time
-----------------------------------------------------------------------------
                                 78.37   slack (MET)


Startpoint: i_rst_n (input port clocked by i_clk)
Endpoint: _2139_ (rising edge-triggered flip-flop clocked by i_clk)
Path Group: i_clk
Path Type: max

Fanout     Cap    Slew   Delay    Time   Description
-----------------------------------------------------------------------------
                          0.00    0.00   clock i_clk (rise edge)
                          0.00    0.00   clock network delay (propagated)
                         20.00   20.00 ^ input external delay
                  0.00    0.00   20.00 ^ i_rst_n (in)
     1    0.00                           i_rst_n (net)
                  0.00    0.00   20.00 ^ input2/A (sky130_fd_sc_hd__dlymetal6s2s_1)
                  0.21    0.19   20.19 ^ input2/X (sky130_fd_sc_hd__dlymetal6s2s_1)
     5    0.02                           net2 (net)
                  0.21    0.00   20.19 ^ _1080_/A (sky130_fd_sc_hd__buf_2)
                  0.23    0.29   20.47 ^ _1080_/X (sky130_fd_sc_hd__buf_2)
    10    0.05                           _0471_ (net)
                  0.23    0.00   20.47 ^ _1607_/A (sky130_fd_sc_hd__clkbuf_4)
                  0.15    0.28   20.75 ^ _1607_/X (sky130_fd_sc_hd__clkbuf_4)
    10    0.05                           _0957_ (net)
                  0.15    0.00   20.75 ^ _1905_/C1 (sky130_fd_sc_hd__o211a_1)
                  0.04    0.16   20.91 ^ _1905_/X (sky130_fd_sc_hd__o211a_1)
     1    0.00                           _0115_ (net)
                  0.04    0.00   20.91 ^ hold58/A (sky130_fd_sc_hd__dlygate4sd3_1)
                  0.06    0.54   21.45 ^ hold58/X (sky130_fd_sc_hd__dlygate4sd3_1)
     1    0.00                           net64 (net)
                  0.06    0.00   21.45 ^ _2139_/D (sky130_fd_sc_hd__dfxtp_1)
                                 21.45   data arrival time

                        100.00  100.00   clock i_clk (rise edge)
                          0.00  100.00   clock source latency
                  0.00    0.00  100.00 ^ i_clk (in)
     1    0.03                           i_clk (net)
                  0.00    0.00  100.00 ^ clkbuf_0_i_clk/A (sky130_fd_sc_hd__clkbuf_16)
                  0.14    0.19  100.19 ^ clkbuf_0_i_clk/X (sky130_fd_sc_hd__clkbuf_16)
    16    0.13                           clknet_0_i_clk (net)
                  0.14    0.00  100.19 ^ clkbuf_4_5_0_i_clk/A (sky130_fd_sc_hd__clkbuf_8)
                  0.08    0.19  100.38 ^ clkbuf_4_5_0_i_clk/X (sky130_fd_sc_hd__clkbuf_8)
    11    0.04                           clknet_4_5_0_i_clk (net)
                  0.08    0.00  100.38 ^ _2139_/CLK (sky130_fd_sc_hd__dfxtp_1)
                         -0.50   99.88   clock uncertainty
                          0.00   99.88   clock reconvergence pessimism
                         -0.05   99.83   library setup time
                                 99.83   data required time
-----------------------------------------------------------------------------
                                 99.83   data required time
                                -21.45   data arrival time
-----------------------------------------------------------------------------
                                 78.38   slack (MET)


Startpoint: i_rst_n (input port clocked by i_clk)
Endpoint: _2141_ (rising edge-triggered flip-flop clocked by i_clk)
Path Group: i_clk
Path Type: max

Fanout     Cap    Slew   Delay    Time   Description
-----------------------------------------------------------------------------
                          0.00    0.00   clock i_clk (rise edge)
                          0.00    0.00   clock network delay (propagated)
                         20.00   20.00 ^ input external delay
                  0.00    0.00   20.00 ^ i_rst_n (in)
     1    0.00                           i_rst_n (net)
                  0.00    0.00   20.00 ^ input2/A (sky130_fd_sc_hd__dlymetal6s2s_1)
                  0.21    0.19   20.19 ^ input2/X (sky130_fd_sc_hd__dlymetal6s2s_1)
     5    0.02                           net2 (net)
                  0.21    0.00   20.19 ^ _1080_/A (sky130_fd_sc_hd__buf_2)
                  0.23    0.29   20.47 ^ _1080_/X (sky130_fd_sc_hd__buf_2)
    10    0.05                           _0471_ (net)
                  0.23    0.00   20.47 ^ _1607_/A (sky130_fd_sc_hd__clkbuf_4)
                  0.15    0.28   20.75 ^ _1607_/X (sky130_fd_sc_hd__clkbuf_4)
    10    0.05                           _0957_ (net)
                  0.15    0.00   20.75 ^ _1910_/C1 (sky130_fd_sc_hd__o211a_1)
                  0.04    0.16   20.91 ^ _1910_/X (sky130_fd_sc_hd__o211a_1)
     1    0.00                           _0117_ (net)
                  0.04    0.00   20.91 ^ hold87/A (sky130_fd_sc_hd__dlygate4sd3_1)
                  0.05    0.54   21.45 ^ hold87/X (sky130_fd_sc_hd__dlygate4sd3_1)
     1    0.00                           net93 (net)
                  0.05    0.00   21.45 ^ _2141_/D (sky130_fd_sc_hd__dfxtp_1)
                                 21.45   data arrival time

                        100.00  100.00   clock i_clk (rise edge)
                          0.00  100.00   clock source latency
                  0.00    0.00  100.00 ^ i_clk (in)
     1    0.03                           i_clk (net)
                  0.00    0.00  100.00 ^ clkbuf_0_i_clk/A (sky130_fd_sc_hd__clkbuf_16)
                  0.14    0.19  100.19 ^ clkbuf_0_i_clk/X (sky130_fd_sc_hd__clkbuf_16)
    16    0.13                           clknet_0_i_clk (net)
                  0.14    0.00  100.19 ^ clkbuf_4_5_0_i_clk/A (sky130_fd_sc_hd__clkbuf_8)
                  0.08    0.19  100.38 ^ clkbuf_4_5_0_i_clk/X (sky130_fd_sc_hd__clkbuf_8)
    11    0.04                           clknet_4_5_0_i_clk (net)
                  0.08    0.00  100.38 ^ _2141_/CLK (sky130_fd_sc_hd__dfxtp_1)
                         -0.50   99.88   clock uncertainty
                          0.00   99.88   clock reconvergence pessimism
                         -0.05   99.83   library setup time
                                 99.83   data required time
-----------------------------------------------------------------------------
                                 99.83   data required time
                                -21.45   data arrival time
-----------------------------------------------------------------------------
                                 78.38   slack (MET)


Startpoint: i_rst_n (input port clocked by i_clk)
Endpoint: _2049_ (rising edge-triggered flip-flop clocked by i_clk)
Path Group: i_clk
Path Type: max

Fanout     Cap    Slew   Delay    Time   Description
-----------------------------------------------------------------------------
                          0.00    0.00   clock i_clk (rise edge)
                          0.00    0.00   clock network delay (propagated)
                         20.00   20.00 ^ input external delay
                  0.00    0.00   20.00 ^ i_rst_n (in)
     1    0.00                           i_rst_n (net)
                  0.00    0.00   20.00 ^ input2/A (sky130_fd_sc_hd__dlymetal6s2s_1)
                  0.21    0.19   20.19 ^ input2/X (sky130_fd_sc_hd__dlymetal6s2s_1)
     5    0.02                           net2 (net)
                  0.21    0.00   20.19 ^ _1031_/B1_N (sky130_fd_sc_hd__a21boi_4)
                  0.20    0.28   20.47 ^ _1031_/Y (sky130_fd_sc_hd__a21boi_4)
     4    0.02                           _0434_ (net)
                  0.20    0.00   20.47 ^ _1034_/B1 (sky130_fd_sc_hd__o21a_4)
                  0.17    0.26   20.73 ^ _1034_/X (sky130_fd_sc_hd__o21a_4)
    10    0.05                           _0436_ (net)
                  0.17    0.01   20.74 ^ _1410_/A (sky130_fd_sc_hd__buf_4)
                  0.20    0.26   21.00 ^ _1410_/X (sky130_fd_sc_hd__buf_4)
    10    0.07                           _0785_ (net)
                  0.20    0.00   21.01 ^ _1555_/S (sky130_fd_sc_hd__mux2_1)
                  0.05    0.34   21.34 v _1555_/X (sky130_fd_sc_hd__mux2_1)
     1    0.00                           _0920_ (net)
                  0.05    0.00   21.34 v _1556_/A (sky130_fd_sc_hd__clkbuf_1)
                  0.02    0.09   21.43 v _1556_/X (sky130_fd_sc_hd__clkbuf_1)
     1    0.00                           _0034_ (net)
                  0.02    0.00   21.43 v _2049_/D (sky130_fd_sc_hd__dfxtp_2)
                                 21.43   data arrival time

                        100.00  100.00   clock i_clk (rise edge)
                          0.00  100.00   clock source latency
                  0.00    0.00  100.00 ^ i_clk (in)
     1    0.03                           i_clk (net)
                  0.00    0.00  100.00 ^ clkbuf_0_i_clk/A (sky130_fd_sc_hd__clkbuf_16)
                  0.14    0.19  100.19 ^ clkbuf_0_i_clk/X (sky130_fd_sc_hd__clkbuf_16)
    16    0.13                           clknet_0_i_clk (net)
                  0.14    0.00  100.19 ^ clkbuf_4_7_0_i_clk/A (sky130_fd_sc_hd__clkbuf_8)
                  0.11    0.21  100.40 ^ clkbuf_4_7_0_i_clk/X (sky130_fd_sc_hd__clkbuf_8)
    16    0.06                           clknet_4_7_0_i_clk (net)
                  0.11    0.00  100.40 ^ _2049_/CLK (sky130_fd_sc_hd__dfxtp_2)
                         -0.50   99.90   clock uncertainty
                          0.00   99.90   clock reconvergence pessimism
                         -0.09   99.81   library setup time
                                 99.81   data required time
-----------------------------------------------------------------------------
                                 99.81   data required time
                                -21.43   data arrival time
-----------------------------------------------------------------------------
                                 78.38   slack (MET)


Startpoint: i_rst_n (input port clocked by i_clk)
Endpoint: _2124_ (rising edge-triggered flip-flop clocked by i_clk)
Path Group: i_clk
Path Type: max

Fanout     Cap    Slew   Delay    Time   Description
-----------------------------------------------------------------------------
                          0.00    0.00   clock i_clk (rise edge)
                          0.00    0.00   clock network delay (propagated)
                         20.00   20.00 ^ input external delay
                  0.00    0.00   20.00 ^ i_rst_n (in)
     1    0.00                           i_rst_n (net)
                  0.00    0.00   20.00 ^ input2/A (sky130_fd_sc_hd__dlymetal6s2s_1)
                  0.21    0.19   20.19 ^ input2/X (sky130_fd_sc_hd__dlymetal6s2s_1)
     5    0.02                           net2 (net)
                  0.21    0.00   20.19 ^ _1031_/B1_N (sky130_fd_sc_hd__a21boi_4)
                  0.20    0.28   20.47 ^ _1031_/Y (sky130_fd_sc_hd__a21boi_4)
     4    0.02                           _0434_ (net)
                  0.20    0.00   20.47 ^ _1034_/B1 (sky130_fd_sc_hd__o21a_4)
                  0.17    0.26   20.73 ^ _1034_/X (sky130_fd_sc_hd__o21a_4)
    10    0.05                           _0436_ (net)
                  0.17    0.01   20.74 ^ _1772_/A (sky130_fd_sc_hd__buf_4)
                  0.16    0.24   20.98 ^ _1772_/X (sky130_fd_sc_hd__buf_4)
    10    0.06                           _0218_ (net)
                  0.16    0.00   20.98 ^ _1784_/S (sky130_fd_sc_hd__mux2_1)
                  0.06    0.34   21.32 v _1784_/X (sky130_fd_sc_hd__mux2_1)
     1    0.00                           _0229_ (net)
                  0.06    0.00   21.32 v _1785_/A (sky130_fd_sc_hd__clkbuf_1)
                  0.02    0.09   21.41 v _1785_/X (sky130_fd_sc_hd__clkbuf_1)
     1    0.00                           _0100_ (net)
                  0.02    0.00   21.41 v _2124_/D (sky130_fd_sc_hd__dfxtp_1)
                                 21.41   data arrival time

                        100.00  100.00   clock i_clk (rise edge)
                          0.00  100.00   clock source latency
                  0.00    0.00  100.00 ^ i_clk (in)
     1    0.03                           i_clk (net)
                  0.00    0.00  100.00 ^ clkbuf_0_i_clk/A (sky130_fd_sc_hd__clkbuf_16)
                  0.14    0.19  100.19 ^ clkbuf_0_i_clk/X (sky130_fd_sc_hd__clkbuf_16)
    16    0.13                           clknet_0_i_clk (net)
                  0.14    0.00  100.19 ^ clkbuf_4_5_0_i_clk/A (sky130_fd_sc_hd__clkbuf_8)
                  0.08    0.19  100.38 ^ clkbuf_4_5_0_i_clk/X (sky130_fd_sc_hd__clkbuf_8)
    11    0.04                           clknet_4_5_0_i_clk (net)
                  0.08    0.00  100.38 ^ _2124_/CLK (sky130_fd_sc_hd__dfxtp_1)
                         -0.50   99.88   clock uncertainty
                          0.00   99.88   clock reconvergence pessimism
                         -0.09   99.79   library setup time
                                 99.79   data required time
-----------------------------------------------------------------------------
                                 99.79   data required time
                                -21.41   data arrival time
-----------------------------------------------------------------------------
                                 78.39   slack (MET)


Startpoint: i_rst_n (input port clocked by i_clk)
Endpoint: _2135_ (rising edge-triggered flip-flop clocked by i_clk)
Path Group: i_clk
Path Type: max

Fanout     Cap    Slew   Delay    Time   Description
-----------------------------------------------------------------------------
                          0.00    0.00   clock i_clk (rise edge)
                          0.00    0.00   clock network delay (propagated)
                         20.00   20.00 ^ input external delay
                  0.00    0.00   20.00 ^ i_rst_n (in)
     1    0.00                           i_rst_n (net)
                  0.00    0.00   20.00 ^ input2/A (sky130_fd_sc_hd__dlymetal6s2s_1)
                  0.21    0.19   20.19 ^ input2/X (sky130_fd_sc_hd__dlymetal6s2s_1)
     5    0.02                           net2 (net)
                  0.21    0.00   20.19 ^ _1080_/A (sky130_fd_sc_hd__buf_2)
                  0.23    0.29   20.47 ^ _1080_/X (sky130_fd_sc_hd__buf_2)
    10    0.05                           _0471_ (net)
                  0.23    0.00   20.47 ^ _1607_/A (sky130_fd_sc_hd__clkbuf_4)
                  0.15    0.28   20.75 ^ _1607_/X (sky130_fd_sc_hd__clkbuf_4)
    10    0.05                           _0957_ (net)
                  0.15    0.00   20.75 ^ _1897_/C1 (sky130_fd_sc_hd__o211a_1)
                  0.04    0.16   20.91 ^ _1897_/X (sky130_fd_sc_hd__o211a_1)
     1    0.00                           _0111_ (net)
                  0.04    0.00   20.91 ^ hold9/A (sky130_fd_sc_hd__dlygate4sd3_1)
                  0.05    0.53   21.43 ^ hold9/X (sky130_fd_sc_hd__dlygate4sd3_1)
     1    0.00                           net15 (net)
                  0.05    0.00   21.43 ^ _2135_/D (sky130_fd_sc_hd__dfxtp_1)
                                 21.43   data arrival time

                        100.00  100.00   clock i_clk (rise edge)
                          0.00  100.00   clock source latency
                  0.00    0.00  100.00 ^ i_clk (in)
     1    0.03                           i_clk (net)
                  0.00    0.00  100.00 ^ clkbuf_0_i_clk/A (sky130_fd_sc_hd__clkbuf_16)
                  0.14    0.19  100.19 ^ clkbuf_0_i_clk/X (sky130_fd_sc_hd__clkbuf_16)
    16    0.13                           clknet_0_i_clk (net)
                  0.14    0.00  100.19 ^ clkbuf_4_4_0_i_clk/A (sky130_fd_sc_hd__clkbuf_8)
                  0.06    0.18  100.37 ^ clkbuf_4_4_0_i_clk/X (sky130_fd_sc_hd__clkbuf_8)
     8    0.03                           clknet_4_4_0_i_clk (net)
                  0.06    0.00  100.37 ^ _2135_/CLK (sky130_fd_sc_hd__dfxtp_1)
                         -0.50   99.87   clock uncertainty
                          0.00   99.87   clock reconvergence pessimism
                         -0.05   99.82   library setup time
                                 99.82   data required time
-----------------------------------------------------------------------------
                                 99.82   data required time
                                -21.43   data arrival time
-----------------------------------------------------------------------------
                                 78.39   slack (MET)


Startpoint: i_rst_n (input port clocked by i_clk)
Endpoint: _2061_ (rising edge-triggered flip-flop clocked by i_clk)
Path Group: i_clk
Path Type: max

Fanout     Cap    Slew   Delay    Time   Description
-----------------------------------------------------------------------------
                          0.00    0.00   clock i_clk (rise edge)
                          0.00    0.00   clock network delay (propagated)
                         20.00   20.00 ^ input external delay
                  0.00    0.00   20.00 ^ i_rst_n (in)
     1    0.00                           i_rst_n (net)
                  0.00    0.00   20.00 ^ input2/A (sky130_fd_sc_hd__dlymetal6s2s_1)
                  0.21    0.19   20.19 ^ input2/X (sky130_fd_sc_hd__dlymetal6s2s_1)
     5    0.02                           net2 (net)
                  0.21    0.00   20.19 ^ _1031_/B1_N (sky130_fd_sc_hd__a21boi_4)
                  0.20    0.28   20.47 ^ _1031_/Y (sky130_fd_sc_hd__a21boi_4)
     4    0.02                           _0434_ (net)
                  0.20    0.00   20.47 ^ _1034_/B1 (sky130_fd_sc_hd__o21a_4)
                  0.17    0.26   20.73 ^ _1034_/X (sky130_fd_sc_hd__o21a_4)
    10    0.05                           _0436_ (net)
                  0.17    0.00   20.73 ^ _1342_/A (sky130_fd_sc_hd__clkbuf_4)
                  0.20    0.29   21.02 ^ _1342_/X (sky130_fd_sc_hd__clkbuf_4)
    10    0.07                           _0721_ (net)
                  0.20    0.00   21.03 ^ _1345_/A (sky130_fd_sc_hd__buf_4)
                  0.21    0.28   21.31 ^ _1345_/X (sky130_fd_sc_hd__buf_4)
    10    0.08                           _0723_ (net)
                  0.21    0.00   21.31 ^ _1588_/A2 (sky130_fd_sc_hd__o21a_1)
                  0.04    0.13   21.44 ^ _1588_/X (sky130_fd_sc_hd__o21a_1)
     1    0.00                           _0043_ (net)
                  0.04    0.00   21.44 ^ _2061_/D (sky130_fd_sc_hd__dfxtp_1)
                                 21.44   data arrival time

                        100.00  100.00   clock i_clk (rise edge)
                          0.00  100.00   clock source latency
                  0.00    0.00  100.00 ^ i_clk (in)
     1    0.03                           i_clk (net)
                  0.00    0.00  100.00 ^ clkbuf_0_i_clk/A (sky130_fd_sc_hd__clkbuf_16)
                  0.14    0.19  100.19 ^ clkbuf_0_i_clk/X (sky130_fd_sc_hd__clkbuf_16)
    16    0.13                           clknet_0_i_clk (net)
                  0.14    0.00  100.19 ^ clkbuf_4_9_0_i_clk/A (sky130_fd_sc_hd__clkbuf_8)
                  0.08    0.18  100.38 ^ clkbuf_4_9_0_i_clk/X (sky130_fd_sc_hd__clkbuf_8)
    11    0.04                           clknet_4_9_0_i_clk (net)
                  0.08    0.00  100.38 ^ _2061_/CLK (sky130_fd_sc_hd__dfxtp_1)
                         -0.50   99.88   clock uncertainty
                          0.00   99.88   clock reconvergence pessimism
                         -0.05   99.83   library setup time
                                 99.83   data required time
-----------------------------------------------------------------------------
                                 99.83   data required time
                                -21.44   data arrival time
-----------------------------------------------------------------------------
                                 78.39   slack (MET)


Startpoint: i_rst_n (input port clocked by i_clk)
Endpoint: _2142_ (rising edge-triggered flip-flop clocked by i_clk)
Path Group: i_clk
Path Type: max

Fanout     Cap    Slew   Delay    Time   Description
-----------------------------------------------------------------------------
                          0.00    0.00   clock i_clk (rise edge)
                          0.00    0.00   clock network delay (propagated)
                         20.00   20.00 ^ input external delay
                  0.00    0.00   20.00 ^ i_rst_n (in)
     1    0.00                           i_rst_n (net)
                  0.00    0.00   20.00 ^ input2/A (sky130_fd_sc_hd__dlymetal6s2s_1)
                  0.21    0.19   20.19 ^ input2/X (sky130_fd_sc_hd__dlymetal6s2s_1)
     5    0.02                           net2 (net)
                  0.21    0.00   20.19 ^ _1080_/A (sky130_fd_sc_hd__buf_2)
                  0.23    0.29   20.47 ^ _1080_/X (sky130_fd_sc_hd__buf_2)
    10    0.05                           _0471_ (net)
                  0.23    0.00   20.47 ^ _1607_/A (sky130_fd_sc_hd__clkbuf_4)
                  0.15    0.28   20.75 ^ _1607_/X (sky130_fd_sc_hd__clkbuf_4)
    10    0.05                           _0957_ (net)
                  0.15    0.00   20.75 ^ _1912_/C1 (sky130_fd_sc_hd__o211a_1)
                  0.04    0.16   20.91 ^ _1912_/X (sky130_fd_sc_hd__o211a_1)
     1    0.00                           _0118_ (net)
                  0.04    0.00   20.91 ^ hold90/A (sky130_fd_sc_hd__dlygate4sd3_1)
                  0.05    0.53   21.45 ^ hold90/X (sky130_fd_sc_hd__dlygate4sd3_1)
     1    0.00                           net96 (net)
                  0.05    0.00   21.45 ^ _2142_/D (sky130_fd_sc_hd__dfxtp_1)
                                 21.45   data arrival time

                        100.00  100.00   clock i_clk (rise edge)
                          0.00  100.00   clock source latency
                  0.00    0.00  100.00 ^ i_clk (in)
     1    0.03                           i_clk (net)
                  0.00    0.00  100.00 ^ clkbuf_0_i_clk/A (sky130_fd_sc_hd__clkbuf_16)
                  0.14    0.19  100.19 ^ clkbuf_0_i_clk/X (sky130_fd_sc_hd__clkbuf_16)
    16    0.13                           clknet_0_i_clk (net)
                  0.14    0.00  100.19 ^ clkbuf_4_5_0_i_clk/A (sky130_fd_sc_hd__clkbuf_8)
                  0.08    0.19  100.38 ^ clkbuf_4_5_0_i_clk/X (sky130_fd_sc_hd__clkbuf_8)
    11    0.04                           clknet_4_5_0_i_clk (net)
                  0.08    0.00  100.38 ^ _2142_/CLK (sky130_fd_sc_hd__dfxtp_1)
                         -0.50   99.88   clock uncertainty
                          0.00   99.88   clock reconvergence pessimism
                         -0.05   99.83   library setup time
                                 99.83   data required time
-----------------------------------------------------------------------------
                                 99.83   data required time
                                -21.45   data arrival time
-----------------------------------------------------------------------------
                                 78.39   slack (MET)


Startpoint: i_rst_n (input port clocked by i_clk)
Endpoint: _2078_ (rising edge-triggered flip-flop clocked by i_clk)
Path Group: i_clk
Path Type: max

Fanout     Cap    Slew   Delay    Time   Description
-----------------------------------------------------------------------------
                          0.00    0.00   clock i_clk (rise edge)
                          0.00    0.00   clock network delay (propagated)
                         20.00   20.00 ^ input external delay
                  0.00    0.00   20.00 ^ i_rst_n (in)
     1    0.00                           i_rst_n (net)
                  0.00    0.00   20.00 ^ input2/A (sky130_fd_sc_hd__dlymetal6s2s_1)
                  0.21    0.19   20.19 ^ input2/X (sky130_fd_sc_hd__dlymetal6s2s_1)
     5    0.02                           net2 (net)
                  0.21    0.00   20.19 ^ _1080_/A (sky130_fd_sc_hd__buf_2)
                  0.23    0.29   20.47 ^ _1080_/X (sky130_fd_sc_hd__buf_2)
    10    0.05                           _0471_ (net)
                  0.23    0.00   20.47 ^ _1607_/A (sky130_fd_sc_hd__clkbuf_4)
                  0.15    0.28   20.75 ^ _1607_/X (sky130_fd_sc_hd__clkbuf_4)
    10    0.05                           _0957_ (net)
                  0.15    0.00   20.75 ^ _1608_/B1 (sky130_fd_sc_hd__o21a_1)
                  0.05    0.14   20.89 ^ _1608_/X (sky130_fd_sc_hd__o21a_1)
     1    0.00                           _0054_ (net)
                  0.05    0.00   20.89 ^ hold216/A (sky130_fd_sc_hd__dlygate4sd3_1)
                  0.05    0.53   21.43 ^ hold216/X (sky130_fd_sc_hd__dlygate4sd3_1)
     1    0.00                           net222 (net)
                  0.05    0.00   21.43 ^ _2078_/D (sky130_fd_sc_hd__dfxtp_1)
                                 21.43   data arrival time

                        100.00  100.00   clock i_clk (rise edge)
                          0.00  100.00   clock source latency
                  0.00    0.00  100.00 ^ i_clk (in)
     1    0.03                           i_clk (net)
                  0.00    0.00  100.00 ^ clkbuf_0_i_clk/A (sky130_fd_sc_hd__clkbuf_16)
                  0.14    0.19  100.19 ^ clkbuf_0_i_clk/X (sky130_fd_sc_hd__clkbuf_16)
    16    0.13                           clknet_0_i_clk (net)
                  0.14    0.00  100.19 ^ clkbuf_4_4_0_i_clk/A (sky130_fd_sc_hd__clkbuf_8)
                  0.06    0.18  100.37 ^ clkbuf_4_4_0_i_clk/X (sky130_fd_sc_hd__clkbuf_8)
     8    0.03                           clknet_4_4_0_i_clk (net)
                  0.06    0.00  100.37 ^ _2078_/CLK (sky130_fd_sc_hd__dfxtp_1)
                         -0.50   99.87   clock uncertainty
                          0.00   99.87   clock reconvergence pessimism
                         -0.05   99.82   library setup time
                                 99.82   data required time
-----------------------------------------------------------------------------
                                 99.82   data required time
                                -21.43   data arrival time
-----------------------------------------------------------------------------
                                 78.39   slack (MET)


Startpoint: _2078_ (rising edge-triggered flip-flop clocked by i_clk)
Endpoint: o_cordic_done (output port clocked by i_clk)
Path Group: i_clk
Path Type: max

Fanout     Cap    Slew   Delay    Time   Description
-----------------------------------------------------------------------------
                          0.00    0.00   clock i_clk (rise edge)
                          0.00    0.00   clock source latency
                  0.00    0.00    0.00 ^ i_clk (in)
     1    0.03                           i_clk (net)
                  0.00    0.00    0.00 ^ clkbuf_0_i_clk/A (sky130_fd_sc_hd__clkbuf_16)
                  0.14    0.19    0.19 ^ clkbuf_0_i_clk/X (sky130_fd_sc_hd__clkbuf_16)
    16    0.13                           clknet_0_i_clk (net)
                  0.14    0.00    0.19 ^ clkbuf_4_4_0_i_clk/A (sky130_fd_sc_hd__clkbuf_8)
                  0.06    0.18    0.37 ^ clkbuf_4_4_0_i_clk/X (sky130_fd_sc_hd__clkbuf_8)
     8    0.03                           clknet_4_4_0_i_clk (net)
                  0.06    0.00    0.37 ^ _2078_/CLK (sky130_fd_sc_hd__dfxtp_1)
                  0.26    0.47    0.84 ^ _2078_/Q (sky130_fd_sc_hd__dfxtp_1)
     2    0.03                           net5 (net)
                  0.26    0.00    0.84 ^ output5/A (sky130_fd_sc_hd__buf_4)
                  0.15    0.25    1.09 ^ output5/X (sky130_fd_sc_hd__buf_4)
     1    0.05                           o_cordic_done (net)
                  0.15    0.00    1.10 ^ o_cordic_done (out)
                                  1.10   data arrival time

                        100.00  100.00   clock i_clk (rise edge)
                          0.00  100.00   clock network delay (propagated)
                         -0.50   99.50   clock uncertainty
                          0.00   99.50   clock reconvergence pessimism
                        -20.00   79.50   output external delay
                                 79.50   data required time
-----------------------------------------------------------------------------
                                 79.50   data required time
                                 -1.10   data arrival time
-----------------------------------------------------------------------------
                                 78.40   slack (MET)


Startpoint: _2166_ (rising edge-triggered flip-flop clocked by i_clk)
Endpoint: o_miso (output port clocked by i_clk)
Path Group: i_clk
Path Type: max

Fanout     Cap    Slew   Delay    Time   Description
-----------------------------------------------------------------------------
                          0.00    0.00   clock i_clk (rise edge)
                          0.00    0.00   clock source latency
                  0.00    0.00    0.00 ^ i_clk (in)
     1    0.03                           i_clk (net)
                  0.00    0.00    0.00 ^ clkbuf_0_i_clk/A (sky130_fd_sc_hd__clkbuf_16)
                  0.14    0.19    0.19 ^ clkbuf_0_i_clk/X (sky130_fd_sc_hd__clkbuf_16)
    16    0.13                           clknet_0_i_clk (net)
                  0.14    0.00    0.19 ^ clkbuf_4_0_0_i_clk/A (sky130_fd_sc_hd__clkbuf_8)
                  0.07    0.18    0.38 ^ clkbuf_4_0_0_i_clk/X (sky130_fd_sc_hd__clkbuf_8)
    11    0.03                           clknet_4_0_0_i_clk (net)
                  0.07    0.00    0.38 ^ _2166_/CLK (sky130_fd_sc_hd__dfxtp_1)
                  0.25    0.46    0.84 ^ _2166_/Q (sky130_fd_sc_hd__dfxtp_1)
     2    0.03                           net6 (net)
                  0.25    0.00    0.84 ^ output6/A (sky130_fd_sc_hd__buf_4)
                  0.15    0.25    1.09 ^ output6/X (sky130_fd_sc_hd__buf_4)
     1    0.05                           o_miso (net)
                  0.15    0.00    1.10 ^ o_miso (out)
                                  1.10   data arrival time

                        100.00  100.00   clock i_clk (rise edge)
                          0.00  100.00   clock network delay (propagated)
                         -0.50   99.50   clock uncertainty
                          0.00   99.50   clock reconvergence pessimism
                        -20.00   79.50   output external delay
                                 79.50   data required time
-----------------------------------------------------------------------------
                                 79.50   data required time
                                 -1.10   data arrival time
-----------------------------------------------------------------------------
                                 78.40   slack (MET)


Startpoint: i_rst_n (input port clocked by i_clk)
Endpoint: _2126_ (rising edge-triggered flip-flop clocked by i_clk)
Path Group: i_clk
Path Type: max

Fanout     Cap    Slew   Delay    Time   Description
-----------------------------------------------------------------------------
                          0.00    0.00   clock i_clk (rise edge)
                          0.00    0.00   clock network delay (propagated)
                         20.00   20.00 ^ input external delay
                  0.00    0.00   20.00 ^ i_rst_n (in)
     1    0.00                           i_rst_n (net)
                  0.00    0.00   20.00 ^ input2/A (sky130_fd_sc_hd__dlymetal6s2s_1)
                  0.21    0.19   20.19 ^ input2/X (sky130_fd_sc_hd__dlymetal6s2s_1)
     5    0.02                           net2 (net)
                  0.21    0.00   20.19 ^ _1031_/B1_N (sky130_fd_sc_hd__a21boi_4)
                  0.20    0.28   20.47 ^ _1031_/Y (sky130_fd_sc_hd__a21boi_4)
     4    0.02                           _0434_ (net)
                  0.20    0.00   20.47 ^ _1034_/B1 (sky130_fd_sc_hd__o21a_4)
                  0.17    0.26   20.73 ^ _1034_/X (sky130_fd_sc_hd__o21a_4)
    10    0.05                           _0436_ (net)
                  0.17    0.01   20.74 ^ _1772_/A (sky130_fd_sc_hd__buf_4)
                  0.16    0.24   20.98 ^ _1772_/X (sky130_fd_sc_hd__buf_4)
    10    0.06                           _0218_ (net)
                  0.16    0.00   20.98 ^ _1808_/S (sky130_fd_sc_hd__mux2_1)
                  0.05    0.33   21.31 v _1808_/X (sky130_fd_sc_hd__mux2_1)
     1    0.00                           _0251_ (net)
                  0.05    0.00   21.31 v _1809_/A (sky130_fd_sc_hd__clkbuf_1)
                  0.03    0.09   21.41 v _1809_/X (sky130_fd_sc_hd__clkbuf_1)
     1    0.00                           _0102_ (net)
                  0.03    0.00   21.41 v _2126_/D (sky130_fd_sc_hd__dfxtp_1)
                                 21.41   data arrival time

                        100.00  100.00   clock i_clk (rise edge)
                          0.00  100.00   clock source latency
                  0.00    0.00  100.00 ^ i_clk (in)
     1    0.03                           i_clk (net)
                  0.00    0.00  100.00 ^ clkbuf_0_i_clk/A (sky130_fd_sc_hd__clkbuf_16)
                  0.14    0.19  100.19 ^ clkbuf_0_i_clk/X (sky130_fd_sc_hd__clkbuf_16)
    16    0.13                           clknet_0_i_clk (net)
                  0.14    0.00  100.19 ^ clkbuf_4_7_0_i_clk/A (sky130_fd_sc_hd__clkbuf_8)
                  0.11    0.21  100.40 ^ clkbuf_4_7_0_i_clk/X (sky130_fd_sc_hd__clkbuf_8)
    16    0.06                           clknet_4_7_0_i_clk (net)
                  0.11    0.00  100.40 ^ _2126_/CLK (sky130_fd_sc_hd__dfxtp_1)
                         -0.50   99.90   clock uncertainty
                          0.00   99.90   clock reconvergence pessimism
                         -0.09   99.82   library setup time
                                 99.82   data required time
-----------------------------------------------------------------------------
                                 99.82   data required time
                                -21.41   data arrival time
-----------------------------------------------------------------------------
                                 78.41   slack (MET)


Startpoint: i_rst_n (input port clocked by i_clk)
Endpoint: _2127_ (rising edge-triggered flip-flop clocked by i_clk)
Path Group: i_clk
Path Type: max

Fanout     Cap    Slew   Delay    Time   Description
-----------------------------------------------------------------------------
                          0.00    0.00   clock i_clk (rise edge)
                          0.00    0.00   clock network delay (propagated)
                         20.00   20.00 ^ input external delay
                  0.00    0.00   20.00 ^ i_rst_n (in)
     1    0.00                           i_rst_n (net)
                  0.00    0.00   20.00 ^ input2/A (sky130_fd_sc_hd__dlymetal6s2s_1)
                  0.21    0.19   20.19 ^ input2/X (sky130_fd_sc_hd__dlymetal6s2s_1)
     5    0.02                           net2 (net)
                  0.21    0.00   20.19 ^ _1031_/B1_N (sky130_fd_sc_hd__a21boi_4)
                  0.20    0.28   20.47 ^ _1031_/Y (sky130_fd_sc_hd__a21boi_4)
     4    0.02                           _0434_ (net)
                  0.20    0.00   20.47 ^ _1034_/B1 (sky130_fd_sc_hd__o21a_4)
                  0.17    0.26   20.73 ^ _1034_/X (sky130_fd_sc_hd__o21a_4)
    10    0.05                           _0436_ (net)
                  0.17    0.01   20.74 ^ _1772_/A (sky130_fd_sc_hd__buf_4)
                  0.16    0.24   20.98 ^ _1772_/X (sky130_fd_sc_hd__buf_4)
    10    0.06                           _0218_ (net)
                  0.16    0.00   20.98 ^ _1820_/S (sky130_fd_sc_hd__mux2_1)
                  0.05    0.33   21.31 v _1820_/X (sky130_fd_sc_hd__mux2_1)
     1    0.00                           _0262_ (net)
                  0.05    0.00   21.31 v _1821_/A (sky130_fd_sc_hd__clkbuf_1)
                  0.03    0.09   21.41 v _1821_/X (sky130_fd_sc_hd__clkbuf_1)
     1    0.00                           _0103_ (net)
                  0.03    0.00   21.41 v _2127_/D (sky130_fd_sc_hd__dfxtp_1)
                                 21.41   data arrival time

                        100.00  100.00   clock i_clk (rise edge)
                          0.00  100.00   clock source latency
                  0.00    0.00  100.00 ^ i_clk (in)
     1    0.03                           i_clk (net)
                  0.00    0.00  100.00 ^ clkbuf_0_i_clk/A (sky130_fd_sc_hd__clkbuf_16)
                  0.14    0.19  100.19 ^ clkbuf_0_i_clk/X (sky130_fd_sc_hd__clkbuf_16)
    16    0.13                           clknet_0_i_clk (net)
                  0.14    0.00  100.19 ^ clkbuf_4_7_0_i_clk/A (sky130_fd_sc_hd__clkbuf_8)
                  0.11    0.21  100.40 ^ clkbuf_4_7_0_i_clk/X (sky130_fd_sc_hd__clkbuf_8)
    16    0.06                           clknet_4_7_0_i_clk (net)
                  0.11    0.00  100.40 ^ _2127_/CLK (sky130_fd_sc_hd__dfxtp_1)
                         -0.50   99.90   clock uncertainty
                          0.00   99.90   clock reconvergence pessimism
                         -0.09   99.82   library setup time
                                 99.82   data required time
-----------------------------------------------------------------------------
                                 99.82   data required time
                                -21.41   data arrival time
-----------------------------------------------------------------------------
                                 78.41   slack (MET)


Startpoint: i_rst_n (input port clocked by i_clk)
Endpoint: _2034_ (rising edge-triggered flip-flop clocked by i_clk)
Path Group: i_clk
Path Type: max

Fanout     Cap    Slew   Delay    Time   Description
-----------------------------------------------------------------------------
                          0.00    0.00   clock i_clk (rise edge)
                          0.00    0.00   clock network delay (propagated)
                         20.00   20.00 ^ input external delay
                  0.00    0.00   20.00 ^ i_rst_n (in)
     1    0.00                           i_rst_n (net)
                  0.00    0.00   20.00 ^ input2/A (sky130_fd_sc_hd__dlymetal6s2s_1)
                  0.21    0.19   20.19 ^ input2/X (sky130_fd_sc_hd__dlymetal6s2s_1)
     5    0.02                           net2 (net)
                  0.21    0.00   20.19 ^ _1031_/B1_N (sky130_fd_sc_hd__a21boi_4)
                  0.20    0.28   20.47 ^ _1031_/Y (sky130_fd_sc_hd__a21boi_4)
     4    0.02                           _0434_ (net)
                  0.20    0.00   20.47 ^ _1038_/B1 (sky130_fd_sc_hd__o21ai_4)
                  0.16    0.18   20.66 v _1038_/Y (sky130_fd_sc_hd__o21ai_4)
     9    0.06                           _0440_ (net)
                  0.16    0.00   20.66 v _1325_/B1 (sky130_fd_sc_hd__a31o_1)
                  0.04    0.22   20.88 v _1325_/X (sky130_fd_sc_hd__a31o_1)
     1    0.00                           _0705_ (net)
                  0.04    0.00   20.88 v _1326_/A (sky130_fd_sc_hd__clkbuf_4)
                  0.14    0.22   21.10 v _1326_/X (sky130_fd_sc_hd__clkbuf_4)
    10    0.07                           _0706_ (net)
                  0.14    0.01   21.11 v _1327_/B1 (sky130_fd_sc_hd__a21oi_1)
                  0.13    0.16   21.27 ^ _1327_/Y (sky130_fd_sc_hd__a21oi_1)
     1    0.00                           _0707_ (net)
                  0.13    0.00   21.27 ^ _1328_/B1 (sky130_fd_sc_hd__a21o_1)
                  0.03    0.09   21.37 ^ _1328_/X (sky130_fd_sc_hd__a21o_1)
     1    0.00                           _0019_ (net)
                  0.03    0.00   21.37 ^ _2034_/D (sky130_fd_sc_hd__dfxtp_1)
                                 21.37   data arrival time

                        100.00  100.00   clock i_clk (rise edge)
                          0.00  100.00   clock source latency
                  0.00    0.00  100.00 ^ i_clk (in)
     1    0.03                           i_clk (net)
                  0.00    0.00  100.00 ^ clkbuf_0_i_clk/A (sky130_fd_sc_hd__clkbuf_16)
                  0.14    0.19  100.19 ^ clkbuf_0_i_clk/X (sky130_fd_sc_hd__clkbuf_16)
    16    0.13                           clknet_0_i_clk (net)
                  0.14    0.00  100.19 ^ clkbuf_4_14_0_i_clk/A (sky130_fd_sc_hd__clkbuf_8)
                  0.05    0.17  100.36 ^ clkbuf_4_14_0_i_clk/X (sky130_fd_sc_hd__clkbuf_8)
     6    0.02                           clknet_4_14_0_i_clk (net)
                  0.05    0.00  100.36 ^ _2034_/CLK (sky130_fd_sc_hd__dfxtp_1)
                         -0.50   99.86   clock uncertainty
                          0.00   99.86   clock reconvergence pessimism
                         -0.05   99.81   library setup time
                                 99.81   data required time
-----------------------------------------------------------------------------
                                 99.81   data required time
                                -21.37   data arrival time
-----------------------------------------------------------------------------
                                 78.45   slack (MET)


Startpoint: i_rst_n (input port clocked by i_clk)
Endpoint: _2063_ (rising edge-triggered flip-flop clocked by i_clk)
Path Group: i_clk
Path Type: max

Fanout     Cap    Slew   Delay    Time   Description
-----------------------------------------------------------------------------
                          0.00    0.00   clock i_clk (rise edge)
                          0.00    0.00   clock network delay (propagated)
                         20.00   20.00 ^ input external delay
                  0.00    0.00   20.00 ^ i_rst_n (in)
     1    0.00                           i_rst_n (net)
                  0.00    0.00   20.00 ^ input2/A (sky130_fd_sc_hd__dlymetal6s2s_1)
                  0.21    0.19   20.19 ^ input2/X (sky130_fd_sc_hd__dlymetal6s2s_1)
     5    0.02                           net2 (net)
                  0.21    0.00   20.19 ^ _1031_/B1_N (sky130_fd_sc_hd__a21boi_4)
                  0.20    0.28   20.47 ^ _1031_/Y (sky130_fd_sc_hd__a21boi_4)
     4    0.02                           _0434_ (net)
                  0.20    0.00   20.47 ^ _1038_/B1 (sky130_fd_sc_hd__o21ai_4)
                  0.16    0.18   20.66 v _1038_/Y (sky130_fd_sc_hd__o21ai_4)
     9    0.06                           _0440_ (net)
                  0.16    0.00   20.66 v _1325_/B1 (sky130_fd_sc_hd__a31o_1)
                  0.04    0.22   20.88 v _1325_/X (sky130_fd_sc_hd__a31o_1)
     1    0.00                           _0705_ (net)
                  0.04    0.00   20.88 v _1326_/A (sky130_fd_sc_hd__clkbuf_4)
                  0.14    0.22   21.10 v _1326_/X (sky130_fd_sc_hd__clkbuf_4)
    10    0.07                           _0706_ (net)
                  0.14    0.01   21.11 v _1597_/B1 (sky130_fd_sc_hd__o22a_1)
                  0.04    0.21   21.32 v _1597_/X (sky130_fd_sc_hd__o22a_1)
     1    0.00                           _0045_ (net)
                  0.04    0.00   21.32 v _2063_/D (sky130_fd_sc_hd__dfxtp_2)
                                 21.32   data arrival time

                        100.00  100.00   clock i_clk (rise edge)
                          0.00  100.00   clock source latency
                  0.00    0.00  100.00 ^ i_clk (in)
     1    0.03                           i_clk (net)
                  0.00    0.00  100.00 ^ clkbuf_0_i_clk/A (sky130_fd_sc_hd__clkbuf_16)
                  0.14    0.19  100.19 ^ clkbuf_0_i_clk/X (sky130_fd_sc_hd__clkbuf_16)
    16    0.13                           clknet_0_i_clk (net)
                  0.14    0.01  100.19 ^ clkbuf_4_3_0_i_clk/A (sky130_fd_sc_hd__clkbuf_8)
                  0.08    0.19  100.38 ^ clkbuf_4_3_0_i_clk/X (sky130_fd_sc_hd__clkbuf_8)
    11    0.04                           clknet_4_3_0_i_clk (net)
                  0.08    0.00  100.38 ^ _2063_/CLK (sky130_fd_sc_hd__dfxtp_2)
                         -0.50   99.88   clock uncertainty
                          0.00   99.88   clock reconvergence pessimism
                         -0.10   99.78   library setup time
                                 99.78   data required time
-----------------------------------------------------------------------------
                                 99.78   data required time
                                -21.32   data arrival time
-----------------------------------------------------------------------------
                                 78.46   slack (MET)


Startpoint: i_rst_n (input port clocked by i_clk)
Endpoint: _2058_ (rising edge-triggered flip-flop clocked by i_clk)
Path Group: i_clk
Path Type: max

Fanout     Cap    Slew   Delay    Time   Description
-----------------------------------------------------------------------------
                          0.00    0.00   clock i_clk (rise edge)
                          0.00    0.00   clock network delay (propagated)
                         20.00   20.00 ^ input external delay
                  0.00    0.00   20.00 ^ i_rst_n (in)
     1    0.00                           i_rst_n (net)
                  0.00    0.00   20.00 ^ input2/A (sky130_fd_sc_hd__dlymetal6s2s_1)
                  0.21    0.19   20.19 ^ input2/X (sky130_fd_sc_hd__dlymetal6s2s_1)
     5    0.02                           net2 (net)
                  0.21    0.00   20.19 ^ _1031_/B1_N (sky130_fd_sc_hd__a21boi_4)
                  0.20    0.28   20.47 ^ _1031_/Y (sky130_fd_sc_hd__a21boi_4)
     4    0.02                           _0434_ (net)
                  0.20    0.00   20.47 ^ _1038_/B1 (sky130_fd_sc_hd__o21ai_4)
                  0.16    0.18   20.66 v _1038_/Y (sky130_fd_sc_hd__o21ai_4)
     9    0.06                           _0440_ (net)
                  0.16    0.00   20.66 v _1325_/B1 (sky130_fd_sc_hd__a31o_1)
                  0.04    0.22   20.88 v _1325_/X (sky130_fd_sc_hd__a31o_1)
     1    0.00                           _0705_ (net)
                  0.04    0.00   20.88 v _1326_/A (sky130_fd_sc_hd__clkbuf_4)
                  0.14    0.22   21.10 v _1326_/X (sky130_fd_sc_hd__clkbuf_4)
    10    0.07                           _0706_ (net)
                  0.14    0.01   21.11 v _1577_/B1 (sky130_fd_sc_hd__o22a_1)
                  0.04    0.20   21.31 v _1577_/X (sky130_fd_sc_hd__o22a_1)
     1    0.00                           _0040_ (net)
                  0.04    0.00   21.31 v _2058_/D (sky130_fd_sc_hd__dfxtp_1)
                                 21.31   data arrival time

                        100.00  100.00   clock i_clk (rise edge)
                          0.00  100.00   clock source latency
                  0.00    0.00  100.00 ^ i_clk (in)
     1    0.03                           i_clk (net)
                  0.00    0.00  100.00 ^ clkbuf_0_i_clk/A (sky130_fd_sc_hd__clkbuf_16)
                  0.14    0.19  100.19 ^ clkbuf_0_i_clk/X (sky130_fd_sc_hd__clkbuf_16)
    16    0.13                           clknet_0_i_clk (net)
                  0.14    0.00  100.19 ^ clkbuf_4_11_0_i_clk/A (sky130_fd_sc_hd__clkbuf_8)
                  0.07    0.18  100.37 ^ clkbuf_4_11_0_i_clk/X (sky130_fd_sc_hd__clkbuf_8)
    10    0.03                           clknet_4_11_0_i_clk (net)
                  0.07    0.00  100.37 ^ _2058_/CLK (sky130_fd_sc_hd__dfxtp_1)
                         -0.50   99.87   clock uncertainty
                          0.00   99.87   clock reconvergence pessimism
                         -0.10   99.77   library setup time
                                 99.77   data required time
-----------------------------------------------------------------------------
                                 99.77   data required time
                                -21.31   data arrival time
-----------------------------------------------------------------------------
                                 78.46   slack (MET)


Startpoint: i_rst_n (input port clocked by i_clk)
Endpoint: _2114_ (rising edge-triggered flip-flop clocked by i_clk)
Path Group: i_clk
Path Type: max

Fanout     Cap    Slew   Delay    Time   Description
-----------------------------------------------------------------------------
                          0.00    0.00   clock i_clk (rise edge)
                          0.00    0.00   clock network delay (propagated)
                         20.00   20.00 ^ input external delay
                  0.00    0.00   20.00 ^ i_rst_n (in)
     1    0.00                           i_rst_n (net)
                  0.00    0.00   20.00 ^ input2/A (sky130_fd_sc_hd__dlymetal6s2s_1)
                  0.21    0.19   20.19 ^ input2/X (sky130_fd_sc_hd__dlymetal6s2s_1)
     5    0.02                           net2 (net)
                  0.21    0.00   20.19 ^ _1692_/B (sky130_fd_sc_hd__and2b_1)
                  0.12    0.21   20.40 ^ _1692_/X (sky130_fd_sc_hd__and2b_1)
     3    0.01                           _1008_ (net)
                  0.12    0.00   20.40 ^ _1693_/A (sky130_fd_sc_hd__inv_2)
                  0.05    0.07   20.47 v _1693_/Y (sky130_fd_sc_hd__inv_2)
     4    0.02                           _0148_ (net)
                  0.05    0.00   20.48 v _1700_/B1 (sky130_fd_sc_hd__a31o_1)
                  0.04    0.18   20.66 v _1700_/X (sky130_fd_sc_hd__a31o_1)
     1    0.00                           _0155_ (net)
                  0.04    0.00   20.66 v _1701_/B (sky130_fd_sc_hd__nor2_1)
                  0.11    0.11   20.76 ^ _1701_/Y (sky130_fd_sc_hd__nor2_1)
     1    0.01                           _0090_ (net)
                  0.11    0.00   20.76 ^ hold84/A (sky130_fd_sc_hd__dlygate4sd3_1)
                  0.06    0.56   21.33 ^ hold84/X (sky130_fd_sc_hd__dlygate4sd3_1)
     1    0.00                           net90 (net)
                  0.06    0.00   21.33 ^ _2114_/D (sky130_fd_sc_hd__dfxtp_1)
                                 21.33   data arrival time

                        100.00  100.00   clock i_clk (rise edge)
                          0.00  100.00   clock source latency
                  0.00    0.00  100.00 ^ i_clk (in)
     1    0.03                           i_clk (net)
                  0.00    0.00  100.00 ^ clkbuf_0_i_clk/A (sky130_fd_sc_hd__clkbuf_16)
                  0.14    0.19  100.19 ^ clkbuf_0_i_clk/X (sky130_fd_sc_hd__clkbuf_16)
    16    0.13                           clknet_0_i_clk (net)
                  0.14    0.00  100.19 ^ clkbuf_4_0_0_i_clk/A (sky130_fd_sc_hd__clkbuf_8)
                  0.07    0.18  100.38 ^ clkbuf_4_0_0_i_clk/X (sky130_fd_sc_hd__clkbuf_8)
    11    0.03                           clknet_4_0_0_i_clk (net)
                  0.07    0.00  100.38 ^ _2114_/CLK (sky130_fd_sc_hd__dfxtp_1)
                         -0.50   99.88   clock uncertainty
                          0.00   99.88   clock reconvergence pessimism
                         -0.05   99.82   library setup time
                                 99.82   data required time
-----------------------------------------------------------------------------
                                 99.82   data required time
                                -21.33   data arrival time
-----------------------------------------------------------------------------
                                 78.50   slack (MET)


Startpoint: i_rst_n (input port clocked by i_clk)
Endpoint: _2134_ (rising edge-triggered flip-flop clocked by i_clk)
Path Group: i_clk
Path Type: max

Fanout     Cap    Slew   Delay    Time   Description
-----------------------------------------------------------------------------
                          0.00    0.00   clock i_clk (rise edge)
                          0.00    0.00   clock network delay (propagated)
                         20.00   20.00 ^ input external delay
                  0.00    0.00   20.00 ^ i_rst_n (in)
     1    0.00                           i_rst_n (net)
                  0.00    0.00   20.00 ^ input2/A (sky130_fd_sc_hd__dlymetal6s2s_1)
                  0.21    0.19   20.19 ^ input2/X (sky130_fd_sc_hd__dlymetal6s2s_1)
     5    0.02                           net2 (net)
                  0.21    0.00   20.19 ^ _1031_/B1_N (sky130_fd_sc_hd__a21boi_4)
                  0.20    0.28   20.47 ^ _1031_/Y (sky130_fd_sc_hd__a21boi_4)
     4    0.02                           _0434_ (net)
                  0.20    0.00   20.47 ^ _1034_/B1 (sky130_fd_sc_hd__o21a_4)
                  0.17    0.26   20.73 ^ _1034_/X (sky130_fd_sc_hd__o21a_4)
    10    0.05                           _0436_ (net)
                  0.17    0.01   20.74 ^ _1891_/S (sky130_fd_sc_hd__mux2_1)
                  0.13    0.42   21.16 v _1891_/X (sky130_fd_sc_hd__mux2_1)
     1    0.02                           _0326_ (net)
                  0.13    0.00   21.16 v _1892_/A (sky130_fd_sc_hd__clkbuf_1)
                  0.02    0.12   21.28 v _1892_/X (sky130_fd_sc_hd__clkbuf_1)
     1    0.00                           _0110_ (net)
                  0.02    0.00   21.28 v _2134_/D (sky130_fd_sc_hd__dfxtp_1)
                                 21.28   data arrival time

                        100.00  100.00   clock i_clk (rise edge)
                          0.00  100.00   clock source latency
                  0.00    0.00  100.00 ^ i_clk (in)
     1    0.03                           i_clk (net)
                  0.00    0.00  100.00 ^ clkbuf_0_i_clk/A (sky130_fd_sc_hd__clkbuf_16)
                  0.14    0.19  100.19 ^ clkbuf_0_i_clk/X (sky130_fd_sc_hd__clkbuf_16)
    16    0.13                           clknet_0_i_clk (net)
                  0.14    0.00  100.19 ^ clkbuf_4_5_0_i_clk/A (sky130_fd_sc_hd__clkbuf_8)
                  0.08    0.19  100.38 ^ clkbuf_4_5_0_i_clk/X (sky130_fd_sc_hd__clkbuf_8)
    11    0.04                           clknet_4_5_0_i_clk (net)
                  0.08    0.00  100.38 ^ _2134_/CLK (sky130_fd_sc_hd__dfxtp_1)
                         -0.50   99.88   clock uncertainty
                          0.00   99.88   clock reconvergence pessimism
                         -0.09   99.79   library setup time
                                 99.79   data required time
-----------------------------------------------------------------------------
                                 99.79   data required time
                                -21.28   data arrival time
-----------------------------------------------------------------------------
                                 78.51   slack (MET)


Startpoint: i_rst_n (input port clocked by i_clk)
Endpoint: _2075_ (rising edge-triggered flip-flop clocked by i_clk)
Path Group: i_clk
Path Type: max

Fanout     Cap    Slew   Delay    Time   Description
-----------------------------------------------------------------------------
                          0.00    0.00   clock i_clk (rise edge)
                          0.00    0.00   clock network delay (propagated)
                         20.00   20.00 ^ input external delay
                  0.00    0.00   20.00 ^ i_rst_n (in)
     1    0.00                           i_rst_n (net)
                  0.00    0.00   20.00 ^ input2/A (sky130_fd_sc_hd__dlymetal6s2s_1)
                  0.21    0.19   20.19 ^ input2/X (sky130_fd_sc_hd__dlymetal6s2s_1)
     5    0.02                           net2 (net)
                  0.21    0.00   20.19 ^ _1031_/B1_N (sky130_fd_sc_hd__a21boi_4)
                  0.20    0.28   20.47 ^ _1031_/Y (sky130_fd_sc_hd__a21boi_4)
     4    0.02                           _0434_ (net)
                  0.20    0.00   20.47 ^ _1034_/B1 (sky130_fd_sc_hd__o21a_4)
                  0.17    0.26   20.73 ^ _1034_/X (sky130_fd_sc_hd__o21a_4)
    10    0.05                           _0436_ (net)
                  0.17    0.00   20.73 ^ _1037_/B (sky130_fd_sc_hd__and2_1)
                  0.16    0.23   20.97 ^ _1037_/X (sky130_fd_sc_hd__and2_1)
     3    0.02                           _0439_ (net)
                  0.16    0.00   20.97 ^ _1047_/A2 (sky130_fd_sc_hd__o21ba_1)
                  0.04    0.13   21.10 ^ _1047_/X (sky130_fd_sc_hd__o21ba_1)
     1    0.00                           _0448_ (net)
                  0.04    0.00   21.10 ^ _1048_/A (sky130_fd_sc_hd__buf_2)
                  0.16    0.19   21.28 ^ _1048_/X (sky130_fd_sc_hd__buf_2)
     9    0.03                           _0051_ (net)
                  0.16    0.00   21.28 ^ _2075_/D (sky130_fd_sc_hd__dfxtp_4)
                                 21.28   data arrival time

                        100.00  100.00   clock i_clk (rise edge)
                          0.00  100.00   clock source latency
                  0.00    0.00  100.00 ^ i_clk (in)
     1    0.03                           i_clk (net)
                  0.00    0.00  100.00 ^ clkbuf_0_i_clk/A (sky130_fd_sc_hd__clkbuf_16)
                  0.14    0.19  100.19 ^ clkbuf_0_i_clk/X (sky130_fd_sc_hd__clkbuf_16)
    16    0.13                           clknet_0_i_clk (net)
                  0.14    0.00  100.19 ^ clkbuf_4_6_0_i_clk/A (sky130_fd_sc_hd__clkbuf_8)
                  0.07    0.18  100.38 ^ clkbuf_4_6_0_i_clk/X (sky130_fd_sc_hd__clkbuf_8)
    11    0.03                           clknet_4_6_0_i_clk (net)
                  0.07    0.00  100.38 ^ _2075_/CLK (sky130_fd_sc_hd__dfxtp_4)
                         -0.50   99.88   clock uncertainty
                          0.00   99.88   clock reconvergence pessimism
                         -0.08   99.80   library setup time
                                 99.80   data required time
-----------------------------------------------------------------------------
                                 99.80   data required time
                                -21.28   data arrival time
-----------------------------------------------------------------------------
                                 78.51   slack (MET)


Startpoint: i_rst_n (input port clocked by i_clk)
Endpoint: _2074_ (rising edge-triggered flip-flop clocked by i_clk)
Path Group: i_clk
Path Type: max

Fanout     Cap    Slew   Delay    Time   Description
-----------------------------------------------------------------------------
                          0.00    0.00   clock i_clk (rise edge)
                          0.00    0.00   clock network delay (propagated)
                         20.00   20.00 ^ input external delay
                  0.00    0.00   20.00 ^ i_rst_n (in)
     1    0.00                           i_rst_n (net)
                  0.00    0.00   20.00 ^ input2/A (sky130_fd_sc_hd__dlymetal6s2s_1)
                  0.21    0.19   20.19 ^ input2/X (sky130_fd_sc_hd__dlymetal6s2s_1)
     5    0.02                           net2 (net)
                  0.21    0.00   20.19 ^ _1031_/B1_N (sky130_fd_sc_hd__a21boi_4)
                  0.20    0.28   20.47 ^ _1031_/Y (sky130_fd_sc_hd__a21boi_4)
     4    0.02                           _0434_ (net)
                  0.20    0.00   20.47 ^ _1034_/B1 (sky130_fd_sc_hd__o21a_4)
                  0.17    0.26   20.73 ^ _1034_/X (sky130_fd_sc_hd__o21a_4)
    10    0.05                           _0436_ (net)
                  0.17    0.00   20.73 ^ _1036_/A1 (sky130_fd_sc_hd__a21oi_1)
                  0.09    0.13   20.86 v _1036_/Y (sky130_fd_sc_hd__a21oi_1)
     1    0.01                           _0438_ (net)
                  0.09    0.00   20.86 v _1040_/A (sky130_fd_sc_hd__nor3_4)
                  0.32    0.35   21.21 ^ _1040_/Y (sky130_fd_sc_hd__nor3_4)
     8    0.03                           _0050_ (net)
                  0.32    0.00   21.21 ^ _2074_/D (sky130_fd_sc_hd__dfxtp_1)
                                 21.21   data arrival time

                        100.00  100.00   clock i_clk (rise edge)
                          0.00  100.00   clock source latency
                  0.00    0.00  100.00 ^ i_clk (in)
     1    0.03                           i_clk (net)
                  0.00    0.00  100.00 ^ clkbuf_0_i_clk/A (sky130_fd_sc_hd__clkbuf_16)
                  0.14    0.19  100.19 ^ clkbuf_0_i_clk/X (sky130_fd_sc_hd__clkbuf_16)
    16    0.13                           clknet_0_i_clk (net)
                  0.14    0.00  100.19 ^ clkbuf_4_6_0_i_clk/A (sky130_fd_sc_hd__clkbuf_8)
                  0.07    0.18  100.38 ^ clkbuf_4_6_0_i_clk/X (sky130_fd_sc_hd__clkbuf_8)
    11    0.03                           clknet_4_6_0_i_clk (net)
                  0.07    0.00  100.38 ^ _2074_/CLK (sky130_fd_sc_hd__dfxtp_1)
                         -0.50   99.88   clock uncertainty
                          0.00   99.88   clock reconvergence pessimism
                         -0.11   99.76   library setup time
                                 99.76   data required time
-----------------------------------------------------------------------------
                                 99.76   data required time
                                -21.21   data arrival time
-----------------------------------------------------------------------------
                                 78.56   slack (MET)


Startpoint: i_rst_n (input port clocked by i_clk)
Endpoint: _2076_ (rising edge-triggered flip-flop clocked by i_clk)
Path Group: i_clk
Path Type: max

Fanout     Cap    Slew   Delay    Time   Description
-----------------------------------------------------------------------------
                          0.00    0.00   clock i_clk (rise edge)
                          0.00    0.00   clock network delay (propagated)
                         20.00   20.00 ^ input external delay
                  0.00    0.00   20.00 ^ i_rst_n (in)
     1    0.00                           i_rst_n (net)
                  0.00    0.00   20.00 ^ input2/A (sky130_fd_sc_hd__dlymetal6s2s_1)
                  0.21    0.19   20.19 ^ input2/X (sky130_fd_sc_hd__dlymetal6s2s_1)
     5    0.02                           net2 (net)
                  0.21    0.00   20.19 ^ _1031_/B1_N (sky130_fd_sc_hd__a21boi_4)
                  0.20    0.28   20.47 ^ _1031_/Y (sky130_fd_sc_hd__a21boi_4)
     4    0.02                           _0434_ (net)
                  0.20    0.00   20.47 ^ _1034_/B1 (sky130_fd_sc_hd__o21a_4)
                  0.17    0.26   20.73 ^ _1034_/X (sky130_fd_sc_hd__o21a_4)
    10    0.05                           _0436_ (net)
                  0.17    0.00   20.73 ^ _1044_/A4 (sky130_fd_sc_hd__a41o_1)
                  0.04    0.18   20.92 ^ _1044_/X (sky130_fd_sc_hd__a41o_1)
     1    0.00                           _0445_ (net)
                  0.04    0.00   20.92 ^ _1045_/B1_N (sky130_fd_sc_hd__a21bo_2)
                  0.09    0.27   21.19 v _1045_/X (sky130_fd_sc_hd__a21bo_2)
     7    0.03                           _0446_ (net)
                  0.09    0.00   21.19 v _1067_/A (sky130_fd_sc_hd__inv_2)
                  0.04    0.06   21.25 ^ _1067_/Y (sky130_fd_sc_hd__inv_2)
     2    0.00                           _0052_ (net)
                  0.04    0.00   21.25 ^ _2076_/D (sky130_fd_sc_hd__dfxtp_4)
                                 21.25   data arrival time

                        100.00  100.00   clock i_clk (rise edge)
                          0.00  100.00   clock source latency
                  0.00    0.00  100.00 ^ i_clk (in)
     1    0.03                           i_clk (net)
                  0.00    0.00  100.00 ^ clkbuf_0_i_clk/A (sky130_fd_sc_hd__clkbuf_16)
                  0.14    0.19  100.19 ^ clkbuf_0_i_clk/X (sky130_fd_sc_hd__clkbuf_16)
    16    0.13                           clknet_0_i_clk (net)
                  0.14    0.00  100.19 ^ clkbuf_4_6_0_i_clk/A (sky130_fd_sc_hd__clkbuf_8)
                  0.07    0.18  100.38 ^ clkbuf_4_6_0_i_clk/X (sky130_fd_sc_hd__clkbuf_8)
    11    0.03                           clknet_4_6_0_i_clk (net)
                  0.07    0.00  100.38 ^ _2076_/CLK (sky130_fd_sc_hd__dfxtp_4)
                         -0.50   99.88   clock uncertainty
                          0.00   99.88   clock reconvergence pessimism
                         -0.05   99.82   library setup time
                                 99.82   data required time
-----------------------------------------------------------------------------
                                 99.82   data required time
                                -21.25   data arrival time
-----------------------------------------------------------------------------
                                 78.57   slack (MET)


Startpoint: i_rst_n (input port clocked by i_clk)
Endpoint: _2115_ (rising edge-triggered flip-flop clocked by i_clk)
Path Group: i_clk
Path Type: max

Fanout     Cap    Slew   Delay    Time   Description
-----------------------------------------------------------------------------
                          0.00    0.00   clock i_clk (rise edge)
                          0.00    0.00   clock network delay (propagated)
                         20.00   20.00 v input external delay
                  0.00    0.00   20.00 v i_rst_n (in)
     1    0.00                           i_rst_n (net)
                  0.00    0.00   20.00 v input2/A (sky130_fd_sc_hd__dlymetal6s2s_1)
                  0.10    0.18   20.18 v input2/X (sky130_fd_sc_hd__dlymetal6s2s_1)
     5    0.02                           net2 (net)
                  0.10    0.00   20.18 v _1692_/B (sky130_fd_sc_hd__and2b_1)
                  0.07    0.22   20.39 v _1692_/X (sky130_fd_sc_hd__and2b_1)
     3    0.01                           _1008_ (net)
                  0.07    0.00   20.39 v _1704_/B (sky130_fd_sc_hd__and3b_1)
                  0.04    0.17   20.57 v _1704_/X (sky130_fd_sc_hd__and3b_1)
     1    0.00                           _0158_ (net)
                  0.04    0.00   20.57 v hold218/A (sky130_fd_sc_hd__dlygate4sd3_1)
                  0.05    0.54   21.11 v hold218/X (sky130_fd_sc_hd__dlygate4sd3_1)
     1    0.00                           net224 (net)
                  0.05    0.00   21.11 v _1705_/A (sky130_fd_sc_hd__clkbuf_1)
                  0.03    0.09   21.20 v _1705_/X (sky130_fd_sc_hd__clkbuf_1)
     1    0.00                           _0091_ (net)
                  0.03    0.00   21.20 v _2115_/D (sky130_fd_sc_hd__dfxtp_1)
                                 21.20   data arrival time

                        100.00  100.00   clock i_clk (rise edge)
                          0.00  100.00   clock source latency
                  0.00    0.00  100.00 ^ i_clk (in)
     1    0.03                           i_clk (net)
                  0.00    0.00  100.00 ^ clkbuf_0_i_clk/A (sky130_fd_sc_hd__clkbuf_16)
                  0.14    0.19  100.19 ^ clkbuf_0_i_clk/X (sky130_fd_sc_hd__clkbuf_16)
    16    0.13                           clknet_0_i_clk (net)
                  0.14    0.00  100.19 ^ clkbuf_4_1_0_i_clk/A (sky130_fd_sc_hd__clkbuf_8)
                  0.08    0.19  100.38 ^ clkbuf_4_1_0_i_clk/X (sky130_fd_sc_hd__clkbuf_8)
    13    0.04                           clknet_4_1_0_i_clk (net)
                  0.08    0.00  100.39 ^ _2115_/CLK (sky130_fd_sc_hd__dfxtp_1)
                         -0.50   99.89   clock uncertainty
                          0.00   99.89   clock reconvergence pessimism
                         -0.10   99.79   library setup time
                                 99.79   data required time
-----------------------------------------------------------------------------
                                 99.79   data required time
                                -21.20   data arrival time
-----------------------------------------------------------------------------
                                 78.59   slack (MET)


Startpoint: i_rst_n (input port clocked by i_clk)
Endpoint: _2113_ (rising edge-triggered flip-flop clocked by i_clk)
Path Group: i_clk
Path Type: max

Fanout     Cap    Slew   Delay    Time   Description
-----------------------------------------------------------------------------
                          0.00    0.00   clock i_clk (rise edge)
                          0.00    0.00   clock network delay (propagated)
                         20.00   20.00 ^ input external delay
                  0.00    0.00   20.00 ^ i_rst_n (in)
     1    0.00                           i_rst_n (net)
                  0.00    0.00   20.00 ^ input2/A (sky130_fd_sc_hd__dlymetal6s2s_1)
                  0.21    0.19   20.19 ^ input2/X (sky130_fd_sc_hd__dlymetal6s2s_1)
     5    0.02                           net2 (net)
                  0.21    0.00   20.19 ^ _1692_/B (sky130_fd_sc_hd__and2b_1)
                  0.12    0.21   20.40 ^ _1692_/X (sky130_fd_sc_hd__and2b_1)
     3    0.01                           _1008_ (net)
                  0.12    0.00   20.40 ^ _1693_/A (sky130_fd_sc_hd__inv_2)
                  0.05    0.07   20.47 v _1693_/Y (sky130_fd_sc_hd__inv_2)
     4    0.02                           _0148_ (net)
                  0.05    0.00   20.48 v _1697_/B1 (sky130_fd_sc_hd__a21oi_1)
                  0.11    0.11   20.59 ^ _1697_/Y (sky130_fd_sc_hd__a21oi_1)
     1    0.00                           _1011_ (net)
                  0.11    0.00   20.59 ^ _1698_/B1 (sky130_fd_sc_hd__o21a_1)
                  0.04    0.12   20.71 ^ _1698_/X (sky130_fd_sc_hd__o21a_1)
     1    0.00                           _0089_ (net)
                  0.04    0.00   20.71 ^ hold168/A (sky130_fd_sc_hd__dlygate4sd3_1)
                  0.05    0.53   21.24 ^ hold168/X (sky130_fd_sc_hd__dlygate4sd3_1)
     1    0.00                           net174 (net)
                  0.05    0.00   21.24 ^ _2113_/D (sky130_fd_sc_hd__dfxtp_1)
                                 21.24   data arrival time

                        100.00  100.00   clock i_clk (rise edge)
                          0.00  100.00   clock source latency
                  0.00    0.00  100.00 ^ i_clk (in)
     1    0.03                           i_clk (net)
                  0.00    0.00  100.00 ^ clkbuf_0_i_clk/A (sky130_fd_sc_hd__clkbuf_16)
                  0.14    0.19  100.19 ^ clkbuf_0_i_clk/X (sky130_fd_sc_hd__clkbuf_16)
    16    0.13                           clknet_0_i_clk (net)
                  0.14    0.00  100.19 ^ clkbuf_4_0_0_i_clk/A (sky130_fd_sc_hd__clkbuf_8)
                  0.07    0.18  100.38 ^ clkbuf_4_0_0_i_clk/X (sky130_fd_sc_hd__clkbuf_8)
    11    0.03                           clknet_4_0_0_i_clk (net)
                  0.07    0.00  100.38 ^ _2113_/CLK (sky130_fd_sc_hd__dfxtp_1)
                         -0.50   99.88   clock uncertainty
                          0.00   99.88   clock reconvergence pessimism
                         -0.05   99.83   library setup time
                                 99.83   data required time
-----------------------------------------------------------------------------
                                 99.83   data required time
                                -21.24   data arrival time
-----------------------------------------------------------------------------
                                 78.59   slack (MET)


Startpoint: i_rst_n (input port clocked by i_clk)
Endpoint: _2024_ (rising edge-triggered flip-flop clocked by i_clk)
Path Group: i_clk
Path Type: max

Fanout     Cap    Slew   Delay    Time   Description
-----------------------------------------------------------------------------
                          0.00    0.00   clock i_clk (rise edge)
                          0.00    0.00   clock network delay (propagated)
                         20.00   20.00 ^ input external delay
                  0.00    0.00   20.00 ^ i_rst_n (in)
     1    0.00                           i_rst_n (net)
                  0.00    0.00   20.00 ^ input2/A (sky130_fd_sc_hd__dlymetal6s2s_1)
                  0.21    0.19   20.19 ^ input2/X (sky130_fd_sc_hd__dlymetal6s2s_1)
     5    0.02                           net2 (net)
                  0.21    0.00   20.19 ^ _1031_/B1_N (sky130_fd_sc_hd__a21boi_4)
                  0.20    0.28   20.47 ^ _1031_/Y (sky130_fd_sc_hd__a21boi_4)
     4    0.02                           _0434_ (net)
                  0.20    0.00   20.47 ^ _1038_/B1 (sky130_fd_sc_hd__o21ai_4)
                  0.16    0.18   20.66 v _1038_/Y (sky130_fd_sc_hd__o21ai_4)
     9    0.06                           _0440_ (net)
                  0.16    0.00   20.66 v _1083_/A (sky130_fd_sc_hd__buf_4)
                  0.10    0.25   20.91 v _1083_/X (sky130_fd_sc_hd__buf_4)
    10    0.07                           _0473_ (net)
                  0.10    0.01   20.92 v _1101_/A2 (sky130_fd_sc_hd__a22o_1)
                  0.04    0.24   21.16 v _1101_/X (sky130_fd_sc_hd__a22o_1)
     1    0.00                           _0009_ (net)
                  0.04    0.00   21.16 v _2024_/D (sky130_fd_sc_hd__dfxtp_1)
                                 21.16   data arrival time

                        100.00  100.00   clock i_clk (rise edge)
                          0.00  100.00   clock source latency
                  0.00    0.00  100.00 ^ i_clk (in)
     1    0.03                           i_clk (net)
                  0.00    0.00  100.00 ^ clkbuf_0_i_clk/A (sky130_fd_sc_hd__clkbuf_16)
                  0.14    0.19  100.19 ^ clkbuf_0_i_clk/X (sky130_fd_sc_hd__clkbuf_16)
    16    0.13                           clknet_0_i_clk (net)
                  0.14    0.00  100.19 ^ clkbuf_4_14_0_i_clk/A (sky130_fd_sc_hd__clkbuf_8)
                  0.05    0.17  100.36 ^ clkbuf_4_14_0_i_clk/X (sky130_fd_sc_hd__clkbuf_8)
     6    0.02                           clknet_4_14_0_i_clk (net)
                  0.05    0.00  100.36 ^ _2024_/CLK (sky130_fd_sc_hd__dfxtp_1)
                         -0.50   99.86   clock uncertainty
                          0.00   99.86   clock reconvergence pessimism
                         -0.10   99.76   library setup time
                                 99.76   data required time
-----------------------------------------------------------------------------
                                 99.76   data required time
                                -21.16   data arrival time
-----------------------------------------------------------------------------
                                 78.60   slack (MET)


Startpoint: i_rst_n (input port clocked by i_clk)
Endpoint: _2029_ (rising edge-triggered flip-flop clocked by i_clk)
Path Group: i_clk
Path Type: max

Fanout     Cap    Slew   Delay    Time   Description
-----------------------------------------------------------------------------
                          0.00    0.00   clock i_clk (rise edge)
                          0.00    0.00   clock network delay (propagated)
                         20.00   20.00 ^ input external delay
                  0.00    0.00   20.00 ^ i_rst_n (in)
     1    0.00                           i_rst_n (net)
                  0.00    0.00   20.00 ^ input2/A (sky130_fd_sc_hd__dlymetal6s2s_1)
                  0.21    0.19   20.19 ^ input2/X (sky130_fd_sc_hd__dlymetal6s2s_1)
     5    0.02                           net2 (net)
                  0.21    0.00   20.19 ^ _1031_/B1_N (sky130_fd_sc_hd__a21boi_4)
                  0.20    0.28   20.47 ^ _1031_/Y (sky130_fd_sc_hd__a21boi_4)
     4    0.02                           _0434_ (net)
                  0.20    0.00   20.47 ^ _1038_/B1 (sky130_fd_sc_hd__o21ai_4)
                  0.16    0.18   20.66 v _1038_/Y (sky130_fd_sc_hd__o21ai_4)
     9    0.06                           _0440_ (net)
                  0.16    0.00   20.66 v _1083_/A (sky130_fd_sc_hd__buf_4)
                  0.10    0.25   20.91 v _1083_/X (sky130_fd_sc_hd__buf_4)
    10    0.07                           _0473_ (net)
                  0.10    0.00   20.91 v _1251_/A2 (sky130_fd_sc_hd__a22o_1)
                  0.04    0.24   21.16 v _1251_/X (sky130_fd_sc_hd__a22o_1)
     1    0.00                           _0014_ (net)
                  0.04    0.00   21.16 v _2029_/D (sky130_fd_sc_hd__dfxtp_2)
                                 21.16   data arrival time

                        100.00  100.00   clock i_clk (rise edge)
                          0.00  100.00   clock source latency
                  0.00    0.00  100.00 ^ i_clk (in)
     1    0.03                           i_clk (net)
                  0.00    0.00  100.00 ^ clkbuf_0_i_clk/A (sky130_fd_sc_hd__clkbuf_16)
                  0.14    0.19  100.19 ^ clkbuf_0_i_clk/X (sky130_fd_sc_hd__clkbuf_16)
    16    0.13                           clknet_0_i_clk (net)
                  0.14    0.01  100.19 ^ clkbuf_4_2_0_i_clk/A (sky130_fd_sc_hd__clkbuf_8)
                  0.07    0.18  100.37 ^ clkbuf_4_2_0_i_clk/X (sky130_fd_sc_hd__clkbuf_8)
     8    0.03                           clknet_4_2_0_i_clk (net)
                  0.07    0.00  100.38 ^ _2029_/CLK (sky130_fd_sc_hd__dfxtp_2)
                         -0.50   99.88   clock uncertainty
                          0.00   99.88   clock reconvergence pessimism
                         -0.10   99.77   library setup time
                                 99.77   data required time
-----------------------------------------------------------------------------
                                 99.77   data required time
                                -21.16   data arrival time
-----------------------------------------------------------------------------
                                 78.62   slack (MET)


Startpoint: i_rst_n (input port clocked by i_clk)
Endpoint: _2108_ (rising edge-triggered flip-flop clocked by i_clk)
Path Group: i_clk
Path Type: max

Fanout     Cap    Slew   Delay    Time   Description
-----------------------------------------------------------------------------
                          0.00    0.00   clock i_clk (rise edge)
                          0.00    0.00   clock network delay (propagated)
                         20.00   20.00 ^ input external delay
                  0.00    0.00   20.00 ^ i_rst_n (in)
     1    0.00                           i_rst_n (net)
                  0.00    0.00   20.00 ^ input2/A (sky130_fd_sc_hd__dlymetal6s2s_1)
                  0.21    0.19   20.19 ^ input2/X (sky130_fd_sc_hd__dlymetal6s2s_1)
     5    0.02                           net2 (net)
                  0.21    0.00   20.19 ^ _1012_/A (sky130_fd_sc_hd__buf_2)
                  0.18    0.26   20.44 ^ _1012_/X (sky130_fd_sc_hd__buf_2)
    10    0.04                           _0416_ (net)
                  0.18    0.00   20.45 ^ _1684_/C1 (sky130_fd_sc_hd__o221a_1)
                  0.07    0.22   20.66 ^ _1684_/X (sky130_fd_sc_hd__o221a_1)
     1    0.01                           _0084_ (net)
                  0.07    0.00   20.66 ^ hold25/A (sky130_fd_sc_hd__dlygate4sd3_1)
                  0.05    0.54   21.20 ^ hold25/X (sky130_fd_sc_hd__dlygate4sd3_1)
     1    0.00                           net31 (net)
                  0.05    0.00   21.20 ^ _2108_/D (sky130_fd_sc_hd__dfxtp_1)
                                 21.20   data arrival time

                        100.00  100.00   clock i_clk (rise edge)
                          0.00  100.00   clock source latency
                  0.00    0.00  100.00 ^ i_clk (in)
     1    0.03                           i_clk (net)
                  0.00    0.00  100.00 ^ clkbuf_0_i_clk/A (sky130_fd_sc_hd__clkbuf_16)
                  0.14    0.19  100.19 ^ clkbuf_0_i_clk/X (sky130_fd_sc_hd__clkbuf_16)
    16    0.13                           clknet_0_i_clk (net)
                  0.14    0.01  100.19 ^ clkbuf_4_3_0_i_clk/A (sky130_fd_sc_hd__clkbuf_8)
                  0.08    0.19  100.38 ^ clkbuf_4_3_0_i_clk/X (sky130_fd_sc_hd__clkbuf_8)
    11    0.04                           clknet_4_3_0_i_clk (net)
                  0.08    0.00  100.38 ^ _2108_/CLK (sky130_fd_sc_hd__dfxtp_1)
                         -0.50   99.88   clock uncertainty
                          0.00   99.88   clock reconvergence pessimism
                         -0.05   99.83   library setup time
                                 99.83   data required time
-----------------------------------------------------------------------------
                                 99.83   data required time
                                -21.20   data arrival time
-----------------------------------------------------------------------------
                                 78.63   slack (MET)


Startpoint: i_rst_n (input port clocked by i_clk)
Endpoint: _2109_ (rising edge-triggered flip-flop clocked by i_clk)
Path Group: i_clk
Path Type: max

Fanout     Cap    Slew   Delay    Time   Description
-----------------------------------------------------------------------------
                          0.00    0.00   clock i_clk (rise edge)
                          0.00    0.00   clock network delay (propagated)
                         20.00   20.00 ^ input external delay
                  0.00    0.00   20.00 ^ i_rst_n (in)
     1    0.00                           i_rst_n (net)
                  0.00    0.00   20.00 ^ input2/A (sky130_fd_sc_hd__dlymetal6s2s_1)
                  0.21    0.19   20.19 ^ input2/X (sky130_fd_sc_hd__dlymetal6s2s_1)
     5    0.02                           net2 (net)
                  0.21    0.00   20.19 ^ _1012_/A (sky130_fd_sc_hd__buf_2)
                  0.18    0.26   20.44 ^ _1012_/X (sky130_fd_sc_hd__buf_2)
    10    0.04                           _0416_ (net)
                  0.18    0.00   20.45 ^ _1686_/C1 (sky130_fd_sc_hd__o221a_1)
                  0.06    0.21   20.65 ^ _1686_/X (sky130_fd_sc_hd__o221a_1)
     1    0.00                           _0085_ (net)
                  0.06    0.00   20.65 ^ hold19/A (sky130_fd_sc_hd__dlygate4sd3_1)
                  0.05    0.53   21.19 ^ hold19/X (sky130_fd_sc_hd__dlygate4sd3_1)
     1    0.00                           net25 (net)
                  0.05    0.00   21.19 ^ _2109_/D (sky130_fd_sc_hd__dfxtp_1)
                                 21.19   data arrival time

                        100.00  100.00   clock i_clk (rise edge)
                          0.00  100.00   clock source latency
                  0.00    0.00  100.00 ^ i_clk (in)
     1    0.03                           i_clk (net)
                  0.00    0.00  100.00 ^ clkbuf_0_i_clk/A (sky130_fd_sc_hd__clkbuf_16)
                  0.14    0.19  100.19 ^ clkbuf_0_i_clk/X (sky130_fd_sc_hd__clkbuf_16)
    16    0.13                           clknet_0_i_clk (net)
                  0.14    0.01  100.19 ^ clkbuf_4_2_0_i_clk/A (sky130_fd_sc_hd__clkbuf_8)
                  0.07    0.18  100.37 ^ clkbuf_4_2_0_i_clk/X (sky130_fd_sc_hd__clkbuf_8)
     8    0.03                           clknet_4_2_0_i_clk (net)
                  0.07    0.00  100.38 ^ _2109_/CLK (sky130_fd_sc_hd__dfxtp_1)
                         -0.50   99.88   clock uncertainty
                          0.00   99.88   clock reconvergence pessimism
                         -0.05   99.83   library setup time
                                 99.83   data required time
-----------------------------------------------------------------------------
                                 99.83   data required time
                                -21.19   data arrival time
-----------------------------------------------------------------------------
                                 78.64   slack (MET)


Startpoint: i_rst_n (input port clocked by i_clk)
Endpoint: _2116_ (rising edge-triggered flip-flop clocked by i_clk)
Path Group: i_clk
Path Type: max

Fanout     Cap    Slew   Delay    Time   Description
-----------------------------------------------------------------------------
                          0.00    0.00   clock i_clk (rise edge)
                          0.00    0.00   clock network delay (propagated)
                         20.00   20.00 ^ input external delay
                  0.00    0.00   20.00 ^ i_rst_n (in)
     1    0.00                           i_rst_n (net)
                  0.00    0.00   20.00 ^ input2/A (sky130_fd_sc_hd__dlymetal6s2s_1)
                  0.21    0.19   20.19 ^ input2/X (sky130_fd_sc_hd__dlymetal6s2s_1)
     5    0.02                           net2 (net)
                  0.21    0.00   20.19 ^ _1692_/B (sky130_fd_sc_hd__and2b_1)
                  0.12    0.21   20.40 ^ _1692_/X (sky130_fd_sc_hd__and2b_1)
     3    0.01                           _1008_ (net)
                  0.12    0.00   20.40 ^ _1706_/B1 (sky130_fd_sc_hd__o21ai_1)
                  0.06    0.09   20.48 v _1706_/Y (sky130_fd_sc_hd__o21ai_1)
     1    0.00                           _0159_ (net)
                  0.06    0.00   20.48 v _1707_/B1 (sky130_fd_sc_hd__a21oi_1)
                  0.10    0.11   20.59 ^ _1707_/Y (sky130_fd_sc_hd__a21oi_1)
     1    0.00                           _0092_ (net)
                  0.10    0.00   20.59 ^ hold4/A (sky130_fd_sc_hd__dlygate4sd3_1)
                  0.06    0.55   21.15 ^ hold4/X (sky130_fd_sc_hd__dlygate4sd3_1)
     1    0.00                           net10 (net)
                  0.06    0.00   21.15 ^ _2116_/D (sky130_fd_sc_hd__dfxtp_1)
                                 21.15   data arrival time

                        100.00  100.00   clock i_clk (rise edge)
                          0.00  100.00   clock source latency
                  0.00    0.00  100.00 ^ i_clk (in)
     1    0.03                           i_clk (net)
                  0.00    0.00  100.00 ^ clkbuf_0_i_clk/A (sky130_fd_sc_hd__clkbuf_16)
                  0.14    0.19  100.19 ^ clkbuf_0_i_clk/X (sky130_fd_sc_hd__clkbuf_16)
    16    0.13                           clknet_0_i_clk (net)
                  0.14    0.00  100.19 ^ clkbuf_4_1_0_i_clk/A (sky130_fd_sc_hd__clkbuf_8)
                  0.08    0.19  100.38 ^ clkbuf_4_1_0_i_clk/X (sky130_fd_sc_hd__clkbuf_8)
    13    0.04                           clknet_4_1_0_i_clk (net)
                  0.08    0.00  100.39 ^ _2116_/CLK (sky130_fd_sc_hd__dfxtp_1)
                         -0.50   99.89   clock uncertainty
                          0.00   99.89   clock reconvergence pessimism
                         -0.05   99.83   library setup time
                                 99.83   data required time
-----------------------------------------------------------------------------
                                 99.83   data required time
                                -21.15   data arrival time
-----------------------------------------------------------------------------
                                 78.68   slack (MET)


Startpoint: i_rst_n (input port clocked by i_clk)
Endpoint: _2112_ (rising edge-triggered flip-flop clocked by i_clk)
Path Group: i_clk
Path Type: max

Fanout     Cap    Slew   Delay    Time   Description
-----------------------------------------------------------------------------
                          0.00    0.00   clock i_clk (rise edge)
                          0.00    0.00   clock network delay (propagated)
                         20.00   20.00 v input external delay
                  0.00    0.00   20.00 v i_rst_n (in)
     1    0.00                           i_rst_n (net)
                  0.00    0.00   20.00 v input2/A (sky130_fd_sc_hd__dlymetal6s2s_1)
                  0.10    0.18   20.18 v input2/X (sky130_fd_sc_hd__dlymetal6s2s_1)
     5    0.02                           net2 (net)
                  0.10    0.00   20.18 v _1692_/B (sky130_fd_sc_hd__and2b_1)
                  0.07    0.22   20.39 v _1692_/X (sky130_fd_sc_hd__and2b_1)
     3    0.01                           _1008_ (net)
                  0.07    0.00   20.39 v _1693_/A (sky130_fd_sc_hd__inv_2)
                  0.09    0.10   20.49 ^ _1693_/Y (sky130_fd_sc_hd__inv_2)
     4    0.02                           _0148_ (net)
                  0.09    0.00   20.49 ^ _1694_/B1 (sky130_fd_sc_hd__a21oi_1)
                  0.06    0.05   20.54 v _1694_/Y (sky130_fd_sc_hd__a21oi_1)
     1    0.00                           _0088_ (net)
                  0.06    0.00   20.54 v hold106/A (sky130_fd_sc_hd__dlygate4sd3_1)
                  0.05    0.55   21.09 v hold106/X (sky130_fd_sc_hd__dlygate4sd3_1)
     1    0.00                           net112 (net)
                  0.05    0.00   21.09 v _2112_/D (sky130_fd_sc_hd__dfxtp_2)
                                 21.09   data arrival time

                        100.00  100.00   clock i_clk (rise edge)
                          0.00  100.00   clock source latency
                  0.00    0.00  100.00 ^ i_clk (in)
     1    0.03                           i_clk (net)
                  0.00    0.00  100.00 ^ clkbuf_0_i_clk/A (sky130_fd_sc_hd__clkbuf_16)
                  0.14    0.19  100.19 ^ clkbuf_0_i_clk/X (sky130_fd_sc_hd__clkbuf_16)
    16    0.13                           clknet_0_i_clk (net)
                  0.14    0.00  100.19 ^ clkbuf_4_1_0_i_clk/A (sky130_fd_sc_hd__clkbuf_8)
                  0.08    0.19  100.38 ^ clkbuf_4_1_0_i_clk/X (sky130_fd_sc_hd__clkbuf_8)
    13    0.04                           clknet_4_1_0_i_clk (net)
                  0.08    0.00  100.39 ^ _2112_/CLK (sky130_fd_sc_hd__dfxtp_2)
                         -0.50   99.89   clock uncertainty
                          0.00   99.89   clock reconvergence pessimism
                         -0.11   99.78   library setup time
                                 99.78   data required time
-----------------------------------------------------------------------------
                                 99.78   data required time
                                -21.09   data arrival time
-----------------------------------------------------------------------------
                                 78.69   slack (MET)


Startpoint: i_rst_n (input port clocked by i_clk)
Endpoint: _2153_ (rising edge-triggered flip-flop clocked by i_clk)
Path Group: i_clk
Path Type: max

Fanout     Cap    Slew   Delay    Time   Description
-----------------------------------------------------------------------------
                          0.00    0.00   clock i_clk (rise edge)
                          0.00    0.00   clock network delay (propagated)
                         20.00   20.00 ^ input external delay
                  0.00    0.00   20.00 ^ i_rst_n (in)
     1    0.00                           i_rst_n (net)
                  0.00    0.00   20.00 ^ input2/A (sky130_fd_sc_hd__dlymetal6s2s_1)
                  0.21    0.19   20.19 ^ input2/X (sky130_fd_sc_hd__dlymetal6s2s_1)
     5    0.02                           net2 (net)
                  0.21    0.00   20.19 ^ _1080_/A (sky130_fd_sc_hd__buf_2)
                  0.23    0.29   20.47 ^ _1080_/X (sky130_fd_sc_hd__buf_2)
    10    0.05                           _0471_ (net)
                  0.23    0.00   20.48 ^ _1916_/A (sky130_fd_sc_hd__clkbuf_4)
                  0.20    0.31   20.79 ^ _1916_/X (sky130_fd_sc_hd__clkbuf_4)
    10    0.06                           _0341_ (net)
                  0.20    0.00   20.79 ^ _1952_/C1 (sky130_fd_sc_hd__o211a_1)
                  0.04    0.17   20.96 ^ _1952_/X (sky130_fd_sc_hd__o211a_1)
     1    0.00                           _0129_ (net)
                  0.04    0.00   20.96 ^ _2153_/D (sky130_fd_sc_hd__dfxtp_1)
                                 20.96   data arrival time

                        100.00  100.00   clock i_clk (rise edge)
                          0.00  100.00   clock source latency
                  0.00    0.00  100.00 ^ i_clk (in)
     1    0.03                           i_clk (net)
                  0.00    0.00  100.00 ^ clkbuf_0_i_clk/A (sky130_fd_sc_hd__clkbuf_16)
                  0.14    0.19  100.19 ^ clkbuf_0_i_clk/X (sky130_fd_sc_hd__clkbuf_16)
    16    0.13                           clknet_0_i_clk (net)
                  0.14    0.00  100.19 ^ clkbuf_4_8_0_i_clk/A (sky130_fd_sc_hd__clkbuf_8)
                  0.07    0.18  100.37 ^ clkbuf_4_8_0_i_clk/X (sky130_fd_sc_hd__clkbuf_8)
    10    0.03                           clknet_4_8_0_i_clk (net)
                  0.07    0.00  100.38 ^ _2153_/CLK (sky130_fd_sc_hd__dfxtp_1)
                         -0.50   99.88   clock uncertainty
                          0.00   99.88   clock reconvergence pessimism
                         -0.05   99.83   library setup time
                                 99.83   data required time
-----------------------------------------------------------------------------
                                 99.83   data required time
                                -20.96   data arrival time
-----------------------------------------------------------------------------
                                 78.87   slack (MET)


Startpoint: i_rst_n (input port clocked by i_clk)
Endpoint: _2154_ (rising edge-triggered flip-flop clocked by i_clk)
Path Group: i_clk
Path Type: max

Fanout     Cap    Slew   Delay    Time   Description
-----------------------------------------------------------------------------
                          0.00    0.00   clock i_clk (rise edge)
                          0.00    0.00   clock network delay (propagated)
                         20.00   20.00 ^ input external delay
                  0.00    0.00   20.00 ^ i_rst_n (in)
     1    0.00                           i_rst_n (net)
                  0.00    0.00   20.00 ^ input2/A (sky130_fd_sc_hd__dlymetal6s2s_1)
                  0.21    0.19   20.19 ^ input2/X (sky130_fd_sc_hd__dlymetal6s2s_1)
     5    0.02                           net2 (net)
                  0.21    0.00   20.19 ^ _1080_/A (sky130_fd_sc_hd__buf_2)
                  0.23    0.29   20.47 ^ _1080_/X (sky130_fd_sc_hd__buf_2)
    10    0.05                           _0471_ (net)
                  0.23    0.00   20.48 ^ _1916_/A (sky130_fd_sc_hd__clkbuf_4)
                  0.20    0.31   20.79 ^ _1916_/X (sky130_fd_sc_hd__clkbuf_4)
    10    0.06                           _0341_ (net)
                  0.20    0.00   20.79 ^ _1956_/C1 (sky130_fd_sc_hd__o211a_1)
                  0.04    0.17   20.95 ^ _1956_/X (sky130_fd_sc_hd__o211a_1)
     1    0.00                           _0130_ (net)
                  0.04    0.00   20.95 ^ _2154_/D (sky130_fd_sc_hd__dfxtp_1)
                                 20.95   data arrival time

                        100.00  100.00   clock i_clk (rise edge)
                          0.00  100.00   clock source latency
                  0.00    0.00  100.00 ^ i_clk (in)
     1    0.03                           i_clk (net)
                  0.00    0.00  100.00 ^ clkbuf_0_i_clk/A (sky130_fd_sc_hd__clkbuf_16)
                  0.14    0.19  100.19 ^ clkbuf_0_i_clk/X (sky130_fd_sc_hd__clkbuf_16)
    16    0.13                           clknet_0_i_clk (net)
                  0.14    0.00  100.19 ^ clkbuf_4_8_0_i_clk/A (sky130_fd_sc_hd__clkbuf_8)
                  0.07    0.18  100.37 ^ clkbuf_4_8_0_i_clk/X (sky130_fd_sc_hd__clkbuf_8)
    10    0.03                           clknet_4_8_0_i_clk (net)
                  0.07    0.00  100.37 ^ _2154_/CLK (sky130_fd_sc_hd__dfxtp_1)
                         -0.50   99.87   clock uncertainty
                          0.00   99.87   clock reconvergence pessimism
                         -0.05   99.83   library setup time
                                 99.83   data required time
-----------------------------------------------------------------------------
                                 99.83   data required time
                                -20.95   data arrival time
-----------------------------------------------------------------------------
                                 78.87   slack (MET)


Startpoint: i_rst_n (input port clocked by i_clk)
Endpoint: _2157_ (rising edge-triggered flip-flop clocked by i_clk)
Path Group: i_clk
Path Type: max

Fanout     Cap    Slew   Delay    Time   Description
-----------------------------------------------------------------------------
                          0.00    0.00   clock i_clk (rise edge)
                          0.00    0.00   clock network delay (propagated)
                         20.00   20.00 ^ input external delay
                  0.00    0.00   20.00 ^ i_rst_n (in)
     1    0.00                           i_rst_n (net)
                  0.00    0.00   20.00 ^ input2/A (sky130_fd_sc_hd__dlymetal6s2s_1)
                  0.21    0.19   20.19 ^ input2/X (sky130_fd_sc_hd__dlymetal6s2s_1)
     5    0.02                           net2 (net)
                  0.21    0.00   20.19 ^ _1080_/A (sky130_fd_sc_hd__buf_2)
                  0.23    0.29   20.47 ^ _1080_/X (sky130_fd_sc_hd__buf_2)
    10    0.05                           _0471_ (net)
                  0.23    0.00   20.48 ^ _1960_/A (sky130_fd_sc_hd__clkbuf_4)
                  0.16    0.29   20.76 ^ _1960_/X (sky130_fd_sc_hd__clkbuf_4)
    10    0.05                           _0374_ (net)
                  0.16    0.00   20.77 ^ _1969_/C1 (sky130_fd_sc_hd__o211a_1)
                  0.04    0.16   20.93 ^ _1969_/X (sky130_fd_sc_hd__o211a_1)
     1    0.00                           _0133_ (net)
                  0.04    0.00   20.93 ^ _2157_/D (sky130_fd_sc_hd__dfxtp_1)
                                 20.93   data arrival time

                        100.00  100.00   clock i_clk (rise edge)
                          0.00  100.00   clock source latency
                  0.00    0.00  100.00 ^ i_clk (in)
     1    0.03                           i_clk (net)
                  0.00    0.00  100.00 ^ clkbuf_0_i_clk/A (sky130_fd_sc_hd__clkbuf_16)
                  0.14    0.19  100.19 ^ clkbuf_0_i_clk/X (sky130_fd_sc_hd__clkbuf_16)
    16    0.13                           clknet_0_i_clk (net)
                  0.14    0.00  100.19 ^ clkbuf_4_10_0_i_clk/A (sky130_fd_sc_hd__clkbuf_8)
                  0.06    0.17  100.36 ^ clkbuf_4_10_0_i_clk/X (sky130_fd_sc_hd__clkbuf_8)
     7    0.02                           clknet_4_10_0_i_clk (net)
                  0.06    0.00  100.37 ^ _2157_/CLK (sky130_fd_sc_hd__dfxtp_1)
                         -0.50   99.87   clock uncertainty
                          0.00   99.87   clock reconvergence pessimism
                         -0.05   99.82   library setup time
                                 99.82   data required time
-----------------------------------------------------------------------------
                                 99.82   data required time
                                -20.93   data arrival time
-----------------------------------------------------------------------------
                                 78.89   slack (MET)


Startpoint: i_rst_n (input port clocked by i_clk)
Endpoint: _2158_ (rising edge-triggered flip-flop clocked by i_clk)
Path Group: i_clk
Path Type: max

Fanout     Cap    Slew   Delay    Time   Description
-----------------------------------------------------------------------------
                          0.00    0.00   clock i_clk (rise edge)
                          0.00    0.00   clock network delay (propagated)
                         20.00   20.00 ^ input external delay
                  0.00    0.00   20.00 ^ i_rst_n (in)
     1    0.00                           i_rst_n (net)
                  0.00    0.00   20.00 ^ input2/A (sky130_fd_sc_hd__dlymetal6s2s_1)
                  0.21    0.19   20.19 ^ input2/X (sky130_fd_sc_hd__dlymetal6s2s_1)
     5    0.02                           net2 (net)
                  0.21    0.00   20.19 ^ _1080_/A (sky130_fd_sc_hd__buf_2)
                  0.23    0.29   20.47 ^ _1080_/X (sky130_fd_sc_hd__buf_2)
    10    0.05                           _0471_ (net)
                  0.23    0.00   20.48 ^ _1960_/A (sky130_fd_sc_hd__clkbuf_4)
                  0.16    0.29   20.76 ^ _1960_/X (sky130_fd_sc_hd__clkbuf_4)
    10    0.05                           _0374_ (net)
                  0.16    0.00   20.77 ^ _1973_/C1 (sky130_fd_sc_hd__o211a_1)
                  0.04    0.16   20.93 ^ _1973_/X (sky130_fd_sc_hd__o211a_1)
     1    0.00                           _0134_ (net)
                  0.04    0.00   20.93 ^ _2158_/D (sky130_fd_sc_hd__dfxtp_1)
                                 20.93   data arrival time

                        100.00  100.00   clock i_clk (rise edge)
                          0.00  100.00   clock source latency
                  0.00    0.00  100.00 ^ i_clk (in)
     1    0.03                           i_clk (net)
                  0.00    0.00  100.00 ^ clkbuf_0_i_clk/A (sky130_fd_sc_hd__clkbuf_16)
                  0.14    0.19  100.19 ^ clkbuf_0_i_clk/X (sky130_fd_sc_hd__clkbuf_16)
    16    0.13                           clknet_0_i_clk (net)
                  0.14    0.00  100.19 ^ clkbuf_4_8_0_i_clk/A (sky130_fd_sc_hd__clkbuf_8)
                  0.07    0.18  100.37 ^ clkbuf_4_8_0_i_clk/X (sky130_fd_sc_hd__clkbuf_8)
    10    0.03                           clknet_4_8_0_i_clk (net)
                  0.07    0.00  100.38 ^ _2158_/CLK (sky130_fd_sc_hd__dfxtp_1)
                         -0.50   99.88   clock uncertainty
                          0.00   99.88   clock reconvergence pessimism
                         -0.05   99.83   library setup time
                                 99.83   data required time
-----------------------------------------------------------------------------
                                 99.83   data required time
                                -20.93   data arrival time
-----------------------------------------------------------------------------
                                 78.90   slack (MET)


Startpoint: i_rst_n (input port clocked by i_clk)
Endpoint: _2160_ (rising edge-triggered flip-flop clocked by i_clk)
Path Group: i_clk
Path Type: max

Fanout     Cap    Slew   Delay    Time   Description
-----------------------------------------------------------------------------
                          0.00    0.00   clock i_clk (rise edge)
                          0.00    0.00   clock network delay (propagated)
                         20.00   20.00 ^ input external delay
                  0.00    0.00   20.00 ^ i_rst_n (in)
     1    0.00                           i_rst_n (net)
                  0.00    0.00   20.00 ^ input2/A (sky130_fd_sc_hd__dlymetal6s2s_1)
                  0.21    0.19   20.19 ^ input2/X (sky130_fd_sc_hd__dlymetal6s2s_1)
     5    0.02                           net2 (net)
                  0.21    0.00   20.19 ^ _1080_/A (sky130_fd_sc_hd__buf_2)
                  0.23    0.29   20.47 ^ _1080_/X (sky130_fd_sc_hd__buf_2)
    10    0.05                           _0471_ (net)
                  0.23    0.00   20.48 ^ _1960_/A (sky130_fd_sc_hd__clkbuf_4)
                  0.16    0.29   20.76 ^ _1960_/X (sky130_fd_sc_hd__clkbuf_4)
    10    0.05                           _0374_ (net)
                  0.16    0.00   20.77 ^ _1981_/C1 (sky130_fd_sc_hd__o211a_1)
                  0.04    0.16   20.93 ^ _1981_/X (sky130_fd_sc_hd__o211a_1)
     1    0.00                           _0136_ (net)
                  0.04    0.00   20.93 ^ _2160_/D (sky130_fd_sc_hd__dfxtp_1)
                                 20.93   data arrival time

                        100.00  100.00   clock i_clk (rise edge)
                          0.00  100.00   clock source latency
                  0.00    0.00  100.00 ^ i_clk (in)
     1    0.03                           i_clk (net)
                  0.00    0.00  100.00 ^ clkbuf_0_i_clk/A (sky130_fd_sc_hd__clkbuf_16)
                  0.14    0.19  100.19 ^ clkbuf_0_i_clk/X (sky130_fd_sc_hd__clkbuf_16)
    16    0.13                           clknet_0_i_clk (net)
                  0.14    0.01  100.19 ^ clkbuf_4_3_0_i_clk/A (sky130_fd_sc_hd__clkbuf_8)
                  0.08    0.19  100.38 ^ clkbuf_4_3_0_i_clk/X (sky130_fd_sc_hd__clkbuf_8)
    11    0.04                           clknet_4_3_0_i_clk (net)
                  0.08    0.00  100.38 ^ _2160_/CLK (sky130_fd_sc_hd__dfxtp_1)
                         -0.50   99.88   clock uncertainty
                          0.00   99.88   clock reconvergence pessimism
                         -0.05   99.83   library setup time
                                 99.83   data required time
-----------------------------------------------------------------------------
                                 99.83   data required time
                                -20.93   data arrival time
-----------------------------------------------------------------------------
                                 78.90   slack (MET)


Startpoint: i_rst_n (input port clocked by i_clk)
Endpoint: _2137_ (rising edge-triggered flip-flop clocked by i_clk)
Path Group: i_clk
Path Type: max

Fanout     Cap    Slew   Delay    Time   Description
-----------------------------------------------------------------------------
                          0.00    0.00   clock i_clk (rise edge)
                          0.00    0.00   clock network delay (propagated)
                         20.00   20.00 ^ input external delay
                  0.00    0.00   20.00 ^ i_rst_n (in)
     1    0.00                           i_rst_n (net)
                  0.00    0.00   20.00 ^ input2/A (sky130_fd_sc_hd__dlymetal6s2s_1)
                  0.21    0.19   20.19 ^ input2/X (sky130_fd_sc_hd__dlymetal6s2s_1)
     5    0.02                           net2 (net)
                  0.21    0.00   20.19 ^ _1080_/A (sky130_fd_sc_hd__buf_2)
                  0.23    0.29   20.47 ^ _1080_/X (sky130_fd_sc_hd__buf_2)
    10    0.05                           _0471_ (net)
                  0.23    0.00   20.47 ^ _1607_/A (sky130_fd_sc_hd__clkbuf_4)
                  0.15    0.28   20.75 ^ _1607_/X (sky130_fd_sc_hd__clkbuf_4)
    10    0.05                           _0957_ (net)
                  0.15    0.00   20.75 ^ _1901_/C1 (sky130_fd_sc_hd__o211a_1)
                  0.04    0.16   20.91 ^ _1901_/X (sky130_fd_sc_hd__o211a_1)
     1    0.00                           _0113_ (net)
                  0.04    0.00   20.91 ^ _2137_/D (sky130_fd_sc_hd__dfxtp_1)
                                 20.91   data arrival time

                        100.00  100.00   clock i_clk (rise edge)
                          0.00  100.00   clock source latency
                  0.00    0.00  100.00 ^ i_clk (in)
     1    0.03                           i_clk (net)
                  0.00    0.00  100.00 ^ clkbuf_0_i_clk/A (sky130_fd_sc_hd__clkbuf_16)
                  0.14    0.19  100.19 ^ clkbuf_0_i_clk/X (sky130_fd_sc_hd__clkbuf_16)
    16    0.13                           clknet_0_i_clk (net)
                  0.14    0.00  100.19 ^ clkbuf_4_4_0_i_clk/A (sky130_fd_sc_hd__clkbuf_8)
                  0.06    0.18  100.37 ^ clkbuf_4_4_0_i_clk/X (sky130_fd_sc_hd__clkbuf_8)
     8    0.03                           clknet_4_4_0_i_clk (net)
                  0.06    0.00  100.37 ^ _2137_/CLK (sky130_fd_sc_hd__dfxtp_1)
                         -0.50   99.87   clock uncertainty
                          0.00   99.87   clock reconvergence pessimism
                         -0.05   99.82   library setup time
                                 99.82   data required time
-----------------------------------------------------------------------------
                                 99.82   data required time
                                -20.91   data arrival time
-----------------------------------------------------------------------------
                                 78.91   slack (MET)


Startpoint: i_rst_n (input port clocked by i_clk)
Endpoint: _2136_ (rising edge-triggered flip-flop clocked by i_clk)
Path Group: i_clk
Path Type: max

Fanout     Cap    Slew   Delay    Time   Description
-----------------------------------------------------------------------------
                          0.00    0.00   clock i_clk (rise edge)
                          0.00    0.00   clock network delay (propagated)
                         20.00   20.00 ^ input external delay
                  0.00    0.00   20.00 ^ i_rst_n (in)
     1    0.00                           i_rst_n (net)
                  0.00    0.00   20.00 ^ input2/A (sky130_fd_sc_hd__dlymetal6s2s_1)
                  0.21    0.19   20.19 ^ input2/X (sky130_fd_sc_hd__dlymetal6s2s_1)
     5    0.02                           net2 (net)
                  0.21    0.00   20.19 ^ _1080_/A (sky130_fd_sc_hd__buf_2)
                  0.23    0.29   20.47 ^ _1080_/X (sky130_fd_sc_hd__buf_2)
    10    0.05                           _0471_ (net)
                  0.23    0.00   20.47 ^ _1607_/A (sky130_fd_sc_hd__clkbuf_4)
                  0.15    0.28   20.75 ^ _1607_/X (sky130_fd_sc_hd__clkbuf_4)
    10    0.05                           _0957_ (net)
                  0.15    0.00   20.75 ^ _1899_/C1 (sky130_fd_sc_hd__o211a_1)
                  0.04    0.16   20.91 ^ _1899_/X (sky130_fd_sc_hd__o211a_1)
     1    0.00                           _0112_ (net)
                  0.04    0.00   20.91 ^ _2136_/D (sky130_fd_sc_hd__dfxtp_1)
                                 20.91   data arrival time

                        100.00  100.00   clock i_clk (rise edge)
                          0.00  100.00   clock source latency
                  0.00    0.00  100.00 ^ i_clk (in)
     1    0.03                           i_clk (net)
                  0.00    0.00  100.00 ^ clkbuf_0_i_clk/A (sky130_fd_sc_hd__clkbuf_16)
                  0.14    0.19  100.19 ^ clkbuf_0_i_clk/X (sky130_fd_sc_hd__clkbuf_16)
    16    0.13                           clknet_0_i_clk (net)
                  0.14    0.00  100.19 ^ clkbuf_4_4_0_i_clk/A (sky130_fd_sc_hd__clkbuf_8)
                  0.06    0.18  100.37 ^ clkbuf_4_4_0_i_clk/X (sky130_fd_sc_hd__clkbuf_8)
     8    0.03                           clknet_4_4_0_i_clk (net)
                  0.06    0.00  100.37 ^ _2136_/CLK (sky130_fd_sc_hd__dfxtp_1)
                         -0.50   99.87   clock uncertainty
                          0.00   99.87   clock reconvergence pessimism
                         -0.05   99.82   library setup time
                                 99.82   data required time
-----------------------------------------------------------------------------
                                 99.82   data required time
                                -20.91   data arrival time
-----------------------------------------------------------------------------
                                 78.91   slack (MET)


Startpoint: i_rst_n (input port clocked by i_clk)
Endpoint: _2138_ (rising edge-triggered flip-flop clocked by i_clk)
Path Group: i_clk
Path Type: max

Fanout     Cap    Slew   Delay    Time   Description
-----------------------------------------------------------------------------
                          0.00    0.00   clock i_clk (rise edge)
                          0.00    0.00   clock network delay (propagated)
                         20.00   20.00 ^ input external delay
                  0.00    0.00   20.00 ^ i_rst_n (in)
     1    0.00                           i_rst_n (net)
                  0.00    0.00   20.00 ^ input2/A (sky130_fd_sc_hd__dlymetal6s2s_1)
                  0.21    0.19   20.19 ^ input2/X (sky130_fd_sc_hd__dlymetal6s2s_1)
     5    0.02                           net2 (net)
                  0.21    0.00   20.19 ^ _1080_/A (sky130_fd_sc_hd__buf_2)
                  0.23    0.29   20.47 ^ _1080_/X (sky130_fd_sc_hd__buf_2)
    10    0.05                           _0471_ (net)
                  0.23    0.00   20.47 ^ _1607_/A (sky130_fd_sc_hd__clkbuf_4)
                  0.15    0.28   20.75 ^ _1607_/X (sky130_fd_sc_hd__clkbuf_4)
    10    0.05                           _0957_ (net)
                  0.15    0.00   20.75 ^ _1903_/C1 (sky130_fd_sc_hd__o211a_1)
                  0.04    0.15   20.91 ^ _1903_/X (sky130_fd_sc_hd__o211a_1)
     1    0.00                           _0114_ (net)
                  0.04    0.00   20.91 ^ _2138_/D (sky130_fd_sc_hd__dfxtp_1)
                                 20.91   data arrival time

                        100.00  100.00   clock i_clk (rise edge)
                          0.00  100.00   clock source latency
                  0.00    0.00  100.00 ^ i_clk (in)
     1    0.03                           i_clk (net)
                  0.00    0.00  100.00 ^ clkbuf_0_i_clk/A (sky130_fd_sc_hd__clkbuf_16)
                  0.14    0.19  100.19 ^ clkbuf_0_i_clk/X (sky130_fd_sc_hd__clkbuf_16)
    16    0.13                           clknet_0_i_clk (net)
                  0.14    0.00  100.19 ^ clkbuf_4_4_0_i_clk/A (sky130_fd_sc_hd__clkbuf_8)
                  0.06    0.18  100.37 ^ clkbuf_4_4_0_i_clk/X (sky130_fd_sc_hd__clkbuf_8)
     8    0.03                           clknet_4_4_0_i_clk (net)
                  0.06    0.00  100.37 ^ _2138_/CLK (sky130_fd_sc_hd__dfxtp_1)
                         -0.50   99.87   clock uncertainty
                          0.00   99.87   clock reconvergence pessimism
                         -0.05   99.82   library setup time
                                 99.82   data required time
-----------------------------------------------------------------------------
                                 99.82   data required time
                                -20.91   data arrival time
-----------------------------------------------------------------------------
                                 78.91   slack (MET)


Startpoint: i_rst_n (input port clocked by i_clk)
Endpoint: _2140_ (rising edge-triggered flip-flop clocked by i_clk)
Path Group: i_clk
Path Type: max

Fanout     Cap    Slew   Delay    Time   Description
-----------------------------------------------------------------------------
                          0.00    0.00   clock i_clk (rise edge)
                          0.00    0.00   clock network delay (propagated)
                         20.00   20.00 ^ input external delay
                  0.00    0.00   20.00 ^ i_rst_n (in)
     1    0.00                           i_rst_n (net)
                  0.00    0.00   20.00 ^ input2/A (sky130_fd_sc_hd__dlymetal6s2s_1)
                  0.21    0.19   20.19 ^ input2/X (sky130_fd_sc_hd__dlymetal6s2s_1)
     5    0.02                           net2 (net)
                  0.21    0.00   20.19 ^ _1080_/A (sky130_fd_sc_hd__buf_2)
                  0.23    0.29   20.47 ^ _1080_/X (sky130_fd_sc_hd__buf_2)
    10    0.05                           _0471_ (net)
                  0.23    0.00   20.47 ^ _1607_/A (sky130_fd_sc_hd__clkbuf_4)
                  0.15    0.28   20.75 ^ _1607_/X (sky130_fd_sc_hd__clkbuf_4)
    10    0.05                           _0957_ (net)
                  0.15    0.00   20.75 ^ _1907_/C1 (sky130_fd_sc_hd__o211a_1)
                  0.04    0.16   20.91 ^ _1907_/X (sky130_fd_sc_hd__o211a_1)
     1    0.00                           _0116_ (net)
                  0.04    0.00   20.91 ^ _2140_/D (sky130_fd_sc_hd__dfxtp_1)
                                 20.91   data arrival time

                        100.00  100.00   clock i_clk (rise edge)
                          0.00  100.00   clock source latency
                  0.00    0.00  100.00 ^ i_clk (in)
     1    0.03                           i_clk (net)
                  0.00    0.00  100.00 ^ clkbuf_0_i_clk/A (sky130_fd_sc_hd__clkbuf_16)
                  0.14    0.19  100.19 ^ clkbuf_0_i_clk/X (sky130_fd_sc_hd__clkbuf_16)
    16    0.13                           clknet_0_i_clk (net)
                  0.14    0.00  100.19 ^ clkbuf_4_5_0_i_clk/A (sky130_fd_sc_hd__clkbuf_8)
                  0.08    0.19  100.38 ^ clkbuf_4_5_0_i_clk/X (sky130_fd_sc_hd__clkbuf_8)
    11    0.04                           clknet_4_5_0_i_clk (net)
                  0.08    0.00  100.38 ^ _2140_/CLK (sky130_fd_sc_hd__dfxtp_1)
                         -0.50   99.88   clock uncertainty
                          0.00   99.88   clock reconvergence pessimism
                         -0.05   99.83   library setup time
                                 99.83   data required time
-----------------------------------------------------------------------------
                                 99.83   data required time
                                -20.91   data arrival time
-----------------------------------------------------------------------------
                                 78.92   slack (MET)


Startpoint: i_rst_n (input port clocked by i_clk)
Endpoint: _2143_ (rising edge-triggered flip-flop clocked by i_clk)
Path Group: i_clk
Path Type: max

Fanout     Cap    Slew   Delay    Time   Description
-----------------------------------------------------------------------------
                          0.00    0.00   clock i_clk (rise edge)
                          0.00    0.00   clock network delay (propagated)
                         20.00   20.00 ^ input external delay
                  0.00    0.00   20.00 ^ i_rst_n (in)
     1    0.00                           i_rst_n (net)
                  0.00    0.00   20.00 ^ input2/A (sky130_fd_sc_hd__dlymetal6s2s_1)
                  0.21    0.19   20.19 ^ input2/X (sky130_fd_sc_hd__dlymetal6s2s_1)
     5    0.02                           net2 (net)
                  0.21    0.00   20.19 ^ _1080_/A (sky130_fd_sc_hd__buf_2)
                  0.23    0.29   20.47 ^ _1080_/X (sky130_fd_sc_hd__buf_2)
    10    0.05                           _0471_ (net)
                  0.23    0.00   20.47 ^ _1607_/A (sky130_fd_sc_hd__clkbuf_4)
                  0.15    0.28   20.75 ^ _1607_/X (sky130_fd_sc_hd__clkbuf_4)
    10    0.05                           _0957_ (net)
                  0.15    0.00   20.75 ^ _1914_/C1 (sky130_fd_sc_hd__o211a_1)
                  0.04    0.16   20.91 ^ _1914_/X (sky130_fd_sc_hd__o211a_1)
     1    0.00                           _0119_ (net)
                  0.04    0.00   20.91 ^ _2143_/D (sky130_fd_sc_hd__dfxtp_1)
                                 20.91   data arrival time

                        100.00  100.00   clock i_clk (rise edge)
                          0.00  100.00   clock source latency
                  0.00    0.00  100.00 ^ i_clk (in)
     1    0.03                           i_clk (net)
                  0.00    0.00  100.00 ^ clkbuf_0_i_clk/A (sky130_fd_sc_hd__clkbuf_16)
                  0.14    0.19  100.19 ^ clkbuf_0_i_clk/X (sky130_fd_sc_hd__clkbuf_16)
    16    0.13                           clknet_0_i_clk (net)
                  0.14    0.00  100.19 ^ clkbuf_4_5_0_i_clk/A (sky130_fd_sc_hd__clkbuf_8)
                  0.08    0.19  100.38 ^ clkbuf_4_5_0_i_clk/X (sky130_fd_sc_hd__clkbuf_8)
    11    0.04                           clknet_4_5_0_i_clk (net)
                  0.08    0.00  100.38 ^ _2143_/CLK (sky130_fd_sc_hd__dfxtp_1)
                         -0.50   99.88   clock uncertainty
                          0.00   99.88   clock reconvergence pessimism
                         -0.05   99.83   library setup time
                                 99.83   data required time
-----------------------------------------------------------------------------
                                 99.83   data required time
                                -20.91   data arrival time
-----------------------------------------------------------------------------
                                 78.92   slack (MET)


Startpoint: i_rst_n (input port clocked by i_clk)
Endpoint: _2051_ (rising edge-triggered flip-flop clocked by i_clk)
Path Group: i_clk
Path Type: max

Fanout     Cap    Slew   Delay    Time   Description
-----------------------------------------------------------------------------
                          0.00    0.00   clock i_clk (rise edge)
                          0.00    0.00   clock network delay (propagated)
                         20.00   20.00 ^ input external delay
                  0.00    0.00   20.00 ^ i_rst_n (in)
     1    0.00                           i_rst_n (net)
                  0.00    0.00   20.00 ^ input2/A (sky130_fd_sc_hd__dlymetal6s2s_1)
                  0.21    0.19   20.19 ^ input2/X (sky130_fd_sc_hd__dlymetal6s2s_1)
     5    0.02                           net2 (net)
                  0.21    0.00   20.19 ^ _1031_/B1_N (sky130_fd_sc_hd__a21boi_4)
                  0.20    0.28   20.47 ^ _1031_/Y (sky130_fd_sc_hd__a21boi_4)
     4    0.02                           _0434_ (net)
                  0.20    0.00   20.47 ^ _1032_/B_N (sky130_fd_sc_hd__or2b_1)
                  0.04    0.24   20.72 v _1032_/X (sky130_fd_sc_hd__or2b_1)
     1    0.00                           _0435_ (net)
                  0.04    0.00   20.72 v _1033_/A (sky130_fd_sc_hd__clkbuf_1)
                  0.03    0.09   20.80 v _1033_/X (sky130_fd_sc_hd__clkbuf_1)
     1    0.00                           _0007_ (net)
                  0.03    0.00   20.80 v _2051_/D (sky130_fd_sc_hd__dfxtp_1)
                                 20.80   data arrival time

                        100.00  100.00   clock i_clk (rise edge)
                          0.00  100.00   clock source latency
                  0.00    0.00  100.00 ^ i_clk (in)
     1    0.03                           i_clk (net)
                  0.00    0.00  100.00 ^ clkbuf_0_i_clk/A (sky130_fd_sc_hd__clkbuf_16)
                  0.14    0.19  100.19 ^ clkbuf_0_i_clk/X (sky130_fd_sc_hd__clkbuf_16)
    16    0.13                           clknet_0_i_clk (net)
                  0.14    0.00  100.19 ^ clkbuf_4_1_0_i_clk/A (sky130_fd_sc_hd__clkbuf_8)
                  0.08    0.19  100.38 ^ clkbuf_4_1_0_i_clk/X (sky130_fd_sc_hd__clkbuf_8)
    13    0.04                           clknet_4_1_0_i_clk (net)
                  0.08    0.00  100.39 ^ _2051_/CLK (sky130_fd_sc_hd__dfxtp_1)
                         -0.50   99.89   clock uncertainty
                          0.00   99.89   clock reconvergence pessimism
                         -0.10   99.79   library setup time
                                 99.79   data required time
-----------------------------------------------------------------------------
                                 99.79   data required time
                                -20.80   data arrival time
-----------------------------------------------------------------------------
                                 78.99   slack (MET)


Startpoint: i_rst_n (input port clocked by i_clk)
Endpoint: _2171_ (rising edge-triggered flip-flop clocked by i_clk)
Path Group: i_clk
Path Type: max

Fanout     Cap    Slew   Delay    Time   Description
-----------------------------------------------------------------------------
                          0.00    0.00   clock i_clk (rise edge)
                          0.00    0.00   clock network delay (propagated)
                         20.00   20.00 ^ input external delay
                  0.00    0.00   20.00 ^ i_rst_n (in)
     1    0.00                           i_rst_n (net)
                  0.00    0.00   20.00 ^ input2/A (sky130_fd_sc_hd__dlymetal6s2s_1)
                  0.21    0.19   20.19 ^ input2/X (sky130_fd_sc_hd__dlymetal6s2s_1)
     5    0.02                           net2 (net)
                  0.21    0.00   20.19 ^ _1012_/A (sky130_fd_sc_hd__buf_2)
                  0.18    0.26   20.44 ^ _1012_/X (sky130_fd_sc_hd__buf_2)
    10    0.04                           _0416_ (net)
                  0.18    0.00   20.44 ^ _2014_/B_N (sky130_fd_sc_hd__or2b_1)
                  0.05    0.25   20.69 v _2014_/X (sky130_fd_sc_hd__or2b_1)
     1    0.00                           _0412_ (net)
                  0.05    0.00   20.69 v _2015_/A (sky130_fd_sc_hd__clkbuf_1)
                  0.02    0.08   20.78 v _2015_/X (sky130_fd_sc_hd__clkbuf_1)
     1    0.00                           _0147_ (net)
                  0.02    0.00   20.78 v _2171_/D (sky130_fd_sc_hd__dfxtp_1)
                                 20.78   data arrival time

                        100.00  100.00   clock i_clk (rise edge)
                          0.00  100.00   clock source latency
                  0.00    0.00  100.00 ^ i_clk (in)
     1    0.03                           i_clk (net)
                  0.00    0.00  100.00 ^ clkbuf_0_i_clk/A (sky130_fd_sc_hd__clkbuf_16)
                  0.14    0.19  100.19 ^ clkbuf_0_i_clk/X (sky130_fd_sc_hd__clkbuf_16)
    16    0.13                           clknet_0_i_clk (net)
                  0.14    0.00  100.19 ^ clkbuf_4_1_0_i_clk/A (sky130_fd_sc_hd__clkbuf_8)
                  0.08    0.19  100.38 ^ clkbuf_4_1_0_i_clk/X (sky130_fd_sc_hd__clkbuf_8)
    13    0.04                           clknet_4_1_0_i_clk (net)
                  0.08    0.00  100.39 ^ _2171_/CLK (sky130_fd_sc_hd__dfxtp_1)
                         -0.50   99.89   clock uncertainty
                          0.00   99.89   clock reconvergence pessimism
                         -0.09   99.79   library setup time
                                 99.79   data required time
-----------------------------------------------------------------------------
                                 99.79   data required time
                                -20.78   data arrival time
-----------------------------------------------------------------------------
                                 79.02   slack (MET)


Startpoint: i_rst_n (input port clocked by i_clk)
Endpoint: _2170_ (rising edge-triggered flip-flop clocked by i_clk)
Path Group: i_clk
Path Type: max

Fanout     Cap    Slew   Delay    Time   Description
-----------------------------------------------------------------------------
                          0.00    0.00   clock i_clk (rise edge)
                          0.00    0.00   clock network delay (propagated)
                         20.00   20.00 ^ input external delay
                  0.00    0.00   20.00 ^ i_rst_n (in)
     1    0.00                           i_rst_n (net)
                  0.00    0.00   20.00 ^ input2/A (sky130_fd_sc_hd__dlymetal6s2s_1)
                  0.21    0.19   20.19 ^ input2/X (sky130_fd_sc_hd__dlymetal6s2s_1)
     5    0.02                           net2 (net)
                  0.21    0.00   20.19 ^ _1012_/A (sky130_fd_sc_hd__buf_2)
                  0.18    0.26   20.44 ^ _1012_/X (sky130_fd_sc_hd__buf_2)
    10    0.04                           _0416_ (net)
                  0.18    0.00   20.44 ^ _2012_/B_N (sky130_fd_sc_hd__or2b_1)
                  0.04    0.24   20.69 v _2012_/X (sky130_fd_sc_hd__or2b_1)
     1    0.00                           _0411_ (net)
                  0.04    0.00   20.69 v _2013_/A (sky130_fd_sc_hd__clkbuf_1)
                  0.02    0.08   20.77 v _2013_/X (sky130_fd_sc_hd__clkbuf_1)
     1    0.00                           _0146_ (net)
                  0.02    0.00   20.77 v _2170_/D (sky130_fd_sc_hd__dfxtp_1)
                                 20.77   data arrival time

                        100.00  100.00   clock i_clk (rise edge)
                          0.00  100.00   clock source latency
                  0.00    0.00  100.00 ^ i_clk (in)
     1    0.03                           i_clk (net)
                  0.00    0.00  100.00 ^ clkbuf_0_i_clk/A (sky130_fd_sc_hd__clkbuf_16)
                  0.14    0.19  100.19 ^ clkbuf_0_i_clk/X (sky130_fd_sc_hd__clkbuf_16)
    16    0.13                           clknet_0_i_clk (net)
                  0.14    0.00  100.19 ^ clkbuf_4_1_0_i_clk/A (sky130_fd_sc_hd__clkbuf_8)
                  0.08    0.19  100.38 ^ clkbuf_4_1_0_i_clk/X (sky130_fd_sc_hd__clkbuf_8)
    13    0.04                           clknet_4_1_0_i_clk (net)
                  0.08    0.00  100.39 ^ _2170_/CLK (sky130_fd_sc_hd__dfxtp_1)
                         -0.50   99.89   clock uncertainty
                          0.00   99.89   clock reconvergence pessimism
                         -0.09   99.79   library setup time
                                 99.79   data required time
-----------------------------------------------------------------------------
                                 99.79   data required time
                                -20.77   data arrival time
-----------------------------------------------------------------------------
                                 79.02   slack (MET)


Startpoint: i_rst_n (input port clocked by i_clk)
Endpoint: _2052_ (rising edge-triggered flip-flop clocked by i_clk)
Path Group: i_clk
Path Type: max

Fanout     Cap    Slew   Delay    Time   Description
-----------------------------------------------------------------------------
                          0.00    0.00   clock i_clk (rise edge)
                          0.00    0.00   clock network delay (propagated)
                         20.00   20.00 ^ input external delay
                  0.00    0.00   20.00 ^ i_rst_n (in)
     1    0.00                           i_rst_n (net)
                  0.00    0.00   20.00 ^ input2/A (sky130_fd_sc_hd__dlymetal6s2s_1)
                  0.21    0.19   20.19 ^ input2/X (sky130_fd_sc_hd__dlymetal6s2s_1)
     5    0.02                           net2 (net)
                  0.21    0.00   20.19 ^ _1080_/A (sky130_fd_sc_hd__buf_2)
                  0.23    0.29   20.47 ^ _1080_/X (sky130_fd_sc_hd__buf_2)
    10    0.05                           _0471_ (net)
                  0.23    0.00   20.48 ^ _1081_/B (sky130_fd_sc_hd__and3_1)
                  0.06    0.20   20.67 ^ _1081_/X (sky130_fd_sc_hd__and3_1)
     1    0.00                           _0472_ (net)
                  0.06    0.00   20.67 ^ _1082_/A (sky130_fd_sc_hd__clkbuf_1)
                  0.04    0.08   20.75 ^ _1082_/X (sky130_fd_sc_hd__clkbuf_1)
     1    0.00                           _0006_ (net)
                  0.04    0.00   20.75 ^ _2052_/D (sky130_fd_sc_hd__dfxtp_1)
                                 20.75   data arrival time

                        100.00  100.00   clock i_clk (rise edge)
                          0.00  100.00   clock source latency
                  0.00    0.00  100.00 ^ i_clk (in)
     1    0.03                           i_clk (net)
                  0.00    0.00  100.00 ^ clkbuf_0_i_clk/A (sky130_fd_sc_hd__clkbuf_16)
                  0.14    0.19  100.19 ^ clkbuf_0_i_clk/X (sky130_fd_sc_hd__clkbuf_16)
    16    0.13                           clknet_0_i_clk (net)
                  0.14    0.00  100.19 ^ clkbuf_4_1_0_i_clk/A (sky130_fd_sc_hd__clkbuf_8)
                  0.08    0.19  100.38 ^ clkbuf_4_1_0_i_clk/X (sky130_fd_sc_hd__clkbuf_8)
    13    0.04                           clknet_4_1_0_i_clk (net)
                  0.08    0.00  100.39 ^ _2052_/CLK (sky130_fd_sc_hd__dfxtp_1)
                         -0.50   99.89   clock uncertainty
                          0.00   99.89   clock reconvergence pessimism
                         -0.05   99.84   library setup time
                                 99.84   data required time
-----------------------------------------------------------------------------
                                 99.84   data required time
                                -20.75   data arrival time
-----------------------------------------------------------------------------
                                 79.09   slack (MET)


Startpoint: i_rst_n (input port clocked by i_clk)
Endpoint: _2169_ (rising edge-triggered flip-flop clocked by i_clk)
Path Group: i_clk
Path Type: max

Fanout     Cap    Slew   Delay    Time   Description
-----------------------------------------------------------------------------
                          0.00    0.00   clock i_clk (rise edge)
                          0.00    0.00   clock network delay (propagated)
                         20.00   20.00 ^ input external delay
                  0.00    0.00   20.00 ^ i_rst_n (in)
     1    0.00                           i_rst_n (net)
                  0.00    0.00   20.00 ^ input2/A (sky130_fd_sc_hd__dlymetal6s2s_1)
                  0.21    0.19   20.19 ^ input2/X (sky130_fd_sc_hd__dlymetal6s2s_1)
     5    0.02                           net2 (net)
                  0.21    0.00   20.19 ^ _1080_/A (sky130_fd_sc_hd__buf_2)
                  0.23    0.29   20.47 ^ _1080_/X (sky130_fd_sc_hd__buf_2)
    10    0.05                           _0471_ (net)
                  0.23    0.00   20.48 ^ _2010_/A (sky130_fd_sc_hd__and2_1)
                  0.05    0.16   20.64 ^ _2010_/X (sky130_fd_sc_hd__and2_1)
     1    0.00                           _0410_ (net)
                  0.05    0.00   20.64 ^ _2011_/A (sky130_fd_sc_hd__clkbuf_1)
                  0.04    0.08   20.72 ^ _2011_/X (sky130_fd_sc_hd__clkbuf_1)
     1    0.00                           _0145_ (net)
                  0.04    0.00   20.72 ^ _2169_/D (sky130_fd_sc_hd__dfxtp_1)
                                 20.72   data arrival time

                        100.00  100.00   clock i_clk (rise edge)
                          0.00  100.00   clock source latency
                  0.00    0.00  100.00 ^ i_clk (in)
     1    0.03                           i_clk (net)
                  0.00    0.00  100.00 ^ clkbuf_0_i_clk/A (sky130_fd_sc_hd__clkbuf_16)
                  0.14    0.19  100.19 ^ clkbuf_0_i_clk/X (sky130_fd_sc_hd__clkbuf_16)
    16    0.13                           clknet_0_i_clk (net)
                  0.14    0.00  100.19 ^ clkbuf_4_0_0_i_clk/A (sky130_fd_sc_hd__clkbuf_8)
                  0.07    0.18  100.38 ^ clkbuf_4_0_0_i_clk/X (sky130_fd_sc_hd__clkbuf_8)
    11    0.03                           clknet_4_0_0_i_clk (net)
                  0.07    0.00  100.38 ^ _2169_/CLK (sky130_fd_sc_hd__dfxtp_1)
                         -0.50   99.88   clock uncertainty
                          0.00   99.88   clock reconvergence pessimism
                         -0.05   99.83   library setup time
                                 99.83   data required time
-----------------------------------------------------------------------------
                                 99.83   data required time
                                -20.72   data arrival time
-----------------------------------------------------------------------------
                                 79.11   slack (MET)


Startpoint: i_rst_n (input port clocked by i_clk)
Endpoint: _2168_ (rising edge-triggered flip-flop clocked by i_clk)
Path Group: i_clk
Path Type: max

Fanout     Cap    Slew   Delay    Time   Description
-----------------------------------------------------------------------------
                          0.00    0.00   clock i_clk (rise edge)
                          0.00    0.00   clock network delay (propagated)
                         20.00   20.00 ^ input external delay
                  0.00    0.00   20.00 ^ i_rst_n (in)
     1    0.00                           i_rst_n (net)
                  0.00    0.00   20.00 ^ input2/A (sky130_fd_sc_hd__dlymetal6s2s_1)
                  0.21    0.19   20.19 ^ input2/X (sky130_fd_sc_hd__dlymetal6s2s_1)
     5    0.02                           net2 (net)
                  0.21    0.00   20.19 ^ _1080_/A (sky130_fd_sc_hd__buf_2)
                  0.23    0.29   20.47 ^ _1080_/X (sky130_fd_sc_hd__buf_2)
    10    0.05                           _0471_ (net)
                  0.23    0.00   20.48 ^ _2008_/A (sky130_fd_sc_hd__and2_1)
                  0.05    0.16   20.64 ^ _2008_/X (sky130_fd_sc_hd__and2_1)
     1    0.00                           _0409_ (net)
                  0.05    0.00   20.64 ^ _2009_/A (sky130_fd_sc_hd__clkbuf_1)
                  0.04    0.08   20.72 ^ _2009_/X (sky130_fd_sc_hd__clkbuf_1)
     1    0.00                           _0144_ (net)
                  0.04    0.00   20.72 ^ _2168_/D (sky130_fd_sc_hd__dfxtp_1)
                                 20.72   data arrival time

                        100.00  100.00   clock i_clk (rise edge)
                          0.00  100.00   clock source latency
                  0.00    0.00  100.00 ^ i_clk (in)
     1    0.03                           i_clk (net)
                  0.00    0.00  100.00 ^ clkbuf_0_i_clk/A (sky130_fd_sc_hd__clkbuf_16)
                  0.14    0.19  100.19 ^ clkbuf_0_i_clk/X (sky130_fd_sc_hd__clkbuf_16)
    16    0.13                           clknet_0_i_clk (net)
                  0.14    0.00  100.19 ^ clkbuf_4_0_0_i_clk/A (sky130_fd_sc_hd__clkbuf_8)
                  0.07    0.18  100.38 ^ clkbuf_4_0_0_i_clk/X (sky130_fd_sc_hd__clkbuf_8)
    11    0.03                           clknet_4_0_0_i_clk (net)
                  0.07    0.00  100.38 ^ _2168_/CLK (sky130_fd_sc_hd__dfxtp_1)
                         -0.50   99.88   clock uncertainty
                          0.00   99.88   clock reconvergence pessimism
                         -0.05   99.83   library setup time
                                 99.83   data required time
-----------------------------------------------------------------------------
                                 99.83   data required time
                                -20.72   data arrival time
-----------------------------------------------------------------------------
                                 79.11   slack (MET)


Startpoint: i_rst_n (input port clocked by i_clk)
Endpoint: _2167_ (rising edge-triggered flip-flop clocked by i_clk)
Path Group: i_clk
Path Type: max

Fanout     Cap    Slew   Delay    Time   Description
-----------------------------------------------------------------------------
                          0.00    0.00   clock i_clk (rise edge)
                          0.00    0.00   clock network delay (propagated)
                         20.00   20.00 ^ input external delay
                  0.00    0.00   20.00 ^ i_rst_n (in)
     1    0.00                           i_rst_n (net)
                  0.00    0.00   20.00 ^ input2/A (sky130_fd_sc_hd__dlymetal6s2s_1)
                  0.21    0.19   20.19 ^ input2/X (sky130_fd_sc_hd__dlymetal6s2s_1)
     5    0.02                           net2 (net)
                  0.21    0.00   20.19 ^ _1080_/A (sky130_fd_sc_hd__buf_2)
                  0.23    0.29   20.47 ^ _1080_/X (sky130_fd_sc_hd__buf_2)
    10    0.05                           _0471_ (net)
                  0.23    0.00   20.48 ^ _2006_/A (sky130_fd_sc_hd__and2_1)
                  0.05    0.16   20.64 ^ _2006_/X (sky130_fd_sc_hd__and2_1)
     1    0.00                           _0408_ (net)
                  0.05    0.00   20.64 ^ _2007_/A (sky130_fd_sc_hd__clkbuf_1)
                  0.04    0.08   20.72 ^ _2007_/X (sky130_fd_sc_hd__clkbuf_1)
     1    0.00                           _0143_ (net)
                  0.04    0.00   20.72 ^ _2167_/D (sky130_fd_sc_hd__dfxtp_1)
                                 20.72   data arrival time

                        100.00  100.00   clock i_clk (rise edge)
                          0.00  100.00   clock source latency
                  0.00    0.00  100.00 ^ i_clk (in)
     1    0.03                           i_clk (net)
                  0.00    0.00  100.00 ^ clkbuf_0_i_clk/A (sky130_fd_sc_hd__clkbuf_16)
                  0.14    0.19  100.19 ^ clkbuf_0_i_clk/X (sky130_fd_sc_hd__clkbuf_16)
    16    0.13                           clknet_0_i_clk (net)
                  0.14    0.00  100.19 ^ clkbuf_4_0_0_i_clk/A (sky130_fd_sc_hd__clkbuf_8)
                  0.07    0.18  100.38 ^ clkbuf_4_0_0_i_clk/X (sky130_fd_sc_hd__clkbuf_8)
    11    0.03                           clknet_4_0_0_i_clk (net)
                  0.07    0.00  100.38 ^ _2167_/CLK (sky130_fd_sc_hd__dfxtp_1)
                         -0.50   99.88   clock uncertainty
                          0.00   99.88   clock reconvergence pessimism
                         -0.05   99.83   library setup time
                                 99.83   data required time
-----------------------------------------------------------------------------
                                 99.83   data required time
                                -20.72   data arrival time
-----------------------------------------------------------------------------
                                 79.11   slack (MET)


Startpoint: i_rst_n (input port clocked by i_clk)
Endpoint: _2151_ (rising edge-triggered flip-flop clocked by i_clk)
Path Group: i_clk
Path Type: max

Fanout     Cap    Slew   Delay    Time   Description
-----------------------------------------------------------------------------
                          0.00    0.00   clock i_clk (rise edge)
                          0.00    0.00   clock network delay (propagated)
                         20.00   20.00 ^ input external delay
                  0.00    0.00   20.00 ^ i_rst_n (in)
     1    0.00                           i_rst_n (net)
                  0.00    0.00   20.00 ^ input2/A (sky130_fd_sc_hd__dlymetal6s2s_1)
                  0.21    0.19   20.19 ^ input2/X (sky130_fd_sc_hd__dlymetal6s2s_1)
     5    0.02                           net2 (net)
                  0.21    0.00   20.19 ^ _1012_/A (sky130_fd_sc_hd__buf_2)
                  0.18    0.26   20.44 ^ _1012_/X (sky130_fd_sc_hd__buf_2)
    10    0.04                           _0416_ (net)
                  0.18    0.00   20.45 ^ _1938_/A (sky130_fd_sc_hd__and2_1)
                  0.06    0.16   20.61 ^ _1938_/X (sky130_fd_sc_hd__and2_1)
     1    0.00                           _0356_ (net)
                  0.06    0.00   20.61 ^ _1939_/A (sky130_fd_sc_hd__clkbuf_1)
                  0.05    0.09   20.69 ^ _1939_/X (sky130_fd_sc_hd__clkbuf_1)
     1    0.00                           _0127_ (net)
                  0.05    0.00   20.69 ^ _2151_/D (sky130_fd_sc_hd__dfxtp_1)
                                 20.69   data arrival time

                        100.00  100.00   clock i_clk (rise edge)
                          0.00  100.00   clock source latency
                  0.00    0.00  100.00 ^ i_clk (in)
     1    0.03                           i_clk (net)
                  0.00    0.00  100.00 ^ clkbuf_0_i_clk/A (sky130_fd_sc_hd__clkbuf_16)
                  0.14    0.19  100.19 ^ clkbuf_0_i_clk/X (sky130_fd_sc_hd__clkbuf_16)
    16    0.13                           clknet_0_i_clk (net)
                  0.14    0.01  100.19 ^ clkbuf_4_3_0_i_clk/A (sky130_fd_sc_hd__clkbuf_8)
                  0.08    0.19  100.38 ^ clkbuf_4_3_0_i_clk/X (sky130_fd_sc_hd__clkbuf_8)
    11    0.04                           clknet_4_3_0_i_clk (net)
                  0.08    0.00  100.38 ^ _2151_/CLK (sky130_fd_sc_hd__dfxtp_1)
                         -0.50   99.88   clock uncertainty
                          0.00   99.88   clock reconvergence pessimism
                         -0.05   99.83   library setup time
                                 99.83   data required time
-----------------------------------------------------------------------------
                                 99.83   data required time
                                -20.69   data arrival time
-----------------------------------------------------------------------------
                                 79.14   slack (MET)


Startpoint: i_rst_n (input port clocked by i_clk)
Endpoint: _2054_ (rising edge-triggered flip-flop clocked by i_clk)
Path Group: i_clk
Path Type: max

Fanout     Cap    Slew   Delay    Time   Description
-----------------------------------------------------------------------------
                          0.00    0.00   clock i_clk (rise edge)
                          0.00    0.00   clock network delay (propagated)
                         20.00   20.00 ^ input external delay
                  0.00    0.00   20.00 ^ i_rst_n (in)
     1    0.00                           i_rst_n (net)
                  0.00    0.00   20.00 ^ input2/A (sky130_fd_sc_hd__dlymetal6s2s_1)
                  0.21    0.19   20.19 ^ input2/X (sky130_fd_sc_hd__dlymetal6s2s_1)
     5    0.02                           net2 (net)
                  0.21    0.00   20.19 ^ _1012_/A (sky130_fd_sc_hd__buf_2)
                  0.18    0.26   20.44 ^ _1012_/X (sky130_fd_sc_hd__buf_2)
    10    0.04                           _0416_ (net)
                  0.18    0.00   20.45 ^ _1564_/A (sky130_fd_sc_hd__and2_1)
                  0.05    0.15   20.60 ^ _1564_/X (sky130_fd_sc_hd__and2_1)
     1    0.00                           _0927_ (net)
                  0.05    0.00   20.60 ^ _1565_/A (sky130_fd_sc_hd__clkbuf_1)
                  0.05    0.09   20.69 ^ _1565_/X (sky130_fd_sc_hd__clkbuf_1)
     1    0.00                           _0036_ (net)
                  0.05    0.00   20.69 ^ _2054_/D (sky130_fd_sc_hd__dfxtp_1)
                                 20.69   data arrival time

                        100.00  100.00   clock i_clk (rise edge)
                          0.00  100.00   clock source latency
                  0.00    0.00  100.00 ^ i_clk (in)
     1    0.03                           i_clk (net)
                  0.00    0.00  100.00 ^ clkbuf_0_i_clk/A (sky130_fd_sc_hd__clkbuf_16)
                  0.14    0.19  100.19 ^ clkbuf_0_i_clk/X (sky130_fd_sc_hd__clkbuf_16)
    16    0.13                           clknet_0_i_clk (net)
                  0.14    0.00  100.19 ^ clkbuf_4_0_0_i_clk/A (sky130_fd_sc_hd__clkbuf_8)
                  0.07    0.18  100.38 ^ clkbuf_4_0_0_i_clk/X (sky130_fd_sc_hd__clkbuf_8)
    11    0.03                           clknet_4_0_0_i_clk (net)
                  0.07    0.00  100.38 ^ _2054_/CLK (sky130_fd_sc_hd__dfxtp_1)
                         -0.50   99.88   clock uncertainty
                          0.00   99.88   clock reconvergence pessimism
                         -0.05   99.83   library setup time
                                 99.83   data required time
-----------------------------------------------------------------------------
                                 99.83   data required time
                                -20.69   data arrival time
-----------------------------------------------------------------------------
                                 79.14   slack (MET)


Startpoint: i_rst_n (input port clocked by i_clk)
Endpoint: _2055_ (rising edge-triggered flip-flop clocked by i_clk)
Path Group: i_clk
Path Type: max

Fanout     Cap    Slew   Delay    Time   Description
-----------------------------------------------------------------------------
                          0.00    0.00   clock i_clk (rise edge)
                          0.00    0.00   clock network delay (propagated)
                         20.00   20.00 ^ input external delay
                  0.00    0.00   20.00 ^ i_rst_n (in)
     1    0.00                           i_rst_n (net)
                  0.00    0.00   20.00 ^ input2/A (sky130_fd_sc_hd__dlymetal6s2s_1)
                  0.21    0.19   20.19 ^ input2/X (sky130_fd_sc_hd__dlymetal6s2s_1)
     5    0.02                           net2 (net)
                  0.21    0.00   20.19 ^ _1012_/A (sky130_fd_sc_hd__buf_2)
                  0.18    0.26   20.44 ^ _1012_/X (sky130_fd_sc_hd__buf_2)
    10    0.04                           _0416_ (net)
                  0.18    0.00   20.44 ^ _1566_/A (sky130_fd_sc_hd__and2_1)
                  0.06    0.16   20.61 ^ _1566_/X (sky130_fd_sc_hd__and2_1)
     1    0.00                           _0928_ (net)
                  0.06    0.00   20.61 ^ _1567_/A (sky130_fd_sc_hd__clkbuf_1)
                  0.04    0.08   20.69 ^ _1567_/X (sky130_fd_sc_hd__clkbuf_1)
     1    0.00                           _0037_ (net)
                  0.04    0.00   20.69 ^ _2055_/D (sky130_fd_sc_hd__dfxtp_1)
                                 20.69   data arrival time

                        100.00  100.00   clock i_clk (rise edge)
                          0.00  100.00   clock source latency
                  0.00    0.00  100.00 ^ i_clk (in)
     1    0.03                           i_clk (net)
                  0.00    0.00  100.00 ^ clkbuf_0_i_clk/A (sky130_fd_sc_hd__clkbuf_16)
                  0.14    0.19  100.19 ^ clkbuf_0_i_clk/X (sky130_fd_sc_hd__clkbuf_16)
    16    0.13                           clknet_0_i_clk (net)
                  0.14    0.00  100.19 ^ clkbuf_4_1_0_i_clk/A (sky130_fd_sc_hd__clkbuf_8)
                  0.08    0.19  100.38 ^ clkbuf_4_1_0_i_clk/X (sky130_fd_sc_hd__clkbuf_8)
    13    0.04                           clknet_4_1_0_i_clk (net)
                  0.08    0.00  100.39 ^ _2055_/CLK (sky130_fd_sc_hd__dfxtp_1)
                         -0.50   99.89   clock uncertainty
                          0.00   99.89   clock reconvergence pessimism
                         -0.05   99.84   library setup time
                                 99.84   data required time
-----------------------------------------------------------------------------
                                 99.84   data required time
                                -20.69   data arrival time
-----------------------------------------------------------------------------
                                 79.15   slack (MET)


Startpoint: i_rst_n (input port clocked by i_clk)
Endpoint: _2094_ (rising edge-triggered flip-flop clocked by i_clk)
Path Group: i_clk
Path Type: max

Fanout     Cap    Slew   Delay    Time   Description
-----------------------------------------------------------------------------
                          0.00    0.00   clock i_clk (rise edge)
                          0.00    0.00   clock network delay (propagated)
                         20.00   20.00 ^ input external delay
                  0.00    0.00   20.00 ^ i_rst_n (in)
     1    0.00                           i_rst_n (net)
                  0.00    0.00   20.00 ^ input2/A (sky130_fd_sc_hd__dlymetal6s2s_1)
                  0.21    0.19   20.19 ^ input2/X (sky130_fd_sc_hd__dlymetal6s2s_1)
     5    0.02                           net2 (net)
                  0.21    0.00   20.19 ^ _1012_/A (sky130_fd_sc_hd__buf_2)
                  0.18    0.26   20.44 ^ _1012_/X (sky130_fd_sc_hd__buf_2)
    10    0.04                           _0416_ (net)
                  0.18    0.00   20.45 ^ _1648_/A (sky130_fd_sc_hd__and2_1)
                  0.05    0.16   20.60 ^ _1648_/X (sky130_fd_sc_hd__and2_1)
     1    0.00                           _0982_ (net)
                  0.05    0.00   20.60 ^ _1649_/A (sky130_fd_sc_hd__clkbuf_1)
                  0.04    0.08   20.68 ^ _1649_/X (sky130_fd_sc_hd__clkbuf_1)
     1    0.00                           _0070_ (net)
                  0.04    0.00   20.68 ^ _2094_/D (sky130_fd_sc_hd__dfxtp_1)
                                 20.68   data arrival time

                        100.00  100.00   clock i_clk (rise edge)
                          0.00  100.00   clock source latency
                  0.00    0.00  100.00 ^ i_clk (in)
     1    0.03                           i_clk (net)
                  0.00    0.00  100.00 ^ clkbuf_0_i_clk/A (sky130_fd_sc_hd__clkbuf_16)
                  0.14    0.19  100.19 ^ clkbuf_0_i_clk/X (sky130_fd_sc_hd__clkbuf_16)
    16    0.13                           clknet_0_i_clk (net)
                  0.14    0.00  100.19 ^ clkbuf_4_0_0_i_clk/A (sky130_fd_sc_hd__clkbuf_8)
                  0.07    0.18  100.38 ^ clkbuf_4_0_0_i_clk/X (sky130_fd_sc_hd__clkbuf_8)
    11    0.03                           clknet_4_0_0_i_clk (net)
                  0.07    0.00  100.38 ^ _2094_/CLK (sky130_fd_sc_hd__dfxtp_1)
                         -0.50   99.88   clock uncertainty
                          0.00   99.88   clock reconvergence pessimism
                         -0.05   99.83   library setup time
                                 99.83   data required time
-----------------------------------------------------------------------------
                                 99.83   data required time
                                -20.68   data arrival time
-----------------------------------------------------------------------------
                                 79.15   slack (MET)


Startpoint: i_rst_n (input port clocked by i_clk)
Endpoint: _2110_ (rising edge-triggered flip-flop clocked by i_clk)
Path Group: i_clk
Path Type: max

Fanout     Cap    Slew   Delay    Time   Description
-----------------------------------------------------------------------------
                          0.00    0.00   clock i_clk (rise edge)
                          0.00    0.00   clock network delay (propagated)
                         20.00   20.00 ^ input external delay
                  0.00    0.00   20.00 ^ i_rst_n (in)
     1    0.00                           i_rst_n (net)
                  0.00    0.00   20.00 ^ input2/A (sky130_fd_sc_hd__dlymetal6s2s_1)
                  0.21    0.19   20.19 ^ input2/X (sky130_fd_sc_hd__dlymetal6s2s_1)
     5    0.02                           net2 (net)
                  0.21    0.00   20.19 ^ _1012_/A (sky130_fd_sc_hd__buf_2)
                  0.18    0.26   20.44 ^ _1012_/X (sky130_fd_sc_hd__buf_2)
    10    0.04                           _0416_ (net)
                  0.18    0.00   20.45 ^ _1688_/A (sky130_fd_sc_hd__and2_1)
                  0.05    0.15   20.60 ^ _1688_/X (sky130_fd_sc_hd__and2_1)
     1    0.00                           _1006_ (net)
                  0.05    0.00   20.60 ^ _1689_/A (sky130_fd_sc_hd__clkbuf_1)
                  0.04    0.08   20.67 ^ _1689_/X (sky130_fd_sc_hd__clkbuf_1)
     1    0.00                           _0086_ (net)
                  0.04    0.00   20.67 ^ _2110_/D (sky130_fd_sc_hd__dfxtp_1)
                                 20.67   data arrival time

                        100.00  100.00   clock i_clk (rise edge)
                          0.00  100.00   clock source latency
                  0.00    0.00  100.00 ^ i_clk (in)
     1    0.03                           i_clk (net)
                  0.00    0.00  100.00 ^ clkbuf_0_i_clk/A (sky130_fd_sc_hd__clkbuf_16)
                  0.14    0.19  100.19 ^ clkbuf_0_i_clk/X (sky130_fd_sc_hd__clkbuf_16)
    16    0.13                           clknet_0_i_clk (net)
                  0.14    0.00  100.19 ^ clkbuf_4_0_0_i_clk/A (sky130_fd_sc_hd__clkbuf_8)
                  0.07    0.18  100.38 ^ clkbuf_4_0_0_i_clk/X (sky130_fd_sc_hd__clkbuf_8)
    11    0.03                           clknet_4_0_0_i_clk (net)
                  0.07    0.00  100.38 ^ _2110_/CLK (sky130_fd_sc_hd__dfxtp_1)
                         -0.50   99.88   clock uncertainty
                          0.00   99.88   clock reconvergence pessimism
                         -0.05   99.83   library setup time
                                 99.83   data required time
-----------------------------------------------------------------------------
                                 99.83   data required time
                                -20.67   data arrival time
-----------------------------------------------------------------------------
                                 79.16   slack (MET)


Startpoint: i_rst_n (input port clocked by i_clk)
Endpoint: _2053_ (rising edge-triggered flip-flop clocked by i_clk)
Path Group: i_clk
Path Type: max

Fanout     Cap    Slew   Delay    Time   Description
-----------------------------------------------------------------------------
                          0.00    0.00   clock i_clk (rise edge)
                          0.00    0.00   clock network delay (propagated)
                         20.00   20.00 ^ input external delay
                  0.00    0.00   20.00 ^ i_rst_n (in)
     1    0.00                           i_rst_n (net)
                  0.00    0.00   20.00 ^ input2/A (sky130_fd_sc_hd__dlymetal6s2s_1)
                  0.21    0.19   20.19 ^ input2/X (sky130_fd_sc_hd__dlymetal6s2s_1)
     5    0.02                           net2 (net)
                  0.21    0.00   20.19 ^ _1012_/A (sky130_fd_sc_hd__buf_2)
                  0.18    0.26   20.44 ^ _1012_/X (sky130_fd_sc_hd__buf_2)
    10    0.04                           _0416_ (net)
                  0.18    0.00   20.44 ^ _1027_/A (sky130_fd_sc_hd__and2_1)
                  0.05    0.15   20.60 ^ _1027_/X (sky130_fd_sc_hd__and2_1)
     1    0.00                           _0431_ (net)
                  0.05    0.00   20.60 ^ _1028_/A (sky130_fd_sc_hd__clkbuf_1)
                  0.04    0.08   20.68 ^ _1028_/X (sky130_fd_sc_hd__clkbuf_1)
     1    0.00                           _0008_ (net)
                  0.04    0.00   20.68 ^ _2053_/D (sky130_fd_sc_hd__dfxtp_1)
                                 20.68   data arrival time

                        100.00  100.00   clock i_clk (rise edge)
                          0.00  100.00   clock source latency
                  0.00    0.00  100.00 ^ i_clk (in)
     1    0.03                           i_clk (net)
                  0.00    0.00  100.00 ^ clkbuf_0_i_clk/A (sky130_fd_sc_hd__clkbuf_16)
                  0.14    0.19  100.19 ^ clkbuf_0_i_clk/X (sky130_fd_sc_hd__clkbuf_16)
    16    0.13                           clknet_0_i_clk (net)
                  0.14    0.00  100.19 ^ clkbuf_4_1_0_i_clk/A (sky130_fd_sc_hd__clkbuf_8)
                  0.08    0.19  100.38 ^ clkbuf_4_1_0_i_clk/X (sky130_fd_sc_hd__clkbuf_8)
    13    0.04                           clknet_4_1_0_i_clk (net)
                  0.08    0.00  100.39 ^ _2053_/CLK (sky130_fd_sc_hd__dfxtp_1)
                         -0.50   99.89   clock uncertainty
                          0.00   99.89   clock reconvergence pessimism
                         -0.05   99.84   library setup time
                                 99.84   data required time
-----------------------------------------------------------------------------
                                 99.84   data required time
                                -20.68   data arrival time
-----------------------------------------------------------------------------
                                 79.16   slack (MET)


Startpoint: i_rst_n (input port clocked by i_clk)
Endpoint: _2172_ (rising edge-triggered flip-flop clocked by i_clk)
Path Group: i_clk
Path Type: max

Fanout     Cap    Slew   Delay    Time   Description
-----------------------------------------------------------------------------
                          0.00    0.00   clock i_clk (rise edge)
                          0.00    0.00   clock network delay (propagated)
                         20.00   20.00 ^ input external delay
                  0.00    0.00   20.00 ^ i_rst_n (in)
     1    0.00                           i_rst_n (net)
                  0.00    0.00   20.00 ^ input2/A (sky130_fd_sc_hd__dlymetal6s2s_1)
                  0.21    0.19   20.19 ^ input2/X (sky130_fd_sc_hd__dlymetal6s2s_1)
     5    0.02                           net2 (net)
                  0.21    0.00   20.19 ^ _1692_/B (sky130_fd_sc_hd__and2b_1)
                  0.12    0.21   20.40 ^ _1692_/X (sky130_fd_sc_hd__and2b_1)
     3    0.01                           _1008_ (net)
                  0.12    0.00   20.40 ^ _1693_/A (sky130_fd_sc_hd__inv_2)
                  0.05    0.07   20.47 v _1693_/Y (sky130_fd_sc_hd__inv_2)
     4    0.02                           _0148_ (net)
                  0.05    0.00   20.48 v _2172_/D (sky130_fd_sc_hd__dfxtp_1)
                                 20.48   data arrival time

                        100.00  100.00   clock i_clk (rise edge)
                          0.00  100.00   clock source latency
                  0.00    0.00  100.00 ^ i_clk (in)
     1    0.03                           i_clk (net)
                  0.00    0.00  100.00 ^ clkbuf_0_i_clk/A (sky130_fd_sc_hd__clkbuf_16)
                  0.14    0.19  100.19 ^ clkbuf_0_i_clk/X (sky130_fd_sc_hd__clkbuf_16)
    16    0.13                           clknet_0_i_clk (net)
                  0.14    0.00  100.19 ^ clkbuf_4_0_0_i_clk/A (sky130_fd_sc_hd__clkbuf_8)
                  0.07    0.18  100.38 ^ clkbuf_4_0_0_i_clk/X (sky130_fd_sc_hd__clkbuf_8)
    11    0.03                           clknet_4_0_0_i_clk (net)
                  0.07    0.00  100.38 ^ _2172_/CLK (sky130_fd_sc_hd__dfxtp_1)
                         -0.50   99.88   clock uncertainty
                          0.00   99.88   clock reconvergence pessimism
                         -0.11   99.77   library setup time
                                 99.77   data required time
-----------------------------------------------------------------------------
                                 99.77   data required time
                                -20.48   data arrival time
-----------------------------------------------------------------------------
                                 79.30   slack (MET)


Startpoint: i_rst_n (input port clocked by i_clk)
Endpoint: _2177_ (rising edge-triggered flip-flop clocked by i_clk)
Path Group: i_clk
Path Type: max

Fanout     Cap    Slew   Delay    Time   Description
-----------------------------------------------------------------------------
                          0.00    0.00   clock i_clk (rise edge)
                          0.00    0.00   clock network delay (propagated)
                         20.00   20.00 v input external delay
                  0.00    0.00   20.00 v i_rst_n (in)
     1    0.00                           i_rst_n (net)
                  0.00    0.00   20.00 v input2/A (sky130_fd_sc_hd__dlymetal6s2s_1)
                  0.10    0.18   20.18 v input2/X (sky130_fd_sc_hd__dlymetal6s2s_1)
     5    0.02                           net2 (net)
                  0.10    0.00   20.18 v _2022_/B (sky130_fd_sc_hd__and3_1)
                  0.04    0.18   20.36 v _2022_/X (sky130_fd_sc_hd__and3_1)
     1    0.00                           _0415_ (net)
                  0.04    0.00   20.36 v _2023_/A (sky130_fd_sc_hd__clkbuf_1)
                  0.03    0.08   20.44 v _2023_/X (sky130_fd_sc_hd__clkbuf_1)
     1    0.00                           _0153_ (net)
                  0.03    0.00   20.44 v _2177_/D (sky130_fd_sc_hd__dfxtp_1)
                                 20.44   data arrival time

                        100.00  100.00   clock i_clk (rise edge)
                          0.00  100.00   clock source latency
                  0.00    0.00  100.00 ^ i_clk (in)
     1    0.03                           i_clk (net)
                  0.00    0.00  100.00 ^ clkbuf_0_i_clk/A (sky130_fd_sc_hd__clkbuf_16)
                  0.14    0.19  100.19 ^ clkbuf_0_i_clk/X (sky130_fd_sc_hd__clkbuf_16)
    16    0.13                           clknet_0_i_clk (net)
                  0.14    0.00  100.19 ^ clkbuf_4_1_0_i_clk/A (sky130_fd_sc_hd__clkbuf_8)
                  0.08    0.19  100.38 ^ clkbuf_4_1_0_i_clk/X (sky130_fd_sc_hd__clkbuf_8)
    13    0.04                           clknet_4_1_0_i_clk (net)
                  0.08    0.00  100.39 ^ _2177_/CLK (sky130_fd_sc_hd__dfxtp_1)
                         -0.50   99.89   clock uncertainty
                          0.00   99.89   clock reconvergence pessimism
                         -0.09   99.79   library setup time
                                 99.79   data required time
-----------------------------------------------------------------------------
                                 99.79   data required time
                                -20.44   data arrival time
-----------------------------------------------------------------------------
                                 79.35   slack (MET)



