
===========================================================================
report_checks -path_delay min (Hold)
============================================================================
======================= Typical Corner ===================================

Startpoint: _2051_ (rising edge-triggered flip-flop clocked by i_clk)
Endpoint: _2051_ (rising edge-triggered flip-flop clocked by i_clk)
Path Group: i_clk
Path Type: min

Fanout     Cap    Slew   Delay    Time   Description
-----------------------------------------------------------------------------
                          0.00    0.00   clock i_clk (rise edge)
                          0.00    0.00   clock source latency
                  0.00    0.00    0.00 ^ i_clk (in)
     1    0.03                           i_clk (net)
                  0.00    0.00    0.00 ^ clkbuf_0_i_clk/A (sky130_fd_sc_hd__clkbuf_16)
                  0.14    0.19    0.19 ^ clkbuf_0_i_clk/X (sky130_fd_sc_hd__clkbuf_16)
    16    0.13                           clknet_0_i_clk (net)
                  0.14    0.00    0.19 ^ clkbuf_4_1_0_i_clk/A (sky130_fd_sc_hd__clkbuf_8)
                  0.08    0.19    0.38 ^ clkbuf_4_1_0_i_clk/X (sky130_fd_sc_hd__clkbuf_8)
    13    0.04                           clknet_4_1_0_i_clk (net)
                  0.08    0.00    0.39 ^ _2051_/CLK (sky130_fd_sc_hd__dfxtp_1)
                  0.12    0.37    0.76 ^ _2051_/Q (sky130_fd_sc_hd__dfxtp_1)
     3    0.01                           u_cordic.r_state[0] (net)
                  0.12    0.00    0.76 ^ hold222/A (sky130_fd_sc_hd__clkbuf_2)
                  0.14    0.20    0.96 ^ hold222/X (sky130_fd_sc_hd__clkbuf_2)
     3    0.02                           net228 (net)
                  0.14    0.00    0.96 ^ _1031_/A1 (sky130_fd_sc_hd__a21boi_4)
                  0.05    0.09    1.05 v _1031_/Y (sky130_fd_sc_hd__a21boi_4)
     4    0.02                           _0434_ (net)
                  0.05    0.00    1.05 v _1032_/B_N (sky130_fd_sc_hd__or2b_1)
                  0.04    0.15    1.20 ^ _1032_/X (sky130_fd_sc_hd__or2b_1)
     1    0.00                           _0435_ (net)
                  0.04    0.00    1.20 ^ _1033_/A (sky130_fd_sc_hd__clkbuf_1)
                  0.05    0.08    1.28 ^ _1033_/X (sky130_fd_sc_hd__clkbuf_1)
     1    0.00                           _0007_ (net)
                  0.05    0.00    1.28 ^ _2051_/D (sky130_fd_sc_hd__dfxtp_1)
                                  1.28   data arrival time

                          0.00    0.00   clock i_clk (rise edge)
                          0.00    0.00   clock source latency
                  0.00    0.00    0.00 ^ i_clk (in)
     1    0.03                           i_clk (net)
                  0.00    0.00    0.00 ^ clkbuf_0_i_clk/A (sky130_fd_sc_hd__clkbuf_16)
                  0.14    0.19    0.19 ^ clkbuf_0_i_clk/X (sky130_fd_sc_hd__clkbuf_16)
    16    0.13                           clknet_0_i_clk (net)
                  0.14    0.00    0.19 ^ clkbuf_4_1_0_i_clk/A (sky130_fd_sc_hd__clkbuf_8)
                  0.08    0.19    0.38 ^ clkbuf_4_1_0_i_clk/X (sky130_fd_sc_hd__clkbuf_8)
    13    0.04                           clknet_4_1_0_i_clk (net)
                  0.08    0.00    0.39 ^ _2051_/CLK (sky130_fd_sc_hd__dfxtp_1)
                          0.50    0.89   clock uncertainty
                          0.00    0.89   clock reconvergence pessimism
                         -0.03    0.86   library hold time
                                  0.86   data required time
-----------------------------------------------------------------------------
                                  0.86   data required time
                                 -1.28   data arrival time
-----------------------------------------------------------------------------
                                  0.42   slack (MET)


Startpoint: _2053_ (rising edge-triggered flip-flop clocked by i_clk)
Endpoint: _2074_ (rising edge-triggered flip-flop clocked by i_clk)
Path Group: i_clk
Path Type: min

Fanout     Cap    Slew   Delay    Time   Description
-----------------------------------------------------------------------------
                          0.00    0.00   clock i_clk (rise edge)
                          0.00    0.00   clock source latency
                  0.00    0.00    0.00 ^ i_clk (in)
     1    0.03                           i_clk (net)
                  0.00    0.00    0.00 ^ clkbuf_0_i_clk/A (sky130_fd_sc_hd__clkbuf_16)
                  0.14    0.19    0.19 ^ clkbuf_0_i_clk/X (sky130_fd_sc_hd__clkbuf_16)
    16    0.13                           clknet_0_i_clk (net)
                  0.14    0.00    0.19 ^ clkbuf_4_1_0_i_clk/A (sky130_fd_sc_hd__clkbuf_8)
                  0.08    0.19    0.38 ^ clkbuf_4_1_0_i_clk/X (sky130_fd_sc_hd__clkbuf_8)
    13    0.04                           clknet_4_1_0_i_clk (net)
                  0.08    0.00    0.39 ^ _2053_/CLK (sky130_fd_sc_hd__dfxtp_1)
                  0.11    0.37    0.76 v _2053_/Q (sky130_fd_sc_hd__dfxtp_1)
     5    0.02                           u_cordic.r_state[2] (net)
                  0.11    0.00    0.76 v hold226/A (sky130_fd_sc_hd__clkbuf_2)
                  0.10    0.19    0.95 v hold226/X (sky130_fd_sc_hd__clkbuf_2)
     4    0.02                           net232 (net)
                  0.10    0.00    0.95 v _1039_/A (sky130_fd_sc_hd__nor2_1)
                  0.24    0.24    1.19 ^ _1039_/Y (sky130_fd_sc_hd__nor2_1)
     2    0.01                           _0441_ (net)
                  0.24    0.00    1.19 ^ _1040_/C (sky130_fd_sc_hd__nor3_4)
                  0.06    0.10    1.29 v _1040_/Y (sky130_fd_sc_hd__nor3_4)
     8    0.03                           _0050_ (net)
                  0.06    0.00    1.29 v _2074_/D (sky130_fd_sc_hd__dfxtp_1)
                                  1.29   data arrival time

                          0.00    0.00   clock i_clk (rise edge)
                          0.00    0.00   clock source latency
                  0.00    0.00    0.00 ^ i_clk (in)
     1    0.03                           i_clk (net)
                  0.00    0.00    0.00 ^ clkbuf_0_i_clk/A (sky130_fd_sc_hd__clkbuf_16)
                  0.14    0.19    0.19 ^ clkbuf_0_i_clk/X (sky130_fd_sc_hd__clkbuf_16)
    16    0.13                           clknet_0_i_clk (net)
                  0.14    0.00    0.19 ^ clkbuf_4_6_0_i_clk/A (sky130_fd_sc_hd__clkbuf_8)
                  0.07    0.18    0.38 ^ clkbuf_4_6_0_i_clk/X (sky130_fd_sc_hd__clkbuf_8)
    11    0.03                           clknet_4_6_0_i_clk (net)
                  0.07    0.00    0.38 ^ _2074_/CLK (sky130_fd_sc_hd__dfxtp_1)
                          0.50    0.88   clock uncertainty
                          0.00    0.88   clock reconvergence pessimism
                         -0.05    0.82   library hold time
                                  0.82   data required time
-----------------------------------------------------------------------------
                                  0.82   data required time
                                 -1.29   data arrival time
-----------------------------------------------------------------------------
                                  0.46   slack (MET)


Startpoint: _2114_ (rising edge-triggered flip-flop clocked by i_clk)
Endpoint: _2177_ (rising edge-triggered flip-flop clocked by i_clk)
Path Group: i_clk
Path Type: min

Fanout     Cap    Slew   Delay    Time   Description
-----------------------------------------------------------------------------
                          0.00    0.00   clock i_clk (rise edge)
                          0.00    0.00   clock source latency
                  0.00    0.00    0.00 ^ i_clk (in)
     1    0.03                           i_clk (net)
                  0.00    0.00    0.00 ^ clkbuf_0_i_clk/A (sky130_fd_sc_hd__clkbuf_16)
                  0.14    0.19    0.19 ^ clkbuf_0_i_clk/X (sky130_fd_sc_hd__clkbuf_16)
    16    0.13                           clknet_0_i_clk (net)
                  0.14    0.00    0.19 ^ clkbuf_4_0_0_i_clk/A (sky130_fd_sc_hd__clkbuf_8)
                  0.07    0.18    0.38 ^ clkbuf_4_0_0_i_clk/X (sky130_fd_sc_hd__clkbuf_8)
    11    0.03                           clknet_4_0_0_i_clk (net)
                  0.07    0.00    0.38 ^ _2114_/CLK (sky130_fd_sc_hd__dfxtp_1)
                  0.04    0.31    0.69 v _2114_/Q (sky130_fd_sc_hd__dfxtp_1)
     2    0.00                           u_spi_target.r_bit_cnt[1] (net)
                  0.04    0.00    0.69 v hold82/A (sky130_fd_sc_hd__buf_1)
                  0.09    0.14    0.82 v hold82/X (sky130_fd_sc_hd__buf_1)
     4    0.02                           net88 (net)
                  0.09    0.00    0.82 v _1702_/B (sky130_fd_sc_hd__and4_1)
                  0.07    0.23    1.05 v _1702_/X (sky130_fd_sc_hd__and4_1)
     4    0.01                           _0156_ (net)
                  0.07    0.00    1.05 v _2022_/C (sky130_fd_sc_hd__and3_1)
                  0.03    0.18    1.23 v _2022_/X (sky130_fd_sc_hd__and3_1)
     1    0.00                           _0415_ (net)
                  0.03    0.00    1.23 v _2023_/A (sky130_fd_sc_hd__clkbuf_1)
                  0.03    0.08    1.31 v _2023_/X (sky130_fd_sc_hd__clkbuf_1)
     1    0.00                           _0153_ (net)
                  0.03    0.00    1.31 v _2177_/D (sky130_fd_sc_hd__dfxtp_1)
                                  1.31   data arrival time

                          0.00    0.00   clock i_clk (rise edge)
                          0.00    0.00   clock source latency
                  0.00    0.00    0.00 ^ i_clk (in)
     1    0.03                           i_clk (net)
                  0.00    0.00    0.00 ^ clkbuf_0_i_clk/A (sky130_fd_sc_hd__clkbuf_16)
                  0.14    0.19    0.19 ^ clkbuf_0_i_clk/X (sky130_fd_sc_hd__clkbuf_16)
    16    0.13                           clknet_0_i_clk (net)
                  0.14    0.00    0.19 ^ clkbuf_4_1_0_i_clk/A (sky130_fd_sc_hd__clkbuf_8)
                  0.08    0.19    0.38 ^ clkbuf_4_1_0_i_clk/X (sky130_fd_sc_hd__clkbuf_8)
    13    0.04                           clknet_4_1_0_i_clk (net)
                  0.08    0.00    0.39 ^ _2177_/CLK (sky130_fd_sc_hd__dfxtp_1)
                          0.50    0.89   clock uncertainty
                          0.00    0.89   clock reconvergence pessimism
                         -0.04    0.85   library hold time
                                  0.85   data required time
-----------------------------------------------------------------------------
                                  0.85   data required time
                                 -1.31   data arrival time
-----------------------------------------------------------------------------
                                  0.46   slack (MET)


Startpoint: _2063_ (rising edge-triggered flip-flop clocked by i_clk)
Endpoint: _2063_ (rising edge-triggered flip-flop clocked by i_clk)
Path Group: i_clk
Path Type: min

Fanout     Cap    Slew   Delay    Time   Description
-----------------------------------------------------------------------------
                          0.00    0.00   clock i_clk (rise edge)
                          0.00    0.00   clock source latency
                  0.00    0.00    0.00 ^ i_clk (in)
     1    0.03                           i_clk (net)
                  0.00    0.00    0.00 ^ clkbuf_0_i_clk/A (sky130_fd_sc_hd__clkbuf_16)
                  0.14    0.19    0.19 ^ clkbuf_0_i_clk/X (sky130_fd_sc_hd__clkbuf_16)
    16    0.13                           clknet_0_i_clk (net)
                  0.14    0.01    0.19 ^ clkbuf_4_3_0_i_clk/A (sky130_fd_sc_hd__clkbuf_8)
                  0.08    0.19    0.38 ^ clkbuf_4_3_0_i_clk/X (sky130_fd_sc_hd__clkbuf_8)
    11    0.04                           clknet_4_3_0_i_clk (net)
                  0.08    0.00    0.38 ^ _2063_/CLK (sky130_fd_sc_hd__dfxtp_2)
                  0.08    0.37    0.75 v _2063_/Q (sky130_fd_sc_hd__dfxtp_2)
     9    0.03                           u_cordic.r_x[11] (net)
                  0.08    0.00    0.75 v _1222_/A (sky130_fd_sc_hd__nor2_1)
                  0.12    0.14    0.89 ^ _1222_/Y (sky130_fd_sc_hd__nor2_1)
     2    0.01                           _0608_ (net)
                  0.12    0.00    0.89 ^ _1224_/A (sky130_fd_sc_hd__or2_1)
                  0.12    0.18    1.07 ^ _1224_/X (sky130_fd_sc_hd__or2_1)
     4    0.01                           _0610_ (net)
                  0.12    0.00    1.07 ^ _1594_/B1 (sky130_fd_sc_hd__a21oi_1)
                  0.04    0.06    1.12 v _1594_/Y (sky130_fd_sc_hd__a21oi_1)
     1    0.00                           _0948_ (net)
                  0.04    0.00    1.12 v _1596_/A (sky130_fd_sc_hd__nor2_1)
                  0.09    0.11    1.23 ^ _1596_/Y (sky130_fd_sc_hd__nor2_1)
     1    0.00                           _0950_ (net)
                  0.09    0.00    1.23 ^ _1597_/B2 (sky130_fd_sc_hd__o22a_1)
                  0.04    0.12    1.35 ^ _1597_/X (sky130_fd_sc_hd__o22a_1)
     1    0.00                           _0045_ (net)
                  0.04    0.00    1.35 ^ _2063_/D (sky130_fd_sc_hd__dfxtp_2)
                                  1.35   data arrival time

                          0.00    0.00   clock i_clk (rise edge)
                          0.00    0.00   clock source latency
                  0.00    0.00    0.00 ^ i_clk (in)
     1    0.03                           i_clk (net)
                  0.00    0.00    0.00 ^ clkbuf_0_i_clk/A (sky130_fd_sc_hd__clkbuf_16)
                  0.14    0.19    0.19 ^ clkbuf_0_i_clk/X (sky130_fd_sc_hd__clkbuf_16)
    16    0.13                           clknet_0_i_clk (net)
                  0.14    0.01    0.19 ^ clkbuf_4_3_0_i_clk/A (sky130_fd_sc_hd__clkbuf_8)
                  0.08    0.19    0.38 ^ clkbuf_4_3_0_i_clk/X (sky130_fd_sc_hd__clkbuf_8)
    11    0.04                           clknet_4_3_0_i_clk (net)
                  0.08    0.00    0.38 ^ _2063_/CLK (sky130_fd_sc_hd__dfxtp_2)
                          0.50    0.88   clock uncertainty
                          0.00    0.88   clock reconvergence pessimism
                         -0.03    0.85   library hold time
                                  0.85   data required time
-----------------------------------------------------------------------------
                                  0.85   data required time
                                 -1.35   data arrival time
-----------------------------------------------------------------------------
                                  0.50   slack (MET)


Startpoint: _2047_ (rising edge-triggered flip-flop clocked by i_clk)
Endpoint: _2048_ (rising edge-triggered flip-flop clocked by i_clk)
Path Group: i_clk
Path Type: min

Fanout     Cap    Slew   Delay    Time   Description
-----------------------------------------------------------------------------
                          0.00    0.00   clock i_clk (rise edge)
                          0.00    0.00   clock source latency
                  0.00    0.00    0.00 ^ i_clk (in)
     1    0.03                           i_clk (net)
                  0.00    0.00    0.00 ^ clkbuf_0_i_clk/A (sky130_fd_sc_hd__clkbuf_16)
                  0.14    0.19    0.19 ^ clkbuf_0_i_clk/X (sky130_fd_sc_hd__clkbuf_16)
    16    0.13                           clknet_0_i_clk (net)
                  0.14    0.00    0.19 ^ clkbuf_4_13_0_i_clk/A (sky130_fd_sc_hd__clkbuf_8)
                  0.07    0.18    0.37 ^ clkbuf_4_13_0_i_clk/X (sky130_fd_sc_hd__clkbuf_8)
     9    0.03                           clknet_4_13_0_i_clk (net)
                  0.07    0.00    0.37 ^ _2047_/CLK (sky130_fd_sc_hd__dfxtp_2)
                  0.08    0.37    0.74 v _2047_/Q (sky130_fd_sc_hd__dfxtp_2)
     7    0.03                           u_cordic.r_y[14] (net)
                  0.08    0.00    0.74 v _1521_/A (sky130_fd_sc_hd__and2_1)
                  0.06    0.18    0.92 v _1521_/X (sky130_fd_sc_hd__and2_1)
     2    0.01                           _0887_ (net)
                  0.06    0.00    0.92 v _1522_/A (sky130_fd_sc_hd__inv_2)
                  0.04    0.06    0.98 ^ _1522_/Y (sky130_fd_sc_hd__inv_2)
     2    0.01                           _0888_ (net)
                  0.04    0.00    0.98 ^ _1531_/A1 (sky130_fd_sc_hd__a21oi_1)
                  0.03    0.05    1.03 v _1531_/Y (sky130_fd_sc_hd__a21oi_1)
     1    0.00                           _0897_ (net)
                  0.03    0.00    1.03 v _1533_/A1 (sky130_fd_sc_hd__o21bai_1)
                  0.06    0.12    1.15 ^ _1533_/Y (sky130_fd_sc_hd__o21bai_1)
     1    0.00                           _0899_ (net)
                  0.06    0.00    1.15 ^ _1534_/A1 (sky130_fd_sc_hd__mux2_1)
                  0.04    0.12    1.27 ^ _1534_/X (sky130_fd_sc_hd__mux2_1)
     1    0.00                           _0900_ (net)
                  0.04    0.00    1.27 ^ _1535_/A (sky130_fd_sc_hd__clkbuf_1)
                  0.04    0.07    1.35 ^ _1535_/X (sky130_fd_sc_hd__clkbuf_1)
     1    0.00                           _0033_ (net)
                  0.04    0.00    1.35 ^ _2048_/D (sky130_fd_sc_hd__dfxtp_2)
                                  1.35   data arrival time

                          0.00    0.00   clock i_clk (rise edge)
                          0.00    0.00   clock source latency
                  0.00    0.00    0.00 ^ i_clk (in)
     1    0.03                           i_clk (net)
                  0.00    0.00    0.00 ^ clkbuf_0_i_clk/A (sky130_fd_sc_hd__clkbuf_16)
                  0.14    0.19    0.19 ^ clkbuf_0_i_clk/X (sky130_fd_sc_hd__clkbuf_16)
    16    0.13                           clknet_0_i_clk (net)
                  0.14    0.00    0.19 ^ clkbuf_4_13_0_i_clk/A (sky130_fd_sc_hd__clkbuf_8)
                  0.07    0.18    0.37 ^ clkbuf_4_13_0_i_clk/X (sky130_fd_sc_hd__clkbuf_8)
     9    0.03                           clknet_4_13_0_i_clk (net)
                  0.07    0.00    0.37 ^ _2048_/CLK (sky130_fd_sc_hd__dfxtp_2)
                          0.50    0.87   clock uncertainty
                          0.00    0.87   clock reconvergence pessimism
                         -0.03    0.85   library hold time
                                  0.85   data required time
-----------------------------------------------------------------------------
                                  0.85   data required time
                                 -1.35   data arrival time
-----------------------------------------------------------------------------
                                  0.50   slack (MET)


Startpoint: _2124_ (rising edge-triggered flip-flop clocked by i_clk)
Endpoint: _2124_ (rising edge-triggered flip-flop clocked by i_clk)
Path Group: i_clk
Path Type: min

Fanout     Cap    Slew   Delay    Time   Description
-----------------------------------------------------------------------------
                          0.00    0.00   clock i_clk (rise edge)
                          0.00    0.00   clock source latency
                  0.00    0.00    0.00 ^ i_clk (in)
     1    0.03                           i_clk (net)
                  0.00    0.00    0.00 ^ clkbuf_0_i_clk/A (sky130_fd_sc_hd__clkbuf_16)
                  0.14    0.19    0.19 ^ clkbuf_0_i_clk/X (sky130_fd_sc_hd__clkbuf_16)
    16    0.13                           clknet_0_i_clk (net)
                  0.14    0.00    0.19 ^ clkbuf_4_5_0_i_clk/A (sky130_fd_sc_hd__clkbuf_8)
                  0.08    0.19    0.38 ^ clkbuf_4_5_0_i_clk/X (sky130_fd_sc_hd__clkbuf_8)
    11    0.04                           clknet_4_5_0_i_clk (net)
                  0.08    0.00    0.38 ^ _2124_/CLK (sky130_fd_sc_hd__dfxtp_1)
                  0.09    0.35    0.74 ^ _2124_/Q (sky130_fd_sc_hd__dfxtp_1)
     3    0.01                           u_cordic.r_z[7] (net)
                  0.09    0.00    0.74 ^ _1779_/A (sky130_fd_sc_hd__or2_1)
                  0.04    0.11    0.84 ^ _1779_/X (sky130_fd_sc_hd__or2_1)
     1    0.00                           _0224_ (net)
                  0.04    0.00    0.84 ^ _1780_/B (sky130_fd_sc_hd__nand2_1)
                  0.04    0.06    0.90 v _1780_/Y (sky130_fd_sc_hd__nand2_1)
     1    0.01                           _0225_ (net)
                  0.04    0.00    0.90 v _1782_/A (sky130_fd_sc_hd__xnor2_1)
                  0.05    0.15    1.05 ^ _1782_/Y (sky130_fd_sc_hd__xnor2_1)
     1    0.00                           _0227_ (net)
                  0.05    0.00    1.05 ^ _1783_/A1 (sky130_fd_sc_hd__mux2_1)
                  0.04    0.12    1.17 ^ _1783_/X (sky130_fd_sc_hd__mux2_1)
     1    0.00                           _0228_ (net)
                  0.04    0.00    1.17 ^ _1784_/A1 (sky130_fd_sc_hd__mux2_1)
                  0.04    0.12    1.28 ^ _1784_/X (sky130_fd_sc_hd__mux2_1)
     1    0.00                           _0229_ (net)
                  0.04    0.00    1.28 ^ _1785_/A (sky130_fd_sc_hd__clkbuf_1)
                  0.04    0.07    1.36 ^ _1785_/X (sky130_fd_sc_hd__clkbuf_1)
     1    0.00                           _0100_ (net)
                  0.04    0.00    1.36 ^ _2124_/D (sky130_fd_sc_hd__dfxtp_1)
                                  1.36   data arrival time

                          0.00    0.00   clock i_clk (rise edge)
                          0.00    0.00   clock source latency
                  0.00    0.00    0.00 ^ i_clk (in)
     1    0.03                           i_clk (net)
                  0.00    0.00    0.00 ^ clkbuf_0_i_clk/A (sky130_fd_sc_hd__clkbuf_16)
                  0.14    0.19    0.19 ^ clkbuf_0_i_clk/X (sky130_fd_sc_hd__clkbuf_16)
    16    0.13                           clknet_0_i_clk (net)
                  0.14    0.00    0.19 ^ clkbuf_4_5_0_i_clk/A (sky130_fd_sc_hd__clkbuf_8)
                  0.08    0.19    0.38 ^ clkbuf_4_5_0_i_clk/X (sky130_fd_sc_hd__clkbuf_8)
    11    0.04                           clknet_4_5_0_i_clk (net)
                  0.08    0.00    0.38 ^ _2124_/CLK (sky130_fd_sc_hd__dfxtp_1)
                          0.50    0.88   clock uncertainty
                          0.00    0.88   clock reconvergence pessimism
                         -0.03    0.86   library hold time
                                  0.86   data required time
-----------------------------------------------------------------------------
                                  0.86   data required time
                                 -1.36   data arrival time
-----------------------------------------------------------------------------
                                  0.50   slack (MET)


Startpoint: _2169_ (rising edge-triggered flip-flop clocked by i_clk)
Endpoint: _2136_ (rising edge-triggered flip-flop clocked by i_clk)
Path Group: i_clk
Path Type: min

Fanout     Cap    Slew   Delay    Time   Description
-----------------------------------------------------------------------------
                          0.00    0.00   clock i_clk (rise edge)
                          0.00    0.00   clock source latency
                  0.00    0.00    0.00 ^ i_clk (in)
     1    0.03                           i_clk (net)
                  0.00    0.00    0.00 ^ clkbuf_0_i_clk/A (sky130_fd_sc_hd__clkbuf_16)
                  0.14    0.19    0.19 ^ clkbuf_0_i_clk/X (sky130_fd_sc_hd__clkbuf_16)
    16    0.13                           clknet_0_i_clk (net)
                  0.14    0.00    0.19 ^ clkbuf_4_0_0_i_clk/A (sky130_fd_sc_hd__clkbuf_8)
                  0.07    0.18    0.38 ^ clkbuf_4_0_0_i_clk/X (sky130_fd_sc_hd__clkbuf_8)
    11    0.03                           clknet_4_0_0_i_clk (net)
                  0.07    0.00    0.38 ^ _2169_/CLK (sky130_fd_sc_hd__dfxtp_1)
                  0.11    0.36    0.74 ^ _2169_/Q (sky130_fd_sc_hd__dfxtp_1)
     3    0.01                           u_spi_target.r_sck_sync[2] (net)
                  0.11    0.00    0.74 ^ _1695_/B (sky130_fd_sc_hd__nor3b_2)
                  0.06    0.09    0.83 v _1695_/Y (sky130_fd_sc_hd__nor3b_2)
     4    0.02                           _1009_ (net)
                  0.06    0.00    0.83 v _1696_/A (sky130_fd_sc_hd__buf_2)
                  0.09    0.18    1.02 v _1696_/X (sky130_fd_sc_hd__buf_2)
    10    0.03                           _1010_ (net)
                  0.09    0.00    1.02 v _1898_/B (sky130_fd_sc_hd__or2_1)
                  0.05    0.22    1.23 v _1898_/X (sky130_fd_sc_hd__or2_1)
     1    0.00                           _0331_ (net)
                  0.05    0.00    1.23 v _1899_/B1 (sky130_fd_sc_hd__o211a_1)
                  0.03    0.12    1.35 v _1899_/X (sky130_fd_sc_hd__o211a_1)
     1    0.00                           _0112_ (net)
                  0.03    0.00    1.35 v _2136_/D (sky130_fd_sc_hd__dfxtp_1)
                                  1.35   data arrival time

                          0.00    0.00   clock i_clk (rise edge)
                          0.00    0.00   clock source latency
                  0.00    0.00    0.00 ^ i_clk (in)
     1    0.03                           i_clk (net)
                  0.00    0.00    0.00 ^ clkbuf_0_i_clk/A (sky130_fd_sc_hd__clkbuf_16)
                  0.14    0.19    0.19 ^ clkbuf_0_i_clk/X (sky130_fd_sc_hd__clkbuf_16)
    16    0.13                           clknet_0_i_clk (net)
                  0.14    0.00    0.19 ^ clkbuf_4_4_0_i_clk/A (sky130_fd_sc_hd__clkbuf_8)
                  0.06    0.18    0.37 ^ clkbuf_4_4_0_i_clk/X (sky130_fd_sc_hd__clkbuf_8)
     8    0.03                           clknet_4_4_0_i_clk (net)
                  0.06    0.00    0.37 ^ _2136_/CLK (sky130_fd_sc_hd__dfxtp_1)
                          0.50    0.87   clock uncertainty
                          0.00    0.87   clock reconvergence pessimism
                         -0.04    0.83   library hold time
                                  0.83   data required time
-----------------------------------------------------------------------------
                                  0.83   data required time
                                 -1.35   data arrival time
-----------------------------------------------------------------------------
                                  0.53   slack (MET)


Startpoint: _2169_ (rising edge-triggered flip-flop clocked by i_clk)
Endpoint: _2140_ (rising edge-triggered flip-flop clocked by i_clk)
Path Group: i_clk
Path Type: min

Fanout     Cap    Slew   Delay    Time   Description
-----------------------------------------------------------------------------
                          0.00    0.00   clock i_clk (rise edge)
                          0.00    0.00   clock source latency
                  0.00    0.00    0.00 ^ i_clk (in)
     1    0.03                           i_clk (net)
                  0.00    0.00    0.00 ^ clkbuf_0_i_clk/A (sky130_fd_sc_hd__clkbuf_16)
                  0.14    0.19    0.19 ^ clkbuf_0_i_clk/X (sky130_fd_sc_hd__clkbuf_16)
    16    0.13                           clknet_0_i_clk (net)
                  0.14    0.00    0.19 ^ clkbuf_4_0_0_i_clk/A (sky130_fd_sc_hd__clkbuf_8)
                  0.07    0.18    0.38 ^ clkbuf_4_0_0_i_clk/X (sky130_fd_sc_hd__clkbuf_8)
    11    0.03                           clknet_4_0_0_i_clk (net)
                  0.07    0.00    0.38 ^ _2169_/CLK (sky130_fd_sc_hd__dfxtp_1)
                  0.11    0.36    0.74 ^ _2169_/Q (sky130_fd_sc_hd__dfxtp_1)
     3    0.01                           u_spi_target.r_sck_sync[2] (net)
                  0.11    0.00    0.74 ^ _1695_/B (sky130_fd_sc_hd__nor3b_2)
                  0.06    0.09    0.83 v _1695_/Y (sky130_fd_sc_hd__nor3b_2)
     4    0.02                           _1009_ (net)
                  0.06    0.00    0.83 v _1696_/A (sky130_fd_sc_hd__buf_2)
                  0.09    0.18    1.02 v _1696_/X (sky130_fd_sc_hd__buf_2)
    10    0.03                           _1010_ (net)
                  0.09    0.00    1.02 v _1906_/B (sky130_fd_sc_hd__or2_1)
                  0.06    0.23    1.25 v _1906_/X (sky130_fd_sc_hd__or2_1)
     1    0.01                           _0335_ (net)
                  0.06    0.00    1.25 v _1907_/B1 (sky130_fd_sc_hd__o211a_1)
                  0.03    0.12    1.37 v _1907_/X (sky130_fd_sc_hd__o211a_1)
     1    0.00                           _0116_ (net)
                  0.03    0.00    1.37 v _2140_/D (sky130_fd_sc_hd__dfxtp_1)
                                  1.37   data arrival time

                          0.00    0.00   clock i_clk (rise edge)
                          0.00    0.00   clock source latency
                  0.00    0.00    0.00 ^ i_clk (in)
     1    0.03                           i_clk (net)
                  0.00    0.00    0.00 ^ clkbuf_0_i_clk/A (sky130_fd_sc_hd__clkbuf_16)
                  0.14    0.19    0.19 ^ clkbuf_0_i_clk/X (sky130_fd_sc_hd__clkbuf_16)
    16    0.13                           clknet_0_i_clk (net)
                  0.14    0.00    0.19 ^ clkbuf_4_5_0_i_clk/A (sky130_fd_sc_hd__clkbuf_8)
                  0.08    0.19    0.38 ^ clkbuf_4_5_0_i_clk/X (sky130_fd_sc_hd__clkbuf_8)
    11    0.04                           clknet_4_5_0_i_clk (net)
                  0.08    0.00    0.38 ^ _2140_/CLK (sky130_fd_sc_hd__dfxtp_1)
                          0.50    0.88   clock uncertainty
                          0.00    0.88   clock reconvergence pessimism
                         -0.04    0.84   library hold time
                                  0.84   data required time
-----------------------------------------------------------------------------
                                  0.84   data required time
                                 -1.37   data arrival time
-----------------------------------------------------------------------------
                                  0.53   slack (MET)


Startpoint: _2127_ (rising edge-triggered flip-flop clocked by i_clk)
Endpoint: _2127_ (rising edge-triggered flip-flop clocked by i_clk)
Path Group: i_clk
Path Type: min

Fanout     Cap    Slew   Delay    Time   Description
-----------------------------------------------------------------------------
                          0.00    0.00   clock i_clk (rise edge)
                          0.00    0.00   clock source latency
                  0.00    0.00    0.00 ^ i_clk (in)
     1    0.03                           i_clk (net)
                  0.00    0.00    0.00 ^ clkbuf_0_i_clk/A (sky130_fd_sc_hd__clkbuf_16)
                  0.14    0.19    0.19 ^ clkbuf_0_i_clk/X (sky130_fd_sc_hd__clkbuf_16)
    16    0.13                           clknet_0_i_clk (net)
                  0.14    0.00    0.19 ^ clkbuf_4_7_0_i_clk/A (sky130_fd_sc_hd__clkbuf_8)
                  0.11    0.21    0.40 ^ clkbuf_4_7_0_i_clk/X (sky130_fd_sc_hd__clkbuf_8)
    16    0.06                           clknet_4_7_0_i_clk (net)
                  0.11    0.00    0.40 ^ _2127_/CLK (sky130_fd_sc_hd__dfxtp_1)
                  0.09    0.36    0.76 ^ _2127_/Q (sky130_fd_sc_hd__dfxtp_1)
     3    0.01                           u_cordic.r_z[10] (net)
                  0.09    0.00    0.76 ^ _1814_/A (sky130_fd_sc_hd__or2_1)
                  0.04    0.10    0.87 ^ _1814_/X (sky130_fd_sc_hd__or2_1)
     1    0.00                           _0256_ (net)
                  0.04    0.00    0.87 ^ _1815_/B (sky130_fd_sc_hd__nand2_1)
                  0.07    0.08    0.94 v _1815_/Y (sky130_fd_sc_hd__nand2_1)
     2    0.01                           _0257_ (net)
                  0.07    0.00    0.94 v _1818_/A (sky130_fd_sc_hd__xnor2_1)
                  0.05    0.15    1.10 ^ _1818_/Y (sky130_fd_sc_hd__xnor2_1)
     1    0.00                           _0260_ (net)
                  0.05    0.00    1.10 ^ _1819_/A1 (sky130_fd_sc_hd__mux2_1)
                  0.04    0.12    1.22 ^ _1819_/X (sky130_fd_sc_hd__mux2_1)
     1    0.00                           _0261_ (net)
                  0.04    0.00    1.22 ^ _1820_/A1 (sky130_fd_sc_hd__mux2_1)
                  0.04    0.12    1.33 ^ _1820_/X (sky130_fd_sc_hd__mux2_1)
     1    0.00                           _0262_ (net)
                  0.04    0.00    1.33 ^ _1821_/A (sky130_fd_sc_hd__clkbuf_1)
                  0.04    0.08    1.41 ^ _1821_/X (sky130_fd_sc_hd__clkbuf_1)
     1    0.00                           _0103_ (net)
                  0.04    0.00    1.41 ^ _2127_/D (sky130_fd_sc_hd__dfxtp_1)
                                  1.41   data arrival time

                          0.00    0.00   clock i_clk (rise edge)
                          0.00    0.00   clock source latency
                  0.00    0.00    0.00 ^ i_clk (in)
     1    0.03                           i_clk (net)
                  0.00    0.00    0.00 ^ clkbuf_0_i_clk/A (sky130_fd_sc_hd__clkbuf_16)
                  0.14    0.19    0.19 ^ clkbuf_0_i_clk/X (sky130_fd_sc_hd__clkbuf_16)
    16    0.13                           clknet_0_i_clk (net)
                  0.14    0.00    0.19 ^ clkbuf_4_7_0_i_clk/A (sky130_fd_sc_hd__clkbuf_8)
                  0.11    0.21    0.40 ^ clkbuf_4_7_0_i_clk/X (sky130_fd_sc_hd__clkbuf_8)
    16    0.06                           clknet_4_7_0_i_clk (net)
                  0.11    0.00    0.40 ^ _2127_/CLK (sky130_fd_sc_hd__dfxtp_1)
                          0.50    0.90   clock uncertainty
                          0.00    0.90   clock reconvergence pessimism
                         -0.02    0.88   library hold time
                                  0.88   data required time
-----------------------------------------------------------------------------
                                  0.88   data required time
                                 -1.41   data arrival time
-----------------------------------------------------------------------------
                                  0.53   slack (MET)


Startpoint: _2169_ (rising edge-triggered flip-flop clocked by i_clk)
Endpoint: _2138_ (rising edge-triggered flip-flop clocked by i_clk)
Path Group: i_clk
Path Type: min

Fanout     Cap    Slew   Delay    Time   Description
-----------------------------------------------------------------------------
                          0.00    0.00   clock i_clk (rise edge)
                          0.00    0.00   clock source latency
                  0.00    0.00    0.00 ^ i_clk (in)
     1    0.03                           i_clk (net)
                  0.00    0.00    0.00 ^ clkbuf_0_i_clk/A (sky130_fd_sc_hd__clkbuf_16)
                  0.14    0.19    0.19 ^ clkbuf_0_i_clk/X (sky130_fd_sc_hd__clkbuf_16)
    16    0.13                           clknet_0_i_clk (net)
                  0.14    0.00    0.19 ^ clkbuf_4_0_0_i_clk/A (sky130_fd_sc_hd__clkbuf_8)
                  0.07    0.18    0.38 ^ clkbuf_4_0_0_i_clk/X (sky130_fd_sc_hd__clkbuf_8)
    11    0.03                           clknet_4_0_0_i_clk (net)
                  0.07    0.00    0.38 ^ _2169_/CLK (sky130_fd_sc_hd__dfxtp_1)
                  0.11    0.36    0.74 ^ _2169_/Q (sky130_fd_sc_hd__dfxtp_1)
     3    0.01                           u_spi_target.r_sck_sync[2] (net)
                  0.11    0.00    0.74 ^ _1695_/B (sky130_fd_sc_hd__nor3b_2)
                  0.06    0.09    0.83 v _1695_/Y (sky130_fd_sc_hd__nor3b_2)
     4    0.02                           _1009_ (net)
                  0.06    0.00    0.83 v _1696_/A (sky130_fd_sc_hd__buf_2)
                  0.09    0.18    1.02 v _1696_/X (sky130_fd_sc_hd__buf_2)
    10    0.03                           _1010_ (net)
                  0.09    0.00    1.02 v _1902_/B (sky130_fd_sc_hd__or2_1)
                  0.05    0.22    1.24 v _1902_/X (sky130_fd_sc_hd__or2_1)
     1    0.00                           _0333_ (net)
                  0.05    0.00    1.24 v _1903_/B1 (sky130_fd_sc_hd__o211a_1)
                  0.03    0.12    1.36 v _1903_/X (sky130_fd_sc_hd__o211a_1)
     1    0.00                           _0114_ (net)
                  0.03    0.00    1.36 v _2138_/D (sky130_fd_sc_hd__dfxtp_1)
                                  1.36   data arrival time

                          0.00    0.00   clock i_clk (rise edge)
                          0.00    0.00   clock source latency
                  0.00    0.00    0.00 ^ i_clk (in)
     1    0.03                           i_clk (net)
                  0.00    0.00    0.00 ^ clkbuf_0_i_clk/A (sky130_fd_sc_hd__clkbuf_16)
                  0.14    0.19    0.19 ^ clkbuf_0_i_clk/X (sky130_fd_sc_hd__clkbuf_16)
    16    0.13                           clknet_0_i_clk (net)
                  0.14    0.00    0.19 ^ clkbuf_4_4_0_i_clk/A (sky130_fd_sc_hd__clkbuf_8)
                  0.06    0.18    0.37 ^ clkbuf_4_4_0_i_clk/X (sky130_fd_sc_hd__clkbuf_8)
     8    0.03                           clknet_4_4_0_i_clk (net)
                  0.06    0.00    0.37 ^ _2138_/CLK (sky130_fd_sc_hd__dfxtp_1)
                          0.50    0.87   clock uncertainty
                          0.00    0.87   clock reconvergence pessimism
                         -0.04    0.83   library hold time
                                  0.83   data required time
-----------------------------------------------------------------------------
                                  0.83   data required time
                                 -1.36   data arrival time
-----------------------------------------------------------------------------
                                  0.53   slack (MET)


Startpoint: _2170_ (rising edge-triggered flip-flop clocked by i_clk)
Endpoint: _2171_ (rising edge-triggered flip-flop clocked by i_clk)
Path Group: i_clk
Path Type: min

Fanout     Cap    Slew   Delay    Time   Description
-----------------------------------------------------------------------------
                          0.00    0.00   clock i_clk (rise edge)
                          0.00    0.00   clock source latency
                  0.00    0.00    0.00 ^ i_clk (in)
     1    0.03                           i_clk (net)
                  0.00    0.00    0.00 ^ clkbuf_0_i_clk/A (sky130_fd_sc_hd__clkbuf_16)
                  0.14    0.19    0.19 ^ clkbuf_0_i_clk/X (sky130_fd_sc_hd__clkbuf_16)
    16    0.13                           clknet_0_i_clk (net)
                  0.14    0.00    0.19 ^ clkbuf_4_1_0_i_clk/A (sky130_fd_sc_hd__clkbuf_8)
                  0.08    0.19    0.38 ^ clkbuf_4_1_0_i_clk/X (sky130_fd_sc_hd__clkbuf_8)
    13    0.04                           clknet_4_1_0_i_clk (net)
                  0.08    0.00    0.39 ^ _2170_/CLK (sky130_fd_sc_hd__dfxtp_1)
                  0.03    0.31    0.69 ^ _2170_/Q (sky130_fd_sc_hd__dfxtp_1)
     1    0.00                           u_spi_target.r_ss_n_sync[0] (net)
                  0.03    0.00    0.69 ^ hold38/A (sky130_fd_sc_hd__dlygate4sd3_1)
                  0.06    0.54    1.23 ^ hold38/X (sky130_fd_sc_hd__dlygate4sd3_1)
     1    0.00                           net44 (net)
                  0.06    0.00    1.23 ^ _2014_/A (sky130_fd_sc_hd__or2b_1)
                  0.04    0.09    1.32 ^ _2014_/X (sky130_fd_sc_hd__or2b_1)
     1    0.00                           _0412_ (net)
                  0.04    0.00    1.32 ^ _2015_/A (sky130_fd_sc_hd__clkbuf_1)
                  0.04    0.07    1.39 ^ _2015_/X (sky130_fd_sc_hd__clkbuf_1)
     1    0.00                           _0147_ (net)
                  0.04    0.00    1.39 ^ _2171_/D (sky130_fd_sc_hd__dfxtp_1)
                                  1.39   data arrival time

                          0.00    0.00   clock i_clk (rise edge)
                          0.00    0.00   clock source latency
                  0.00    0.00    0.00 ^ i_clk (in)
     1    0.03                           i_clk (net)
                  0.00    0.00    0.00 ^ clkbuf_0_i_clk/A (sky130_fd_sc_hd__clkbuf_16)
                  0.14    0.19    0.19 ^ clkbuf_0_i_clk/X (sky130_fd_sc_hd__clkbuf_16)
    16    0.13                           clknet_0_i_clk (net)
                  0.14    0.00    0.19 ^ clkbuf_4_1_0_i_clk/A (sky130_fd_sc_hd__clkbuf_8)
                  0.08    0.19    0.38 ^ clkbuf_4_1_0_i_clk/X (sky130_fd_sc_hd__clkbuf_8)
    13    0.04                           clknet_4_1_0_i_clk (net)
                  0.08    0.00    0.39 ^ _2171_/CLK (sky130_fd_sc_hd__dfxtp_1)
                          0.50    0.89   clock uncertainty
                          0.00    0.89   clock reconvergence pessimism
                         -0.02    0.86   library hold time
                                  0.86   data required time
-----------------------------------------------------------------------------
                                  0.86   data required time
                                 -1.39   data arrival time
-----------------------------------------------------------------------------
                                  0.53   slack (MET)


Startpoint: _2169_ (rising edge-triggered flip-flop clocked by i_clk)
Endpoint: _2137_ (rising edge-triggered flip-flop clocked by i_clk)
Path Group: i_clk
Path Type: min

Fanout     Cap    Slew   Delay    Time   Description
-----------------------------------------------------------------------------
                          0.00    0.00   clock i_clk (rise edge)
                          0.00    0.00   clock source latency
                  0.00    0.00    0.00 ^ i_clk (in)
     1    0.03                           i_clk (net)
                  0.00    0.00    0.00 ^ clkbuf_0_i_clk/A (sky130_fd_sc_hd__clkbuf_16)
                  0.14    0.19    0.19 ^ clkbuf_0_i_clk/X (sky130_fd_sc_hd__clkbuf_16)
    16    0.13                           clknet_0_i_clk (net)
                  0.14    0.00    0.19 ^ clkbuf_4_0_0_i_clk/A (sky130_fd_sc_hd__clkbuf_8)
                  0.07    0.18    0.38 ^ clkbuf_4_0_0_i_clk/X (sky130_fd_sc_hd__clkbuf_8)
    11    0.03                           clknet_4_0_0_i_clk (net)
                  0.07    0.00    0.38 ^ _2169_/CLK (sky130_fd_sc_hd__dfxtp_1)
                  0.11    0.36    0.74 ^ _2169_/Q (sky130_fd_sc_hd__dfxtp_1)
     3    0.01                           u_spi_target.r_sck_sync[2] (net)
                  0.11    0.00    0.74 ^ _1695_/B (sky130_fd_sc_hd__nor3b_2)
                  0.06    0.09    0.83 v _1695_/Y (sky130_fd_sc_hd__nor3b_2)
     4    0.02                           _1009_ (net)
                  0.06    0.00    0.83 v _1696_/A (sky130_fd_sc_hd__buf_2)
                  0.09    0.18    1.02 v _1696_/X (sky130_fd_sc_hd__buf_2)
    10    0.03                           _1010_ (net)
                  0.09    0.00    1.02 v _1900_/B (sky130_fd_sc_hd__or2_1)
                  0.05    0.22    1.24 v _1900_/X (sky130_fd_sc_hd__or2_1)
     1    0.00                           _0332_ (net)
                  0.05    0.00    1.24 v _1901_/B1 (sky130_fd_sc_hd__o211a_1)
                  0.03    0.12    1.36 v _1901_/X (sky130_fd_sc_hd__o211a_1)
     1    0.00                           _0113_ (net)
                  0.03    0.00    1.36 v _2137_/D (sky130_fd_sc_hd__dfxtp_1)
                                  1.36   data arrival time

                          0.00    0.00   clock i_clk (rise edge)
                          0.00    0.00   clock source latency
                  0.00    0.00    0.00 ^ i_clk (in)
     1    0.03                           i_clk (net)
                  0.00    0.00    0.00 ^ clkbuf_0_i_clk/A (sky130_fd_sc_hd__clkbuf_16)
                  0.14    0.19    0.19 ^ clkbuf_0_i_clk/X (sky130_fd_sc_hd__clkbuf_16)
    16    0.13                           clknet_0_i_clk (net)
                  0.14    0.00    0.19 ^ clkbuf_4_4_0_i_clk/A (sky130_fd_sc_hd__clkbuf_8)
                  0.06    0.18    0.37 ^ clkbuf_4_4_0_i_clk/X (sky130_fd_sc_hd__clkbuf_8)
     8    0.03                           clknet_4_4_0_i_clk (net)
                  0.06    0.00    0.37 ^ _2137_/CLK (sky130_fd_sc_hd__dfxtp_1)
                          0.50    0.87   clock uncertainty
                          0.00    0.87   clock reconvergence pessimism
                         -0.04    0.83   library hold time
                                  0.83   data required time
-----------------------------------------------------------------------------
                                  0.83   data required time
                                 -1.36   data arrival time
-----------------------------------------------------------------------------
                                  0.54   slack (MET)


Startpoint: _2061_ (rising edge-triggered flip-flop clocked by i_clk)
Endpoint: _2061_ (rising edge-triggered flip-flop clocked by i_clk)
Path Group: i_clk
Path Type: min

Fanout     Cap    Slew   Delay    Time   Description
-----------------------------------------------------------------------------
                          0.00    0.00   clock i_clk (rise edge)
                          0.00    0.00   clock source latency
                  0.00    0.00    0.00 ^ i_clk (in)
     1    0.03                           i_clk (net)
                  0.00    0.00    0.00 ^ clkbuf_0_i_clk/A (sky130_fd_sc_hd__clkbuf_16)
                  0.14    0.19    0.19 ^ clkbuf_0_i_clk/X (sky130_fd_sc_hd__clkbuf_16)
    16    0.13                           clknet_0_i_clk (net)
                  0.14    0.00    0.19 ^ clkbuf_4_9_0_i_clk/A (sky130_fd_sc_hd__clkbuf_8)
                  0.08    0.18    0.38 ^ clkbuf_4_9_0_i_clk/X (sky130_fd_sc_hd__clkbuf_8)
    11    0.04                           clknet_4_9_0_i_clk (net)
                  0.08    0.00    0.38 ^ _2061_/CLK (sky130_fd_sc_hd__dfxtp_1)
                  0.10    0.37    0.75 v _2061_/Q (sky130_fd_sc_hd__dfxtp_1)
     8    0.02                           u_cordic.r_x[8] (net)
                  0.10    0.00    0.75 v _1200_/A_N (sky130_fd_sc_hd__and2b_1)
                  0.05    0.22    0.97 ^ _1200_/X (sky130_fd_sc_hd__and2b_1)
     1    0.00                           _0587_ (net)
                  0.05    0.00    0.97 ^ _1201_/B (sky130_fd_sc_hd__nor2_1)
                  0.06    0.07    1.04 v _1201_/Y (sky130_fd_sc_hd__nor2_1)
     3    0.01                           _0588_ (net)
                  0.06    0.00    1.04 v _1586_/B (sky130_fd_sc_hd__xnor2_1)
                  0.05    0.14    1.18 ^ _1586_/Y (sky130_fd_sc_hd__xnor2_1)
     1    0.00                           _0942_ (net)
                  0.05    0.00    1.18 ^ _1587_/A2 (sky130_fd_sc_hd__a21o_1)
                  0.04    0.11    1.29 ^ _1587_/X (sky130_fd_sc_hd__a21o_1)
     1    0.00                           _0943_ (net)
                  0.04    0.00    1.29 ^ _1588_/B1 (sky130_fd_sc_hd__o21a_1)
                  0.04    0.10    1.39 ^ _1588_/X (sky130_fd_sc_hd__o21a_1)
     1    0.00                           _0043_ (net)
                  0.04    0.00    1.39 ^ _2061_/D (sky130_fd_sc_hd__dfxtp_1)
                                  1.39   data arrival time

                          0.00    0.00   clock i_clk (rise edge)
                          0.00    0.00   clock source latency
                  0.00    0.00    0.00 ^ i_clk (in)
     1    0.03                           i_clk (net)
                  0.00    0.00    0.00 ^ clkbuf_0_i_clk/A (sky130_fd_sc_hd__clkbuf_16)
                  0.14    0.19    0.19 ^ clkbuf_0_i_clk/X (sky130_fd_sc_hd__clkbuf_16)
    16    0.13                           clknet_0_i_clk (net)
                  0.14    0.00    0.19 ^ clkbuf_4_9_0_i_clk/A (sky130_fd_sc_hd__clkbuf_8)
                  0.08    0.18    0.38 ^ clkbuf_4_9_0_i_clk/X (sky130_fd_sc_hd__clkbuf_8)
    11    0.04                           clknet_4_9_0_i_clk (net)
                  0.08    0.00    0.38 ^ _2061_/CLK (sky130_fd_sc_hd__dfxtp_1)
                          0.50    0.88   clock uncertainty
                          0.00    0.88   clock reconvergence pessimism
                         -0.03    0.85   library hold time
                                  0.85   data required time
-----------------------------------------------------------------------------
                                  0.85   data required time
                                 -1.39   data arrival time
-----------------------------------------------------------------------------
                                  0.54   slack (MET)


Startpoint: _2028_ (rising edge-triggered flip-flop clocked by i_clk)
Endpoint: _2029_ (rising edge-triggered flip-flop clocked by i_clk)
Path Group: i_clk
Path Type: min

Fanout     Cap    Slew   Delay    Time   Description
-----------------------------------------------------------------------------
                          0.00    0.00   clock i_clk (rise edge)
                          0.00    0.00   clock source latency
                  0.00    0.00    0.00 ^ i_clk (in)
     1    0.03                           i_clk (net)
                  0.00    0.00    0.00 ^ clkbuf_0_i_clk/A (sky130_fd_sc_hd__clkbuf_16)
                  0.14    0.19    0.19 ^ clkbuf_0_i_clk/X (sky130_fd_sc_hd__clkbuf_16)
    16    0.13                           clknet_0_i_clk (net)
                  0.14    0.00    0.19 ^ clkbuf_4_1_0_i_clk/A (sky130_fd_sc_hd__clkbuf_8)
                  0.08    0.19    0.38 ^ clkbuf_4_1_0_i_clk/X (sky130_fd_sc_hd__clkbuf_8)
    13    0.04                           clknet_4_1_0_i_clk (net)
                  0.08    0.00    0.39 ^ _2028_/CLK (sky130_fd_sc_hd__dfxtp_1)
                  0.16    0.41    0.80 v _2028_/Q (sky130_fd_sc_hd__dfxtp_1)
     6    0.03                           u_cordic.r_x[12] (net)
                  0.16    0.00    0.80 v hold134/A (sky130_fd_sc_hd__buf_1)
                  0.08    0.18    0.97 v hold134/X (sky130_fd_sc_hd__buf_1)
     4    0.01                           net140 (net)
                  0.08    0.00    0.97 v _1238_/A (sky130_fd_sc_hd__nand2_1)
                  0.06    0.09    1.06 ^ _1238_/Y (sky130_fd_sc_hd__nand2_1)
     2    0.01                           _0624_ (net)
                  0.06    0.00    1.06 ^ _1249_/B1 (sky130_fd_sc_hd__o21ai_1)
                  0.05    0.07    1.14 v _1249_/Y (sky130_fd_sc_hd__o21ai_1)
     1    0.00                           _0634_ (net)
                  0.05    0.00    1.14 v _1250_/B (sky130_fd_sc_hd__xnor2_1)
                  0.05    0.14    1.27 ^ _1250_/Y (sky130_fd_sc_hd__xnor2_1)
     1    0.00                           _0635_ (net)
                  0.05    0.00    1.27 ^ _1251_/B2 (sky130_fd_sc_hd__a22o_1)
                  0.04    0.11    1.39 ^ _1251_/X (sky130_fd_sc_hd__a22o_1)
     1    0.00                           _0014_ (net)
                  0.04    0.00    1.39 ^ _2029_/D (sky130_fd_sc_hd__dfxtp_2)
                                  1.39   data arrival time

                          0.00    0.00   clock i_clk (rise edge)
                          0.00    0.00   clock source latency
                  0.00    0.00    0.00 ^ i_clk (in)
     1    0.03                           i_clk (net)
                  0.00    0.00    0.00 ^ clkbuf_0_i_clk/A (sky130_fd_sc_hd__clkbuf_16)
                  0.14    0.19    0.19 ^ clkbuf_0_i_clk/X (sky130_fd_sc_hd__clkbuf_16)
    16    0.13                           clknet_0_i_clk (net)
                  0.14    0.01    0.19 ^ clkbuf_4_2_0_i_clk/A (sky130_fd_sc_hd__clkbuf_8)
                  0.07    0.18    0.37 ^ clkbuf_4_2_0_i_clk/X (sky130_fd_sc_hd__clkbuf_8)
     8    0.03                           clknet_4_2_0_i_clk (net)
                  0.07    0.00    0.38 ^ _2029_/CLK (sky130_fd_sc_hd__dfxtp_2)
                          0.50    0.88   clock uncertainty
                          0.00    0.88   clock reconvergence pessimism
                         -0.03    0.85   library hold time
                                  0.85   data required time
-----------------------------------------------------------------------------
                                  0.85   data required time
                                 -1.39   data arrival time
-----------------------------------------------------------------------------
                                  0.54   slack (MET)


Startpoint: _2169_ (rising edge-triggered flip-flop clocked by i_clk)
Endpoint: _2143_ (rising edge-triggered flip-flop clocked by i_clk)
Path Group: i_clk
Path Type: min

Fanout     Cap    Slew   Delay    Time   Description
-----------------------------------------------------------------------------
                          0.00    0.00   clock i_clk (rise edge)
                          0.00    0.00   clock source latency
                  0.00    0.00    0.00 ^ i_clk (in)
     1    0.03                           i_clk (net)
                  0.00    0.00    0.00 ^ clkbuf_0_i_clk/A (sky130_fd_sc_hd__clkbuf_16)
                  0.14    0.19    0.19 ^ clkbuf_0_i_clk/X (sky130_fd_sc_hd__clkbuf_16)
    16    0.13                           clknet_0_i_clk (net)
                  0.14    0.00    0.19 ^ clkbuf_4_0_0_i_clk/A (sky130_fd_sc_hd__clkbuf_8)
                  0.07    0.18    0.38 ^ clkbuf_4_0_0_i_clk/X (sky130_fd_sc_hd__clkbuf_8)
    11    0.03                           clknet_4_0_0_i_clk (net)
                  0.07    0.00    0.38 ^ _2169_/CLK (sky130_fd_sc_hd__dfxtp_1)
                  0.11    0.36    0.74 ^ _2169_/Q (sky130_fd_sc_hd__dfxtp_1)
     3    0.01                           u_spi_target.r_sck_sync[2] (net)
                  0.11    0.00    0.74 ^ _1695_/B (sky130_fd_sc_hd__nor3b_2)
                  0.06    0.09    0.83 v _1695_/Y (sky130_fd_sc_hd__nor3b_2)
     4    0.02                           _1009_ (net)
                  0.06    0.00    0.83 v _1908_/A (sky130_fd_sc_hd__buf_2)
                  0.10    0.20    1.03 v _1908_/X (sky130_fd_sc_hd__buf_2)
    10    0.04                           _0336_ (net)
                  0.10    0.00    1.03 v _1913_/B (sky130_fd_sc_hd__or2_1)
                  0.05    0.23    1.26 v _1913_/X (sky130_fd_sc_hd__or2_1)
     1    0.00                           _0339_ (net)
                  0.05    0.00    1.26 v _1914_/B1 (sky130_fd_sc_hd__o211a_1)
                  0.03    0.12    1.38 v _1914_/X (sky130_fd_sc_hd__o211a_1)
     1    0.00                           _0119_ (net)
                  0.03    0.00    1.38 v _2143_/D (sky130_fd_sc_hd__dfxtp_1)
                                  1.38   data arrival time

                          0.00    0.00   clock i_clk (rise edge)
                          0.00    0.00   clock source latency
                  0.00    0.00    0.00 ^ i_clk (in)
     1    0.03                           i_clk (net)
                  0.00    0.00    0.00 ^ clkbuf_0_i_clk/A (sky130_fd_sc_hd__clkbuf_16)
                  0.14    0.19    0.19 ^ clkbuf_0_i_clk/X (sky130_fd_sc_hd__clkbuf_16)
    16    0.13                           clknet_0_i_clk (net)
                  0.14    0.00    0.19 ^ clkbuf_4_5_0_i_clk/A (sky130_fd_sc_hd__clkbuf_8)
                  0.08    0.19    0.38 ^ clkbuf_4_5_0_i_clk/X (sky130_fd_sc_hd__clkbuf_8)
    11    0.04                           clknet_4_5_0_i_clk (net)
                  0.08    0.00    0.38 ^ _2143_/CLK (sky130_fd_sc_hd__dfxtp_1)
                          0.50    0.88   clock uncertainty
                          0.00    0.88   clock reconvergence pessimism
                         -0.04    0.84   library hold time
                                  0.84   data required time
-----------------------------------------------------------------------------
                                  0.84   data required time
                                 -1.38   data arrival time
-----------------------------------------------------------------------------
                                  0.54   slack (MET)


Startpoint: _2167_ (rising edge-triggered flip-flop clocked by i_clk)
Endpoint: _2168_ (rising edge-triggered flip-flop clocked by i_clk)
Path Group: i_clk
Path Type: min

Fanout     Cap    Slew   Delay    Time   Description
-----------------------------------------------------------------------------
                          0.00    0.00   clock i_clk (rise edge)
                          0.00    0.00   clock source latency
                  0.00    0.00    0.00 ^ i_clk (in)
     1    0.03                           i_clk (net)
                  0.00    0.00    0.00 ^ clkbuf_0_i_clk/A (sky130_fd_sc_hd__clkbuf_16)
                  0.14    0.19    0.19 ^ clkbuf_0_i_clk/X (sky130_fd_sc_hd__clkbuf_16)
    16    0.13                           clknet_0_i_clk (net)
                  0.14    0.00    0.19 ^ clkbuf_4_0_0_i_clk/A (sky130_fd_sc_hd__clkbuf_8)
                  0.07    0.18    0.38 ^ clkbuf_4_0_0_i_clk/X (sky130_fd_sc_hd__clkbuf_8)
    11    0.03                           clknet_4_0_0_i_clk (net)
                  0.07    0.00    0.38 ^ _2167_/CLK (sky130_fd_sc_hd__dfxtp_1)
                  0.03    0.30    0.68 ^ _2167_/Q (sky130_fd_sc_hd__dfxtp_1)
     1    0.00                           u_spi_target.r_sck_sync[0] (net)
                  0.03    0.00    0.68 ^ hold63/A (sky130_fd_sc_hd__dlygate4sd3_1)
                  0.05    0.53    1.21 ^ hold63/X (sky130_fd_sc_hd__dlygate4sd3_1)
     1    0.00                           net69 (net)
                  0.05    0.00    1.21 ^ _2008_/B (sky130_fd_sc_hd__and2_1)
                  0.05    0.12    1.33 ^ _2008_/X (sky130_fd_sc_hd__and2_1)
     1    0.00                           _0409_ (net)
                  0.05    0.00    1.33 ^ _2009_/A (sky130_fd_sc_hd__clkbuf_1)
                  0.04    0.08    1.40 ^ _2009_/X (sky130_fd_sc_hd__clkbuf_1)
     1    0.00                           _0144_ (net)
                  0.04    0.00    1.40 ^ _2168_/D (sky130_fd_sc_hd__dfxtp_1)
                                  1.40   data arrival time

                          0.00    0.00   clock i_clk (rise edge)
                          0.00    0.00   clock source latency
                  0.00    0.00    0.00 ^ i_clk (in)
     1    0.03                           i_clk (net)
                  0.00    0.00    0.00 ^ clkbuf_0_i_clk/A (sky130_fd_sc_hd__clkbuf_16)
                  0.14    0.19    0.19 ^ clkbuf_0_i_clk/X (sky130_fd_sc_hd__clkbuf_16)
    16    0.13                           clknet_0_i_clk (net)
                  0.14    0.00    0.19 ^ clkbuf_4_0_0_i_clk/A (sky130_fd_sc_hd__clkbuf_8)
                  0.07    0.18    0.38 ^ clkbuf_4_0_0_i_clk/X (sky130_fd_sc_hd__clkbuf_8)
    11    0.03                           clknet_4_0_0_i_clk (net)
                  0.07    0.00    0.38 ^ _2168_/CLK (sky130_fd_sc_hd__dfxtp_1)
                          0.50    0.88   clock uncertainty
                          0.00    0.88   clock reconvergence pessimism
                         -0.03    0.85   library hold time
                                  0.85   data required time
-----------------------------------------------------------------------------
                                  0.85   data required time
                                 -1.40   data arrival time
-----------------------------------------------------------------------------
                                  0.55   slack (MET)


Startpoint: _2053_ (rising edge-triggered flip-flop clocked by i_clk)
Endpoint: _2111_ (rising edge-triggered flip-flop clocked by i_clk)
Path Group: i_clk
Path Type: min

Fanout     Cap    Slew   Delay    Time   Description
-----------------------------------------------------------------------------
                          0.00    0.00   clock i_clk (rise edge)
                          0.00    0.00   clock source latency
                  0.00    0.00    0.00 ^ i_clk (in)
     1    0.03                           i_clk (net)
                  0.00    0.00    0.00 ^ clkbuf_0_i_clk/A (sky130_fd_sc_hd__clkbuf_16)
                  0.14    0.19    0.19 ^ clkbuf_0_i_clk/X (sky130_fd_sc_hd__clkbuf_16)
    16    0.13                           clknet_0_i_clk (net)
                  0.14    0.00    0.19 ^ clkbuf_4_1_0_i_clk/A (sky130_fd_sc_hd__clkbuf_8)
                  0.08    0.19    0.38 ^ clkbuf_4_1_0_i_clk/X (sky130_fd_sc_hd__clkbuf_8)
    13    0.04                           clknet_4_1_0_i_clk (net)
                  0.08    0.00    0.39 ^ _2053_/CLK (sky130_fd_sc_hd__dfxtp_1)
                  0.11    0.37    0.76 v _2053_/Q (sky130_fd_sc_hd__dfxtp_1)
     5    0.02                           u_cordic.r_state[2] (net)
                  0.11    0.00    0.76 v hold226/A (sky130_fd_sc_hd__clkbuf_2)
                  0.10    0.19    0.95 v hold226/X (sky130_fd_sc_hd__clkbuf_2)
     4    0.02                           net232 (net)
                  0.10    0.00    0.95 v _1039_/A (sky130_fd_sc_hd__nor2_1)
                  0.24    0.24    1.19 ^ _1039_/Y (sky130_fd_sc_hd__nor2_1)
     2    0.01                           _0441_ (net)
                  0.24    0.00    1.19 ^ _1040_/C (sky130_fd_sc_hd__nor3_4)
                  0.06    0.10    1.29 v _1040_/Y (sky130_fd_sc_hd__nor3_4)
     8    0.03                           _0050_ (net)
                  0.06    0.00    1.29 v _1053_/A (sky130_fd_sc_hd__nand2_1)
                  0.09    0.10    1.39 ^ _1053_/Y (sky130_fd_sc_hd__nand2_1)
     3    0.01                           _0452_ (net)
                  0.09    0.00    1.39 ^ _1690_/A (sky130_fd_sc_hd__nor2_1)
                  0.03    0.05    1.44 v _1690_/Y (sky130_fd_sc_hd__nor2_1)
     1    0.00                           _0087_ (net)
                  0.03    0.00    1.44 v _2111_/D (sky130_fd_sc_hd__dfxtp_1)
                                  1.44   data arrival time

                          0.00    0.00   clock i_clk (rise edge)
                          0.00    0.00   clock source latency
                  0.00    0.00    0.00 ^ i_clk (in)
     1    0.03                           i_clk (net)
                  0.00    0.00    0.00 ^ clkbuf_0_i_clk/A (sky130_fd_sc_hd__clkbuf_16)
                  0.14    0.19    0.19 ^ clkbuf_0_i_clk/X (sky130_fd_sc_hd__clkbuf_16)
    16    0.13                           clknet_0_i_clk (net)
                  0.14    0.00    0.19 ^ clkbuf_4_7_0_i_clk/A (sky130_fd_sc_hd__clkbuf_8)
                  0.11    0.21    0.40 ^ clkbuf_4_7_0_i_clk/X (sky130_fd_sc_hd__clkbuf_8)
    16    0.06                           clknet_4_7_0_i_clk (net)
                  0.11    0.00    0.40 ^ _2111_/CLK (sky130_fd_sc_hd__dfxtp_1)
                          0.50    0.90   clock uncertainty
                          0.00    0.90   clock reconvergence pessimism
                         -0.03    0.87   library hold time
                                  0.87   data required time
-----------------------------------------------------------------------------
                                  0.87   data required time
                                 -1.44   data arrival time
-----------------------------------------------------------------------------
                                  0.57   slack (MET)


Startpoint: _2039_ (rising edge-triggered flip-flop clocked by i_clk)
Endpoint: _2039_ (rising edge-triggered flip-flop clocked by i_clk)
Path Group: i_clk
Path Type: min

Fanout     Cap    Slew   Delay    Time   Description
-----------------------------------------------------------------------------
                          0.00    0.00   clock i_clk (rise edge)
                          0.00    0.00   clock source latency
                  0.00    0.00    0.00 ^ i_clk (in)
     1    0.03                           i_clk (net)
                  0.00    0.00    0.00 ^ clkbuf_0_i_clk/A (sky130_fd_sc_hd__clkbuf_16)
                  0.14    0.19    0.19 ^ clkbuf_0_i_clk/X (sky130_fd_sc_hd__clkbuf_16)
    16    0.13                           clknet_0_i_clk (net)
                  0.14    0.00    0.19 ^ clkbuf_4_15_0_i_clk/A (sky130_fd_sc_hd__clkbuf_8)
                  0.06    0.17    0.36 ^ clkbuf_4_15_0_i_clk/X (sky130_fd_sc_hd__clkbuf_8)
     6    0.02                           clknet_4_15_0_i_clk (net)
                  0.06    0.00    0.36 ^ _2039_/CLK (sky130_fd_sc_hd__dfxtp_2)
                  0.09    0.37    0.74 v _2039_/Q (sky130_fd_sc_hd__dfxtp_2)
     8    0.04                           u_cordic.r_y[6] (net)
                  0.09    0.00    0.74 v _1406_/A (sky130_fd_sc_hd__xor2_2)
                  0.17    0.23    0.97 ^ _1406_/X (sky130_fd_sc_hd__xor2_2)
     4    0.01                           _0781_ (net)
                  0.17    0.00    0.97 ^ _1408_/A2 (sky130_fd_sc_hd__o31ai_1)
                  0.05    0.10    1.07 v _1408_/Y (sky130_fd_sc_hd__o31ai_1)
     1    0.00                           _0783_ (net)
                  0.05    0.00    1.07 v _1409_/A2 (sky130_fd_sc_hd__o21bai_1)
                  0.08    0.14    1.22 ^ _1409_/Y (sky130_fd_sc_hd__o21bai_1)
     1    0.00                           _0784_ (net)
                  0.08    0.00    1.22 ^ _1411_/A1 (sky130_fd_sc_hd__mux2_1)
                  0.04    0.13    1.34 ^ _1411_/X (sky130_fd_sc_hd__mux2_1)
     1    0.00                           _0786_ (net)
                  0.04    0.00    1.34 ^ _1412_/A (sky130_fd_sc_hd__clkbuf_1)
                  0.04    0.07    1.41 ^ _1412_/X (sky130_fd_sc_hd__clkbuf_1)
     1    0.00                           _0024_ (net)
                  0.04    0.00    1.41 ^ _2039_/D (sky130_fd_sc_hd__dfxtp_2)
                                  1.41   data arrival time

                          0.00    0.00   clock i_clk (rise edge)
                          0.00    0.00   clock source latency
                  0.00    0.00    0.00 ^ i_clk (in)
     1    0.03                           i_clk (net)
                  0.00    0.00    0.00 ^ clkbuf_0_i_clk/A (sky130_fd_sc_hd__clkbuf_16)
                  0.14    0.19    0.19 ^ clkbuf_0_i_clk/X (sky130_fd_sc_hd__clkbuf_16)
    16    0.13                           clknet_0_i_clk (net)
                  0.14    0.00    0.19 ^ clkbuf_4_15_0_i_clk/A (sky130_fd_sc_hd__clkbuf_8)
                  0.06    0.17    0.36 ^ clkbuf_4_15_0_i_clk/X (sky130_fd_sc_hd__clkbuf_8)
     6    0.02                           clknet_4_15_0_i_clk (net)
                  0.06    0.00    0.36 ^ _2039_/CLK (sky130_fd_sc_hd__dfxtp_2)
                          0.50    0.86   clock uncertainty
                          0.00    0.86   clock reconvergence pessimism
                         -0.03    0.84   library hold time
                                  0.84   data required time
-----------------------------------------------------------------------------
                                  0.84   data required time
                                 -1.41   data arrival time
-----------------------------------------------------------------------------
                                  0.58   slack (MET)


Startpoint: _2053_ (rising edge-triggered flip-flop clocked by i_clk)
Endpoint: _2173_ (rising edge-triggered flip-flop clocked by i_clk)
Path Group: i_clk
Path Type: min

Fanout     Cap    Slew   Delay    Time   Description
-----------------------------------------------------------------------------
                          0.00    0.00   clock i_clk (rise edge)
                          0.00    0.00   clock source latency
                  0.00    0.00    0.00 ^ i_clk (in)
     1    0.03                           i_clk (net)
                  0.00    0.00    0.00 ^ clkbuf_0_i_clk/A (sky130_fd_sc_hd__clkbuf_16)
                  0.14    0.19    0.19 ^ clkbuf_0_i_clk/X (sky130_fd_sc_hd__clkbuf_16)
    16    0.13                           clknet_0_i_clk (net)
                  0.14    0.00    0.19 ^ clkbuf_4_1_0_i_clk/A (sky130_fd_sc_hd__clkbuf_8)
                  0.08    0.19    0.38 ^ clkbuf_4_1_0_i_clk/X (sky130_fd_sc_hd__clkbuf_8)
    13    0.04                           clknet_4_1_0_i_clk (net)
                  0.08    0.00    0.39 ^ _2053_/CLK (sky130_fd_sc_hd__dfxtp_1)
                  0.11    0.37    0.76 v _2053_/Q (sky130_fd_sc_hd__dfxtp_1)
     5    0.02                           u_cordic.r_state[2] (net)
                  0.11    0.00    0.76 v hold226/A (sky130_fd_sc_hd__clkbuf_2)
                  0.10    0.19    0.95 v hold226/X (sky130_fd_sc_hd__clkbuf_2)
     4    0.02                           net232 (net)
                  0.10    0.00    0.95 v _1039_/A (sky130_fd_sc_hd__nor2_1)
                  0.24    0.24    1.19 ^ _1039_/Y (sky130_fd_sc_hd__nor2_1)
     2    0.01                           _0441_ (net)
                  0.24    0.00    1.19 ^ _1040_/C (sky130_fd_sc_hd__nor3_4)
                  0.06    0.10    1.29 v _1040_/Y (sky130_fd_sc_hd__nor3_4)
     8    0.03                           _0050_ (net)
                  0.06    0.00    1.29 v _2016_/A (sky130_fd_sc_hd__nand2_1)
                  0.05    0.07    1.36 ^ _2016_/Y (sky130_fd_sc_hd__nand2_1)
     1    0.00                           _0413_ (net)
                  0.05    0.00    1.36 ^ _2017_/A2 (sky130_fd_sc_hd__a21oi_1)
                  0.04    0.06    1.42 v _2017_/Y (sky130_fd_sc_hd__a21oi_1)
     1    0.00                           _0149_ (net)
                  0.04    0.00    1.42 v _2173_/D (sky130_fd_sc_hd__dfxtp_1)
                                  1.42   data arrival time

                          0.00    0.00   clock i_clk (rise edge)
                          0.00    0.00   clock source latency
                  0.00    0.00    0.00 ^ i_clk (in)
     1    0.03                           i_clk (net)
                  0.00    0.00    0.00 ^ clkbuf_0_i_clk/A (sky130_fd_sc_hd__clkbuf_16)
                  0.14    0.19    0.19 ^ clkbuf_0_i_clk/X (sky130_fd_sc_hd__clkbuf_16)
    16    0.13                           clknet_0_i_clk (net)
                  0.14    0.00    0.19 ^ clkbuf_4_5_0_i_clk/A (sky130_fd_sc_hd__clkbuf_8)
                  0.08    0.19    0.38 ^ clkbuf_4_5_0_i_clk/X (sky130_fd_sc_hd__clkbuf_8)
    11    0.04                           clknet_4_5_0_i_clk (net)
                  0.08    0.00    0.38 ^ _2173_/CLK (sky130_fd_sc_hd__dfxtp_1)
                          0.50    0.88   clock uncertainty
                          0.00    0.88   clock reconvergence pessimism
                         -0.04    0.84   library hold time
                                  0.84   data required time
-----------------------------------------------------------------------------
                                  0.84   data required time
                                 -1.42   data arrival time
-----------------------------------------------------------------------------
                                  0.58   slack (MET)


Startpoint: _2122_ (rising edge-triggered flip-flop clocked by i_clk)
Endpoint: _2122_ (rising edge-triggered flip-flop clocked by i_clk)
Path Group: i_clk
Path Type: min

Fanout     Cap    Slew   Delay    Time   Description
-----------------------------------------------------------------------------
                          0.00    0.00   clock i_clk (rise edge)
                          0.00    0.00   clock source latency
                  0.00    0.00    0.00 ^ i_clk (in)
     1    0.03                           i_clk (net)
                  0.00    0.00    0.00 ^ clkbuf_0_i_clk/A (sky130_fd_sc_hd__clkbuf_16)
                  0.14    0.19    0.19 ^ clkbuf_0_i_clk/X (sky130_fd_sc_hd__clkbuf_16)
    16    0.13                           clknet_0_i_clk (net)
                  0.14    0.00    0.19 ^ clkbuf_4_5_0_i_clk/A (sky130_fd_sc_hd__clkbuf_8)
                  0.08    0.19    0.38 ^ clkbuf_4_5_0_i_clk/X (sky130_fd_sc_hd__clkbuf_8)
    11    0.04                           clknet_4_5_0_i_clk (net)
                  0.08    0.00    0.38 ^ _2122_/CLK (sky130_fd_sc_hd__dfxtp_1)
                  0.10    0.36    0.74 ^ _2122_/Q (sky130_fd_sc_hd__dfxtp_1)
     3    0.01                           u_cordic.r_z[5] (net)
                  0.10    0.00    0.74 ^ _1756_/A (sky130_fd_sc_hd__nand2_1)
                  0.07    0.09    0.84 v _1756_/Y (sky130_fd_sc_hd__nand2_1)
     3    0.01                           _0203_ (net)
                  0.07    0.00    0.84 v _1757_/B_N (sky130_fd_sc_hd__or2b_1)
                  0.06    0.17    1.01 ^ _1757_/X (sky130_fd_sc_hd__or2b_1)
     1    0.01                           _0204_ (net)
                  0.06    0.00    1.01 ^ _1759_/A (sky130_fd_sc_hd__xnor2_1)
                  0.05    0.11    1.12 ^ _1759_/Y (sky130_fd_sc_hd__xnor2_1)
     1    0.00                           _0206_ (net)
                  0.05    0.00    1.12 ^ _1760_/A1 (sky130_fd_sc_hd__mux2_1)
                  0.05    0.12    1.24 ^ _1760_/X (sky130_fd_sc_hd__mux2_1)
     1    0.00                           _0207_ (net)
                  0.05    0.00    1.24 ^ _1761_/A1 (sky130_fd_sc_hd__mux2_1)
                  0.04    0.12    1.36 ^ _1761_/X (sky130_fd_sc_hd__mux2_1)
     1    0.00                           _0208_ (net)
                  0.04    0.00    1.36 ^ _1762_/A (sky130_fd_sc_hd__clkbuf_1)
                  0.04    0.08    1.44 ^ _1762_/X (sky130_fd_sc_hd__clkbuf_1)
     1    0.00                           _0098_ (net)
                  0.04    0.00    1.44 ^ _2122_/D (sky130_fd_sc_hd__dfxtp_1)
                                  1.44   data arrival time

                          0.00    0.00   clock i_clk (rise edge)
                          0.00    0.00   clock source latency
                  0.00    0.00    0.00 ^ i_clk (in)
     1    0.03                           i_clk (net)
                  0.00    0.00    0.00 ^ clkbuf_0_i_clk/A (sky130_fd_sc_hd__clkbuf_16)
                  0.14    0.19    0.19 ^ clkbuf_0_i_clk/X (sky130_fd_sc_hd__clkbuf_16)
    16    0.13                           clknet_0_i_clk (net)
                  0.14    0.00    0.19 ^ clkbuf_4_5_0_i_clk/A (sky130_fd_sc_hd__clkbuf_8)
                  0.08    0.19    0.38 ^ clkbuf_4_5_0_i_clk/X (sky130_fd_sc_hd__clkbuf_8)
    11    0.04                           clknet_4_5_0_i_clk (net)
                  0.08    0.00    0.38 ^ _2122_/CLK (sky130_fd_sc_hd__dfxtp_1)
                          0.50    0.88   clock uncertainty
                          0.00    0.88   clock reconvergence pessimism
                         -0.03    0.86   library hold time
                                  0.86   data required time
-----------------------------------------------------------------------------
                                  0.86   data required time
                                 -1.44   data arrival time
-----------------------------------------------------------------------------
                                  0.59   slack (MET)


Startpoint: _2053_ (rising edge-triggered flip-flop clocked by i_clk)
Endpoint: _2076_ (rising edge-triggered flip-flop clocked by i_clk)
Path Group: i_clk
Path Type: min

Fanout     Cap    Slew   Delay    Time   Description
-----------------------------------------------------------------------------
                          0.00    0.00   clock i_clk (rise edge)
                          0.00    0.00   clock source latency
                  0.00    0.00    0.00 ^ i_clk (in)
     1    0.03                           i_clk (net)
                  0.00    0.00    0.00 ^ clkbuf_0_i_clk/A (sky130_fd_sc_hd__clkbuf_16)
                  0.14    0.19    0.19 ^ clkbuf_0_i_clk/X (sky130_fd_sc_hd__clkbuf_16)
    16    0.13                           clknet_0_i_clk (net)
                  0.14    0.00    0.19 ^ clkbuf_4_1_0_i_clk/A (sky130_fd_sc_hd__clkbuf_8)
                  0.08    0.19    0.38 ^ clkbuf_4_1_0_i_clk/X (sky130_fd_sc_hd__clkbuf_8)
    13    0.04                           clknet_4_1_0_i_clk (net)
                  0.08    0.00    0.39 ^ _2053_/CLK (sky130_fd_sc_hd__dfxtp_1)
                  0.11    0.37    0.76 v _2053_/Q (sky130_fd_sc_hd__dfxtp_1)
     5    0.02                           u_cordic.r_state[2] (net)
                  0.11    0.00    0.76 v _1041_/A (sky130_fd_sc_hd__inv_2)
                  0.14    0.15    0.91 ^ _1041_/Y (sky130_fd_sc_hd__inv_2)
     5    0.03                           _0442_ (net)
                  0.14    0.00    0.91 ^ _1042_/B1 (sky130_fd_sc_hd__a21o_1)
                  0.03    0.09    1.01 ^ _1042_/X (sky130_fd_sc_hd__a21o_1)
     1    0.00                           _0443_ (net)
                  0.03    0.00    1.01 ^ _1043_/C (sky130_fd_sc_hd__and3_1)
                  0.07    0.16    1.17 ^ _1043_/X (sky130_fd_sc_hd__and3_1)
     2    0.01                           _0444_ (net)
                  0.07    0.00    1.17 ^ _1045_/A2 (sky130_fd_sc_hd__a21bo_2)
                  0.15    0.22    1.39 ^ _1045_/X (sky130_fd_sc_hd__a21bo_2)
     7    0.03                           _0446_ (net)
                  0.15    0.00    1.39 ^ _1067_/A (sky130_fd_sc_hd__inv_2)
                  0.03    0.04    1.43 v _1067_/Y (sky130_fd_sc_hd__inv_2)
     2    0.00                           _0052_ (net)
                  0.03    0.00    1.43 v _2076_/D (sky130_fd_sc_hd__dfxtp_4)
                                  1.43   data arrival time

                          0.00    0.00   clock i_clk (rise edge)
                          0.00    0.00   clock source latency
                  0.00    0.00    0.00 ^ i_clk (in)
     1    0.03                           i_clk (net)
                  0.00    0.00    0.00 ^ clkbuf_0_i_clk/A (sky130_fd_sc_hd__clkbuf_16)
                  0.14    0.19    0.19 ^ clkbuf_0_i_clk/X (sky130_fd_sc_hd__clkbuf_16)
    16    0.13                           clknet_0_i_clk (net)
                  0.14    0.00    0.19 ^ clkbuf_4_6_0_i_clk/A (sky130_fd_sc_hd__clkbuf_8)
                  0.07    0.18    0.38 ^ clkbuf_4_6_0_i_clk/X (sky130_fd_sc_hd__clkbuf_8)
    11    0.03                           clknet_4_6_0_i_clk (net)
                  0.07    0.00    0.38 ^ _2076_/CLK (sky130_fd_sc_hd__dfxtp_4)
                          0.50    0.88   clock uncertainty
                          0.00    0.88   clock reconvergence pessimism
                         -0.03    0.84   library hold time
                                  0.84   data required time
-----------------------------------------------------------------------------
                                  0.84   data required time
                                 -1.43   data arrival time
-----------------------------------------------------------------------------
                                  0.59   slack (MET)


Startpoint: _2176_ (rising edge-triggered flip-flop clocked by i_clk)
Endpoint: _2126_ (rising edge-triggered flip-flop clocked by i_clk)
Path Group: i_clk
Path Type: min

Fanout     Cap    Slew   Delay    Time   Description
-----------------------------------------------------------------------------
                          0.00    0.00   clock i_clk (rise edge)
                          0.00    0.00   clock source latency
                  0.00    0.00    0.00 ^ i_clk (in)
     1    0.03                           i_clk (net)
                  0.00    0.00    0.00 ^ clkbuf_0_i_clk/A (sky130_fd_sc_hd__clkbuf_16)
                  0.14    0.19    0.19 ^ clkbuf_0_i_clk/X (sky130_fd_sc_hd__clkbuf_16)
    16    0.13                           clknet_0_i_clk (net)
                  0.14    0.00    0.19 ^ clkbuf_4_7_0_i_clk/A (sky130_fd_sc_hd__clkbuf_8)
                  0.11    0.21    0.40 ^ clkbuf_4_7_0_i_clk/X (sky130_fd_sc_hd__clkbuf_8)
    16    0.06                           clknet_4_7_0_i_clk (net)
                  0.11    0.00    0.40 ^ _2176_/CLK (sky130_fd_sc_hd__dfxtp_1)
                  0.09    0.36    0.76 ^ _2176_/Q (sky130_fd_sc_hd__dfxtp_1)
     2    0.01                           u_cordic.r_atan_lut[9] (net)
                  0.09    0.00    0.76 ^ _1800_/A (sky130_fd_sc_hd__xnor2_1)
                  0.06    0.09    0.85 v _1800_/Y (sky130_fd_sc_hd__xnor2_1)
     2    0.01                           _0243_ (net)
                  0.06    0.00    0.85 v _1801_/B (sky130_fd_sc_hd__nand2_1)
                  0.06    0.08    0.94 ^ _1801_/Y (sky130_fd_sc_hd__nand2_1)
     2    0.01                           _0244_ (net)
                  0.06    0.00    0.94 ^ _1804_/A (sky130_fd_sc_hd__nand2_1)
                  0.05    0.07    1.00 v _1804_/Y (sky130_fd_sc_hd__nand2_1)
     1    0.01                           _0247_ (net)
                  0.05    0.00    1.00 v _1806_/A (sky130_fd_sc_hd__xnor2_1)
                  0.05    0.15    1.15 ^ _1806_/Y (sky130_fd_sc_hd__xnor2_1)
     1    0.00                           _0249_ (net)
                  0.05    0.00    1.15 ^ _1807_/A1 (sky130_fd_sc_hd__mux2_1)
                  0.05    0.13    1.27 ^ _1807_/X (sky130_fd_sc_hd__mux2_1)
     1    0.00                           _0250_ (net)
                  0.05    0.00    1.27 ^ _1808_/A1 (sky130_fd_sc_hd__mux2_1)
                  0.04    0.12    1.39 ^ _1808_/X (sky130_fd_sc_hd__mux2_1)
     1    0.00                           _0251_ (net)
                  0.04    0.00    1.39 ^ _1809_/A (sky130_fd_sc_hd__clkbuf_1)
                  0.05    0.08    1.47 ^ _1809_/X (sky130_fd_sc_hd__clkbuf_1)
     1    0.00                           _0102_ (net)
                  0.05    0.00    1.47 ^ _2126_/D (sky130_fd_sc_hd__dfxtp_1)
                                  1.47   data arrival time

                          0.00    0.00   clock i_clk (rise edge)
                          0.00    0.00   clock source latency
                  0.00    0.00    0.00 ^ i_clk (in)
     1    0.03                           i_clk (net)
                  0.00    0.00    0.00 ^ clkbuf_0_i_clk/A (sky130_fd_sc_hd__clkbuf_16)
                  0.14    0.19    0.19 ^ clkbuf_0_i_clk/X (sky130_fd_sc_hd__clkbuf_16)
    16    0.13                           clknet_0_i_clk (net)
                  0.14    0.00    0.19 ^ clkbuf_4_7_0_i_clk/A (sky130_fd_sc_hd__clkbuf_8)
                  0.11    0.21    0.40 ^ clkbuf_4_7_0_i_clk/X (sky130_fd_sc_hd__clkbuf_8)
    16    0.06                           clknet_4_7_0_i_clk (net)
                  0.11    0.00    0.40 ^ _2126_/CLK (sky130_fd_sc_hd__dfxtp_1)
                          0.50    0.90   clock uncertainty
                          0.00    0.90   clock reconvergence pessimism
                         -0.02    0.88   library hold time
                                  0.88   data required time
-----------------------------------------------------------------------------
                                  0.88   data required time
                                 -1.47   data arrival time
-----------------------------------------------------------------------------
                                  0.59   slack (MET)


Startpoint: _2054_ (rising edge-triggered flip-flop clocked by i_clk)
Endpoint: _2055_ (rising edge-triggered flip-flop clocked by i_clk)
Path Group: i_clk
Path Type: min

Fanout     Cap    Slew   Delay    Time   Description
-----------------------------------------------------------------------------
                          0.00    0.00   clock i_clk (rise edge)
                          0.00    0.00   clock source latency
                  0.00    0.00    0.00 ^ i_clk (in)
     1    0.03                           i_clk (net)
                  0.00    0.00    0.00 ^ clkbuf_0_i_clk/A (sky130_fd_sc_hd__clkbuf_16)
                  0.14    0.19    0.19 ^ clkbuf_0_i_clk/X (sky130_fd_sc_hd__clkbuf_16)
    16    0.13                           clknet_0_i_clk (net)
                  0.14    0.00    0.19 ^ clkbuf_4_0_0_i_clk/A (sky130_fd_sc_hd__clkbuf_8)
                  0.07    0.18    0.38 ^ clkbuf_4_0_0_i_clk/X (sky130_fd_sc_hd__clkbuf_8)
    11    0.03                           clknet_4_0_0_i_clk (net)
                  0.07    0.00    0.38 ^ _2054_/CLK (sky130_fd_sc_hd__dfxtp_1)
                  0.05    0.32    0.70 ^ _2054_/Q (sky130_fd_sc_hd__dfxtp_1)
     1    0.00                           u_spi_target.r_mosi_sync[0] (net)
                  0.05    0.00    0.70 ^ hold88/A (sky130_fd_sc_hd__dlygate4sd3_1)
                  0.06    0.55    1.25 ^ hold88/X (sky130_fd_sc_hd__dlygate4sd3_1)
     1    0.00                           net94 (net)
                  0.06    0.00    1.25 ^ _1566_/B (sky130_fd_sc_hd__and2_1)
                  0.06    0.13    1.38 ^ _1566_/X (sky130_fd_sc_hd__and2_1)
     1    0.00                           _0928_ (net)
                  0.06    0.00    1.38 ^ _1567_/A (sky130_fd_sc_hd__clkbuf_1)
                  0.04    0.08    1.46 ^ _1567_/X (sky130_fd_sc_hd__clkbuf_1)
     1    0.00                           _0037_ (net)
                  0.04    0.00    1.46 ^ _2055_/D (sky130_fd_sc_hd__dfxtp_1)
                                  1.46   data arrival time

                          0.00    0.00   clock i_clk (rise edge)
                          0.00    0.00   clock source latency
                  0.00    0.00    0.00 ^ i_clk (in)
     1    0.03                           i_clk (net)
                  0.00    0.00    0.00 ^ clkbuf_0_i_clk/A (sky130_fd_sc_hd__clkbuf_16)
                  0.14    0.19    0.19 ^ clkbuf_0_i_clk/X (sky130_fd_sc_hd__clkbuf_16)
    16    0.13                           clknet_0_i_clk (net)
                  0.14    0.00    0.19 ^ clkbuf_4_1_0_i_clk/A (sky130_fd_sc_hd__clkbuf_8)
                  0.08    0.19    0.38 ^ clkbuf_4_1_0_i_clk/X (sky130_fd_sc_hd__clkbuf_8)
    13    0.04                           clknet_4_1_0_i_clk (net)
                  0.08    0.00    0.39 ^ _2055_/CLK (sky130_fd_sc_hd__dfxtp_1)
                          0.50    0.89   clock uncertainty
                          0.00    0.89   clock reconvergence pessimism
                         -0.03    0.86   library hold time
                                  0.86   data required time
-----------------------------------------------------------------------------
                                  0.86   data required time
                                 -1.46   data arrival time
-----------------------------------------------------------------------------
                                  0.60   slack (MET)


Startpoint: _2048_ (rising edge-triggered flip-flop clocked by i_clk)
Endpoint: _2049_ (rising edge-triggered flip-flop clocked by i_clk)
Path Group: i_clk
Path Type: min

Fanout     Cap    Slew   Delay    Time   Description
-----------------------------------------------------------------------------
                          0.00    0.00   clock i_clk (rise edge)
                          0.00    0.00   clock source latency
                  0.00    0.00    0.00 ^ i_clk (in)
     1    0.03                           i_clk (net)
                  0.00    0.00    0.00 ^ clkbuf_0_i_clk/A (sky130_fd_sc_hd__clkbuf_16)
                  0.14    0.19    0.19 ^ clkbuf_0_i_clk/X (sky130_fd_sc_hd__clkbuf_16)
    16    0.13                           clknet_0_i_clk (net)
                  0.14    0.00    0.19 ^ clkbuf_4_13_0_i_clk/A (sky130_fd_sc_hd__clkbuf_8)
                  0.07    0.18    0.37 ^ clkbuf_4_13_0_i_clk/X (sky130_fd_sc_hd__clkbuf_8)
     9    0.03                           clknet_4_13_0_i_clk (net)
                  0.07    0.00    0.37 ^ _2048_/CLK (sky130_fd_sc_hd__dfxtp_2)
                  0.19    0.43    0.81 ^ _2048_/Q (sky130_fd_sc_hd__dfxtp_2)
     8    0.04                           u_cordic.r_y[15] (net)
                  0.19    0.00    0.81 ^ _1524_/A (sky130_fd_sc_hd__inv_2)
                  0.06    0.08    0.89 v _1524_/Y (sky130_fd_sc_hd__inv_2)
     3    0.01                           _0890_ (net)
                  0.06    0.00    0.89 v _1545_/A (sky130_fd_sc_hd__nand2_1)
                  0.05    0.07    0.96 ^ _1545_/Y (sky130_fd_sc_hd__nand2_1)
     1    0.00                           _0910_ (net)
                  0.05    0.00    0.96 ^ _1546_/B1 (sky130_fd_sc_hd__o21ai_1)
                  0.05    0.07    1.04 v _1546_/Y (sky130_fd_sc_hd__o21ai_1)
     1    0.01                           _0911_ (net)
                  0.05    0.00    1.04 v _1547_/A (sky130_fd_sc_hd__inv_2)
                  0.03    0.05    1.09 ^ _1547_/Y (sky130_fd_sc_hd__inv_2)
     2    0.01                           _0912_ (net)
                  0.03    0.00    1.09 ^ _1551_/B (sky130_fd_sc_hd__or4_1)
                  0.05    0.10    1.19 ^ _1551_/X (sky130_fd_sc_hd__or4_1)
     1    0.00                           _0916_ (net)
                  0.05    0.00    1.19 ^ _1554_/A1 (sky130_fd_sc_hd__a21o_1)
                  0.04    0.11    1.30 ^ _1554_/X (sky130_fd_sc_hd__a21o_1)
     1    0.00                           _0919_ (net)
                  0.04    0.00    1.30 ^ _1555_/A1 (sky130_fd_sc_hd__mux2_1)
                  0.04    0.12    1.41 ^ _1555_/X (sky130_fd_sc_hd__mux2_1)
     1    0.00                           _0920_ (net)
                  0.04    0.00    1.41 ^ _1556_/A (sky130_fd_sc_hd__clkbuf_1)
                  0.04    0.07    1.48 ^ _1556_/X (sky130_fd_sc_hd__clkbuf_1)
     1    0.00                           _0034_ (net)
                  0.04    0.00    1.48 ^ _2049_/D (sky130_fd_sc_hd__dfxtp_2)
                                  1.48   data arrival time

                          0.00    0.00   clock i_clk (rise edge)
                          0.00    0.00   clock source latency
                  0.00    0.00    0.00 ^ i_clk (in)
     1    0.03                           i_clk (net)
                  0.00    0.00    0.00 ^ clkbuf_0_i_clk/A (sky130_fd_sc_hd__clkbuf_16)
                  0.14    0.19    0.19 ^ clkbuf_0_i_clk/X (sky130_fd_sc_hd__clkbuf_16)
    16    0.13                           clknet_0_i_clk (net)
                  0.14    0.00    0.19 ^ clkbuf_4_7_0_i_clk/A (sky130_fd_sc_hd__clkbuf_8)
                  0.11    0.21    0.40 ^ clkbuf_4_7_0_i_clk/X (sky130_fd_sc_hd__clkbuf_8)
    16    0.06                           clknet_4_7_0_i_clk (net)
                  0.11    0.00    0.40 ^ _2049_/CLK (sky130_fd_sc_hd__dfxtp_2)
                          0.50    0.90   clock uncertainty
                          0.00    0.90   clock reconvergence pessimism
                         -0.02    0.88   library hold time
                                  0.88   data required time
-----------------------------------------------------------------------------
                                  0.88   data required time
                                 -1.48   data arrival time
-----------------------------------------------------------------------------
                                  0.60   slack (MET)


Startpoint: _2053_ (rising edge-triggered flip-flop clocked by i_clk)
Endpoint: _2134_ (rising edge-triggered flip-flop clocked by i_clk)
Path Group: i_clk
Path Type: min

Fanout     Cap    Slew   Delay    Time   Description
-----------------------------------------------------------------------------
                          0.00    0.00   clock i_clk (rise edge)
                          0.00    0.00   clock source latency
                  0.00    0.00    0.00 ^ i_clk (in)
     1    0.03                           i_clk (net)
                  0.00    0.00    0.00 ^ clkbuf_0_i_clk/A (sky130_fd_sc_hd__clkbuf_16)
                  0.14    0.19    0.19 ^ clkbuf_0_i_clk/X (sky130_fd_sc_hd__clkbuf_16)
    16    0.13                           clknet_0_i_clk (net)
                  0.14    0.00    0.19 ^ clkbuf_4_1_0_i_clk/A (sky130_fd_sc_hd__clkbuf_8)
                  0.08    0.19    0.38 ^ clkbuf_4_1_0_i_clk/X (sky130_fd_sc_hd__clkbuf_8)
    13    0.04                           clknet_4_1_0_i_clk (net)
                  0.08    0.00    0.39 ^ _2053_/CLK (sky130_fd_sc_hd__dfxtp_1)
                  0.22    0.44    0.83 ^ _2053_/Q (sky130_fd_sc_hd__dfxtp_1)
     5    0.02                           u_cordic.r_state[2] (net)
                  0.22    0.00    0.83 ^ _1034_/A1 (sky130_fd_sc_hd__o21a_4)
                  0.17    0.27    1.10 ^ _1034_/X (sky130_fd_sc_hd__o21a_4)
    10    0.05                           _0436_ (net)
                  0.17    0.01    1.10 ^ _1891_/S (sky130_fd_sc_hd__mux2_1)
                  0.17    0.26    1.36 ^ _1891_/X (sky130_fd_sc_hd__mux2_1)
     1    0.02                           _0326_ (net)
                  0.17    0.00    1.36 ^ _1892_/A (sky130_fd_sc_hd__clkbuf_1)
                  0.04    0.10    1.46 ^ _1892_/X (sky130_fd_sc_hd__clkbuf_1)
     1    0.00                           _0110_ (net)
                  0.04    0.00    1.46 ^ _2134_/D (sky130_fd_sc_hd__dfxtp_1)
                                  1.46   data arrival time

                          0.00    0.00   clock i_clk (rise edge)
                          0.00    0.00   clock source latency
                  0.00    0.00    0.00 ^ i_clk (in)
     1    0.03                           i_clk (net)
                  0.00    0.00    0.00 ^ clkbuf_0_i_clk/A (sky130_fd_sc_hd__clkbuf_16)
                  0.14    0.19    0.19 ^ clkbuf_0_i_clk/X (sky130_fd_sc_hd__clkbuf_16)
    16    0.13                           clknet_0_i_clk (net)
                  0.14    0.00    0.19 ^ clkbuf_4_5_0_i_clk/A (sky130_fd_sc_hd__clkbuf_8)
                  0.08    0.19    0.38 ^ clkbuf_4_5_0_i_clk/X (sky130_fd_sc_hd__clkbuf_8)
    11    0.04                           clknet_4_5_0_i_clk (net)
                  0.08    0.00    0.38 ^ _2134_/CLK (sky130_fd_sc_hd__dfxtp_1)
                          0.50    0.88   clock uncertainty
                          0.00    0.88   clock reconvergence pessimism
                         -0.03    0.86   library hold time
                                  0.86   data required time
-----------------------------------------------------------------------------
                                  0.86   data required time
                                 -1.46   data arrival time
-----------------------------------------------------------------------------
                                  0.60   slack (MET)


Startpoint: _2053_ (rising edge-triggered flip-flop clocked by i_clk)
Endpoint: _2176_ (rising edge-triggered flip-flop clocked by i_clk)
Path Group: i_clk
Path Type: min

Fanout     Cap    Slew   Delay    Time   Description
-----------------------------------------------------------------------------
                          0.00    0.00   clock i_clk (rise edge)
                          0.00    0.00   clock source latency
                  0.00    0.00    0.00 ^ i_clk (in)
     1    0.03                           i_clk (net)
                  0.00    0.00    0.00 ^ clkbuf_0_i_clk/A (sky130_fd_sc_hd__clkbuf_16)
                  0.14    0.19    0.19 ^ clkbuf_0_i_clk/X (sky130_fd_sc_hd__clkbuf_16)
    16    0.13                           clknet_0_i_clk (net)
                  0.14    0.00    0.19 ^ clkbuf_4_1_0_i_clk/A (sky130_fd_sc_hd__clkbuf_8)
                  0.08    0.19    0.38 ^ clkbuf_4_1_0_i_clk/X (sky130_fd_sc_hd__clkbuf_8)
    13    0.04                           clknet_4_1_0_i_clk (net)
                  0.08    0.00    0.39 ^ _2053_/CLK (sky130_fd_sc_hd__dfxtp_1)
                  0.11    0.37    0.76 v _2053_/Q (sky130_fd_sc_hd__dfxtp_1)
     5    0.02                           u_cordic.r_state[2] (net)
                  0.11    0.00    0.76 v hold226/A (sky130_fd_sc_hd__clkbuf_2)
                  0.10    0.19    0.95 v hold226/X (sky130_fd_sc_hd__clkbuf_2)
     4    0.02                           net232 (net)
                  0.10    0.00    0.95 v _1039_/A (sky130_fd_sc_hd__nor2_1)
                  0.24    0.24    1.19 ^ _1039_/Y (sky130_fd_sc_hd__nor2_1)
     2    0.01                           _0441_ (net)
                  0.24    0.00    1.19 ^ _1040_/C (sky130_fd_sc_hd__nor3_4)
                  0.06    0.10    1.29 v _1040_/Y (sky130_fd_sc_hd__nor3_4)
     8    0.03                           _0050_ (net)
                  0.06    0.00    1.29 v _1057_/A (sky130_fd_sc_hd__inv_2)
                  0.06    0.08    1.36 ^ _1057_/Y (sky130_fd_sc_hd__inv_2)
     4    0.01                           _0455_ (net)
                  0.06    0.00    1.36 ^ _2021_/A1 (sky130_fd_sc_hd__a31o_1)
                  0.04    0.12    1.49 ^ _2021_/X (sky130_fd_sc_hd__a31o_1)
     1    0.00                           _0152_ (net)
                  0.04    0.00    1.49 ^ _2176_/D (sky130_fd_sc_hd__dfxtp_1)
                                  1.49   data arrival time

                          0.00    0.00   clock i_clk (rise edge)
                          0.00    0.00   clock source latency
                  0.00    0.00    0.00 ^ i_clk (in)
     1    0.03                           i_clk (net)
                  0.00    0.00    0.00 ^ clkbuf_0_i_clk/A (sky130_fd_sc_hd__clkbuf_16)
                  0.14    0.19    0.19 ^ clkbuf_0_i_clk/X (sky130_fd_sc_hd__clkbuf_16)
    16    0.13                           clknet_0_i_clk (net)
                  0.14    0.00    0.19 ^ clkbuf_4_7_0_i_clk/A (sky130_fd_sc_hd__clkbuf_8)
                  0.11    0.21    0.40 ^ clkbuf_4_7_0_i_clk/X (sky130_fd_sc_hd__clkbuf_8)
    16    0.06                           clknet_4_7_0_i_clk (net)
                  0.11    0.00    0.40 ^ _2176_/CLK (sky130_fd_sc_hd__dfxtp_1)
                          0.50    0.90   clock uncertainty
                          0.00    0.90   clock reconvergence pessimism
                         -0.02    0.88   library hold time
                                  0.88   data required time
-----------------------------------------------------------------------------
                                  0.88   data required time
                                 -1.49   data arrival time
-----------------------------------------------------------------------------
                                  0.61   slack (MET)


Startpoint: _2045_ (rising edge-triggered flip-flop clocked by i_clk)
Endpoint: _2046_ (rising edge-triggered flip-flop clocked by i_clk)
Path Group: i_clk
Path Type: min

Fanout     Cap    Slew   Delay    Time   Description
-----------------------------------------------------------------------------
                          0.00    0.00   clock i_clk (rise edge)
                          0.00    0.00   clock source latency
                  0.00    0.00    0.00 ^ i_clk (in)
     1    0.03                           i_clk (net)
                  0.00    0.00    0.00 ^ clkbuf_0_i_clk/A (sky130_fd_sc_hd__clkbuf_16)
                  0.14    0.19    0.19 ^ clkbuf_0_i_clk/X (sky130_fd_sc_hd__clkbuf_16)
    16    0.13                           clknet_0_i_clk (net)
                  0.14    0.00    0.19 ^ clkbuf_4_13_0_i_clk/A (sky130_fd_sc_hd__clkbuf_8)
                  0.07    0.18    0.37 ^ clkbuf_4_13_0_i_clk/X (sky130_fd_sc_hd__clkbuf_8)
     9    0.03                           clknet_4_13_0_i_clk (net)
                  0.07    0.00    0.37 ^ _2045_/CLK (sky130_fd_sc_hd__dfxtp_2)
                  0.09    0.38    0.75 v _2045_/Q (sky130_fd_sc_hd__dfxtp_2)
     8    0.04                           u_cordic.r_y[12] (net)
                  0.09    0.00    0.76 v _1492_/A (sky130_fd_sc_hd__nand2_1)
                  0.15    0.15    0.91 ^ _1492_/Y (sky130_fd_sc_hd__nand2_1)
     5    0.02                           _0861_ (net)
                  0.15    0.00    0.91 ^ _1506_/A (sky130_fd_sc_hd__nand2_1)
                  0.05    0.08    0.99 v _1506_/Y (sky130_fd_sc_hd__nand2_1)
     1    0.00                           _0874_ (net)
                  0.05    0.00    0.99 v _1507_/B (sky130_fd_sc_hd__xor2_1)
                  0.12    0.14    1.13 ^ _1507_/X (sky130_fd_sc_hd__xor2_1)
     1    0.00                           _0875_ (net)
                  0.12    0.00    1.13 ^ _1508_/A2 (sky130_fd_sc_hd__a21o_1)
                  0.03    0.12    1.25 ^ _1508_/X (sky130_fd_sc_hd__a21o_1)
     1    0.00                           _0876_ (net)
                  0.03    0.00    1.25 ^ _1509_/A1 (sky130_fd_sc_hd__mux2_1)
                  0.05    0.12    1.37 ^ _1509_/X (sky130_fd_sc_hd__mux2_1)
     1    0.00                           _0877_ (net)
                  0.05    0.00    1.37 ^ _1510_/A (sky130_fd_sc_hd__clkbuf_1)
                  0.05    0.08    1.46 ^ _1510_/X (sky130_fd_sc_hd__clkbuf_1)
     1    0.00                           _0031_ (net)
                  0.05    0.00    1.46 ^ _2046_/D (sky130_fd_sc_hd__dfxtp_2)
                                  1.46   data arrival time

                          0.00    0.00   clock i_clk (rise edge)
                          0.00    0.00   clock source latency
                  0.00    0.00    0.00 ^ i_clk (in)
     1    0.03                           i_clk (net)
                  0.00    0.00    0.00 ^ clkbuf_0_i_clk/A (sky130_fd_sc_hd__clkbuf_16)
                  0.14    0.19    0.19 ^ clkbuf_0_i_clk/X (sky130_fd_sc_hd__clkbuf_16)
    16    0.13                           clknet_0_i_clk (net)
                  0.14    0.00    0.19 ^ clkbuf_4_13_0_i_clk/A (sky130_fd_sc_hd__clkbuf_8)
                  0.07    0.18    0.37 ^ clkbuf_4_13_0_i_clk/X (sky130_fd_sc_hd__clkbuf_8)
     9    0.03                           clknet_4_13_0_i_clk (net)
                  0.07    0.00    0.37 ^ _2046_/CLK (sky130_fd_sc_hd__dfxtp_2)
                          0.50    0.87   clock uncertainty
                          0.00    0.87   clock reconvergence pessimism
                         -0.03    0.85   library hold time
                                  0.85   data required time
-----------------------------------------------------------------------------
                                  0.85   data required time
                                 -1.46   data arrival time
-----------------------------------------------------------------------------
                                  0.61   slack (MET)


Startpoint: _2049_ (rising edge-triggered flip-flop clocked by i_clk)
Endpoint: _2050_ (rising edge-triggered flip-flop clocked by i_clk)
Path Group: i_clk
Path Type: min

Fanout     Cap    Slew   Delay    Time   Description
-----------------------------------------------------------------------------
                          0.00    0.00   clock i_clk (rise edge)
                          0.00    0.00   clock source latency
                  0.00    0.00    0.00 ^ i_clk (in)
     1    0.03                           i_clk (net)
                  0.00    0.00    0.00 ^ clkbuf_0_i_clk/A (sky130_fd_sc_hd__clkbuf_16)
                  0.14    0.19    0.19 ^ clkbuf_0_i_clk/X (sky130_fd_sc_hd__clkbuf_16)
    16    0.13                           clknet_0_i_clk (net)
                  0.14    0.00    0.19 ^ clkbuf_4_7_0_i_clk/A (sky130_fd_sc_hd__clkbuf_8)
                  0.11    0.21    0.40 ^ clkbuf_4_7_0_i_clk/X (sky130_fd_sc_hd__clkbuf_8)
    16    0.06                           clknet_4_7_0_i_clk (net)
                  0.11    0.00    0.40 ^ _2049_/CLK (sky130_fd_sc_hd__dfxtp_2)
                  0.08    0.38    0.79 v _2049_/Q (sky130_fd_sc_hd__dfxtp_2)
     9    0.03                           u_cordic.r_y[16] (net)
                  0.08    0.00    0.79 v _1541_/B (sky130_fd_sc_hd__and2b_1)
                  0.06    0.19    0.98 v _1541_/X (sky130_fd_sc_hd__and2b_1)
     3    0.01                           _0906_ (net)
                  0.06    0.00    0.98 v _1560_/A1 (sky130_fd_sc_hd__o21ai_1)
                  0.08    0.13    1.11 ^ _1560_/Y (sky130_fd_sc_hd__o21ai_1)
     1    0.00                           _0924_ (net)
                  0.08    0.00    1.11 ^ _1561_/A3 (sky130_fd_sc_hd__a31o_1)
                  0.06    0.16    1.27 ^ _1561_/X (sky130_fd_sc_hd__a31o_1)
     1    0.00                           _0925_ (net)
                  0.06    0.00    1.27 ^ _1562_/A1 (sky130_fd_sc_hd__mux2_1)
                  0.04    0.12    1.39 ^ _1562_/X (sky130_fd_sc_hd__mux2_1)
     1    0.00                           _0926_ (net)
                  0.04    0.00    1.39 ^ _1563_/A (sky130_fd_sc_hd__clkbuf_1)
                  0.04    0.07    1.46 ^ _1563_/X (sky130_fd_sc_hd__clkbuf_1)
     1    0.00                           _0035_ (net)
                  0.04    0.00    1.46 ^ _2050_/D (sky130_fd_sc_hd__dfxtp_1)
                                  1.46   data arrival time

                          0.00    0.00   clock i_clk (rise edge)
                          0.00    0.00   clock source latency
                  0.00    0.00    0.00 ^ i_clk (in)
     1    0.03                           i_clk (net)
                  0.00    0.00    0.00 ^ clkbuf_0_i_clk/A (sky130_fd_sc_hd__clkbuf_16)
                  0.14    0.19    0.19 ^ clkbuf_0_i_clk/X (sky130_fd_sc_hd__clkbuf_16)
    16    0.13                           clknet_0_i_clk (net)
                  0.14    0.00    0.19 ^ clkbuf_4_6_0_i_clk/A (sky130_fd_sc_hd__clkbuf_8)
                  0.07    0.18    0.38 ^ clkbuf_4_6_0_i_clk/X (sky130_fd_sc_hd__clkbuf_8)
    11    0.03                           clknet_4_6_0_i_clk (net)
                  0.07    0.00    0.38 ^ _2050_/CLK (sky130_fd_sc_hd__dfxtp_1)
                          0.50    0.88   clock uncertainty
                          0.00    0.88   clock reconvergence pessimism
                         -0.03    0.85   library hold time
                                  0.85   data required time
-----------------------------------------------------------------------------
                                  0.85   data required time
                                 -1.46   data arrival time
-----------------------------------------------------------------------------
                                  0.61   slack (MET)


Startpoint: _2077_ (rising edge-triggered flip-flop clocked by i_clk)
Endpoint: _2174_ (rising edge-triggered flip-flop clocked by i_clk)
Path Group: i_clk
Path Type: min

Fanout     Cap    Slew   Delay    Time   Description
-----------------------------------------------------------------------------
                          0.00    0.00   clock i_clk (rise edge)
                          0.00    0.00   clock source latency
                  0.00    0.00    0.00 ^ i_clk (in)
     1    0.03                           i_clk (net)
                  0.00    0.00    0.00 ^ clkbuf_0_i_clk/A (sky130_fd_sc_hd__clkbuf_16)
                  0.14    0.19    0.19 ^ clkbuf_0_i_clk/X (sky130_fd_sc_hd__clkbuf_16)
    16    0.13                           clknet_0_i_clk (net)
                  0.14    0.00    0.19 ^ clkbuf_4_6_0_i_clk/A (sky130_fd_sc_hd__clkbuf_8)
                  0.07    0.18    0.38 ^ clkbuf_4_6_0_i_clk/X (sky130_fd_sc_hd__clkbuf_8)
    11    0.03                           clknet_4_6_0_i_clk (net)
                  0.07    0.00    0.38 ^ _2077_/CLK (sky130_fd_sc_hd__dfxtp_1)
                  0.12    0.37    0.75 ^ _2077_/Q (sky130_fd_sc_hd__dfxtp_1)
     2    0.01                           u_cordic.r_iter[3] (net)
                  0.12    0.00    0.75 ^ _1018_/A (sky130_fd_sc_hd__clkbuf_4)
                  0.15    0.24    0.99 ^ _1018_/X (sky130_fd_sc_hd__clkbuf_4)
    10    0.05                           _0422_ (net)
                  0.15    0.00    0.99 ^ _1019_/A (sky130_fd_sc_hd__buf_4)
                  0.17    0.24    1.23 ^ _1019_/X (sky130_fd_sc_hd__buf_4)
    10    0.06                           _0423_ (net)
                  0.17    0.01    1.23 ^ _1051_/A1 (sky130_fd_sc_hd__o21ai_4)
                  0.09    0.13    1.36 v _1051_/Y (sky130_fd_sc_hd__o21ai_4)
    10    0.03                           _0451_ (net)
                  0.09    0.00    1.36 v _2018_/B1 (sky130_fd_sc_hd__o31a_1)
                  0.03    0.12    1.49 v _2018_/X (sky130_fd_sc_hd__o31a_1)
     1    0.00                           _0150_ (net)
                  0.03    0.00    1.49 v _2174_/D (sky130_fd_sc_hd__dfxtp_1)
                                  1.49   data arrival time

                          0.00    0.00   clock i_clk (rise edge)
                          0.00    0.00   clock source latency
                  0.00    0.00    0.00 ^ i_clk (in)
     1    0.03                           i_clk (net)
                  0.00    0.00    0.00 ^ clkbuf_0_i_clk/A (sky130_fd_sc_hd__clkbuf_16)
                  0.14    0.19    0.19 ^ clkbuf_0_i_clk/X (sky130_fd_sc_hd__clkbuf_16)
    16    0.13                           clknet_0_i_clk (net)
                  0.14    0.00    0.19 ^ clkbuf_4_7_0_i_clk/A (sky130_fd_sc_hd__clkbuf_8)
                  0.11    0.21    0.40 ^ clkbuf_4_7_0_i_clk/X (sky130_fd_sc_hd__clkbuf_8)
    16    0.06                           clknet_4_7_0_i_clk (net)
                  0.11    0.00    0.40 ^ _2174_/CLK (sky130_fd_sc_hd__dfxtp_1)
                          0.50    0.90   clock uncertainty
                          0.00    0.90   clock reconvergence pessimism
                         -0.03    0.87   library hold time
                                  0.87   data required time
-----------------------------------------------------------------------------
                                  0.87   data required time
                                 -1.49   data arrival time
-----------------------------------------------------------------------------
                                  0.62   slack (MET)


Startpoint: _2157_ (rising edge-triggered flip-flop clocked by i_clk)
Endpoint: _2157_ (rising edge-triggered flip-flop clocked by i_clk)
Path Group: i_clk
Path Type: min

Fanout     Cap    Slew   Delay    Time   Description
-----------------------------------------------------------------------------
                          0.00    0.00   clock i_clk (rise edge)
                          0.00    0.00   clock source latency
                  0.00    0.00    0.00 ^ i_clk (in)
     1    0.03                           i_clk (net)
                  0.00    0.00    0.00 ^ clkbuf_0_i_clk/A (sky130_fd_sc_hd__clkbuf_16)
                  0.14    0.19    0.19 ^ clkbuf_0_i_clk/X (sky130_fd_sc_hd__clkbuf_16)
    16    0.13                           clknet_0_i_clk (net)
                  0.14    0.00    0.19 ^ clkbuf_4_10_0_i_clk/A (sky130_fd_sc_hd__clkbuf_8)
                  0.06    0.17    0.37 ^ clkbuf_4_10_0_i_clk/X (sky130_fd_sc_hd__clkbuf_8)
     7    0.02                           clknet_4_10_0_i_clk (net)
                  0.06    0.00    0.37 ^ _2157_/CLK (sky130_fd_sc_hd__dfxtp_1)
                  0.03    0.30    0.66 ^ _2157_/Q (sky130_fd_sc_hd__dfxtp_1)
     1    0.00                           u_spi_target.r_miso_data[6] (net)
                  0.03    0.00    0.66 ^ hold108/A (sky130_fd_sc_hd__dlygate4sd3_1)
                  0.08    0.56    1.22 ^ hold108/X (sky130_fd_sc_hd__dlygate4sd3_1)
     2    0.01                           net114 (net)
                  0.08    0.00    1.22 ^ _1968_/A (sky130_fd_sc_hd__or2_1)
                  0.05    0.11    1.33 ^ _1968_/X (sky130_fd_sc_hd__or2_1)
     1    0.00                           _0380_ (net)
                  0.05    0.00    1.33 ^ _1969_/B1 (sky130_fd_sc_hd__o211a_1)
                  0.04    0.13    1.46 ^ _1969_/X (sky130_fd_sc_hd__o211a_1)
     1    0.00                           _0133_ (net)
                  0.04    0.00    1.46 ^ _2157_/D (sky130_fd_sc_hd__dfxtp_1)
                                  1.46   data arrival time

                          0.00    0.00   clock i_clk (rise edge)
                          0.00    0.00   clock source latency
                  0.00    0.00    0.00 ^ i_clk (in)
     1    0.03                           i_clk (net)
                  0.00    0.00    0.00 ^ clkbuf_0_i_clk/A (sky130_fd_sc_hd__clkbuf_16)
                  0.14    0.19    0.19 ^ clkbuf_0_i_clk/X (sky130_fd_sc_hd__clkbuf_16)
    16    0.13                           clknet_0_i_clk (net)
                  0.14    0.00    0.19 ^ clkbuf_4_10_0_i_clk/A (sky130_fd_sc_hd__clkbuf_8)
                  0.06    0.17    0.37 ^ clkbuf_4_10_0_i_clk/X (sky130_fd_sc_hd__clkbuf_8)
     7    0.02                           clknet_4_10_0_i_clk (net)
                  0.06    0.00    0.37 ^ _2157_/CLK (sky130_fd_sc_hd__dfxtp_1)
                          0.50    0.87   clock uncertainty
                          0.00    0.87   clock reconvergence pessimism
                         -0.03    0.84   library hold time
                                  0.84   data required time
-----------------------------------------------------------------------------
                                  0.84   data required time
                                 -1.46   data arrival time
-----------------------------------------------------------------------------
                                  0.62   slack (MET)


Startpoint: _2112_ (rising edge-triggered flip-flop clocked by i_clk)
Endpoint: _2160_ (rising edge-triggered flip-flop clocked by i_clk)
Path Group: i_clk
Path Type: min

Fanout     Cap    Slew   Delay    Time   Description
-----------------------------------------------------------------------------
                          0.00    0.00   clock i_clk (rise edge)
                          0.00    0.00   clock source latency
                  0.00    0.00    0.00 ^ i_clk (in)
     1    0.03                           i_clk (net)
                  0.00    0.00    0.00 ^ clkbuf_0_i_clk/A (sky130_fd_sc_hd__clkbuf_16)
                  0.14    0.19    0.19 ^ clkbuf_0_i_clk/X (sky130_fd_sc_hd__clkbuf_16)
    16    0.13                           clknet_0_i_clk (net)
                  0.14    0.00    0.19 ^ clkbuf_4_1_0_i_clk/A (sky130_fd_sc_hd__clkbuf_8)
                  0.08    0.19    0.38 ^ clkbuf_4_1_0_i_clk/X (sky130_fd_sc_hd__clkbuf_8)
    13    0.04                           clknet_4_1_0_i_clk (net)
                  0.08    0.00    0.39 ^ _2112_/CLK (sky130_fd_sc_hd__dfxtp_2)
                  0.10    0.39    0.78 v _2112_/Q (sky130_fd_sc_hd__dfxtp_2)
     8    0.04                           r_word_sel (net)
                  0.10    0.00    0.78 v _1941_/A (sky130_fd_sc_hd__clkbuf_4)
                  0.11    0.23    1.02 v _1941_/X (sky130_fd_sc_hd__clkbuf_4)
    10    0.05                           _0358_ (net)
                  0.11    0.00    1.02 v _1978_/S (sky130_fd_sc_hd__mux2_1)
                  0.04    0.22    1.24 ^ _1978_/X (sky130_fd_sc_hd__mux2_1)
     1    0.00                           _0387_ (net)
                  0.04    0.00    1.24 ^ _1979_/A1 (sky130_fd_sc_hd__mux2_1)
                  0.05    0.12    1.36 ^ _1979_/X (sky130_fd_sc_hd__mux2_1)
     1    0.00                           _0388_ (net)
                  0.05    0.00    1.36 ^ _1981_/A2 (sky130_fd_sc_hd__o211a_1)
                  0.04    0.13    1.48 ^ _1981_/X (sky130_fd_sc_hd__o211a_1)
     1    0.00                           _0136_ (net)
                  0.04    0.00    1.48 ^ _2160_/D (sky130_fd_sc_hd__dfxtp_1)
                                  1.48   data arrival time

                          0.00    0.00   clock i_clk (rise edge)
                          0.00    0.00   clock source latency
                  0.00    0.00    0.00 ^ i_clk (in)
     1    0.03                           i_clk (net)
                  0.00    0.00    0.00 ^ clkbuf_0_i_clk/A (sky130_fd_sc_hd__clkbuf_16)
                  0.14    0.19    0.19 ^ clkbuf_0_i_clk/X (sky130_fd_sc_hd__clkbuf_16)
    16    0.13                           clknet_0_i_clk (net)
                  0.14    0.01    0.19 ^ clkbuf_4_3_0_i_clk/A (sky130_fd_sc_hd__clkbuf_8)
                  0.08    0.19    0.38 ^ clkbuf_4_3_0_i_clk/X (sky130_fd_sc_hd__clkbuf_8)
    11    0.04                           clknet_4_3_0_i_clk (net)
                  0.08    0.00    0.38 ^ _2160_/CLK (sky130_fd_sc_hd__dfxtp_1)
                          0.50    0.88   clock uncertainty
                          0.00    0.88   clock reconvergence pessimism
                         -0.03    0.86   library hold time
                                  0.86   data required time
-----------------------------------------------------------------------------
                                  0.86   data required time
                                 -1.48   data arrival time
-----------------------------------------------------------------------------
                                  0.63   slack (MET)


Startpoint: _2152_ (rising edge-triggered flip-flop clocked by i_clk)
Endpoint: _2153_ (rising edge-triggered flip-flop clocked by i_clk)
Path Group: i_clk
Path Type: min

Fanout     Cap    Slew   Delay    Time   Description
-----------------------------------------------------------------------------
                          0.00    0.00   clock i_clk (rise edge)
                          0.00    0.00   clock source latency
                  0.00    0.00    0.00 ^ i_clk (in)
     1    0.03                           i_clk (net)
                  0.00    0.00    0.00 ^ clkbuf_0_i_clk/A (sky130_fd_sc_hd__clkbuf_16)
                  0.14    0.19    0.19 ^ clkbuf_0_i_clk/X (sky130_fd_sc_hd__clkbuf_16)
    16    0.13                           clknet_0_i_clk (net)
                  0.14    0.00    0.19 ^ clkbuf_4_8_0_i_clk/A (sky130_fd_sc_hd__clkbuf_8)
                  0.07    0.18    0.37 ^ clkbuf_4_8_0_i_clk/X (sky130_fd_sc_hd__clkbuf_8)
    10    0.03                           clknet_4_8_0_i_clk (net)
                  0.07    0.00    0.38 ^ _2152_/CLK (sky130_fd_sc_hd__dfxtp_1)
                  0.04    0.30    0.68 ^ _2152_/Q (sky130_fd_sc_hd__dfxtp_1)
     1    0.00                           u_spi_target.r_miso_data[1] (net)
                  0.04    0.00    0.68 ^ hold101/A (sky130_fd_sc_hd__dlygate4sd3_1)
                  0.06    0.54    1.22 ^ hold101/X (sky130_fd_sc_hd__dlygate4sd3_1)
     2    0.00                           net107 (net)
                  0.06    0.00    1.22 ^ _1950_/A0 (sky130_fd_sc_hd__mux2_1)
                  0.05    0.13    1.35 ^ _1950_/X (sky130_fd_sc_hd__mux2_1)
     1    0.00                           _0366_ (net)
                  0.05    0.00    1.35 ^ _1952_/A2 (sky130_fd_sc_hd__o211a_1)
                  0.04    0.13    1.48 ^ _1952_/X (sky130_fd_sc_hd__o211a_1)
     1    0.00                           _0129_ (net)
                  0.04    0.00    1.48 ^ _2153_/D (sky130_fd_sc_hd__dfxtp_1)
                                  1.48   data arrival time

                          0.00    0.00   clock i_clk (rise edge)
                          0.00    0.00   clock source latency
                  0.00    0.00    0.00 ^ i_clk (in)
     1    0.03                           i_clk (net)
                  0.00    0.00    0.00 ^ clkbuf_0_i_clk/A (sky130_fd_sc_hd__clkbuf_16)
                  0.14    0.19    0.19 ^ clkbuf_0_i_clk/X (sky130_fd_sc_hd__clkbuf_16)
    16    0.13                           clknet_0_i_clk (net)
                  0.14    0.00    0.19 ^ clkbuf_4_8_0_i_clk/A (sky130_fd_sc_hd__clkbuf_8)
                  0.07    0.18    0.37 ^ clkbuf_4_8_0_i_clk/X (sky130_fd_sc_hd__clkbuf_8)
    10    0.03                           clknet_4_8_0_i_clk (net)
                  0.07    0.00    0.38 ^ _2153_/CLK (sky130_fd_sc_hd__dfxtp_1)
                          0.50    0.88   clock uncertainty
                          0.00    0.88   clock reconvergence pessimism
                         -0.03    0.85   library hold time
                                  0.85   data required time
-----------------------------------------------------------------------------
                                  0.85   data required time
                                 -1.48   data arrival time
-----------------------------------------------------------------------------
                                  0.63   slack (MET)


Startpoint: _2149_ (rising edge-triggered flip-flop clocked by i_clk)
Endpoint: _2058_ (rising edge-triggered flip-flop clocked by i_clk)
Path Group: i_clk
Path Type: min

Fanout     Cap    Slew   Delay    Time   Description
-----------------------------------------------------------------------------
                          0.00    0.00   clock i_clk (rise edge)
                          0.00    0.00   clock source latency
                  0.00    0.00    0.00 ^ i_clk (in)
     1    0.03                           i_clk (net)
                  0.00    0.00    0.00 ^ clkbuf_0_i_clk/A (sky130_fd_sc_hd__clkbuf_16)
                  0.14    0.19    0.19 ^ clkbuf_0_i_clk/X (sky130_fd_sc_hd__clkbuf_16)
    16    0.13                           clknet_0_i_clk (net)
                  0.14    0.00    0.19 ^ clkbuf_4_13_0_i_clk/A (sky130_fd_sc_hd__clkbuf_8)
                  0.07    0.18    0.37 ^ clkbuf_4_13_0_i_clk/X (sky130_fd_sc_hd__clkbuf_8)
     9    0.03                           clknet_4_13_0_i_clk (net)
                  0.07    0.00    0.38 ^ _2149_/CLK (sky130_fd_sc_hd__dfxtp_1)
                  0.10    0.35    0.73 ^ _2149_/Q (sky130_fd_sc_hd__dfxtp_1)
     3    0.01                           u_cordic.i_angle[14] (net)
                  0.10    0.00    0.73 ^ _1324_/A (sky130_fd_sc_hd__or2b_1)
                  0.13    0.17    0.90 ^ _1324_/X (sky130_fd_sc_hd__or2b_1)
     2    0.01                           _0704_ (net)
                  0.13    0.00    0.90 ^ _1325_/A3 (sky130_fd_sc_hd__a31o_1)
                  0.04    0.15    1.05 ^ _1325_/X (sky130_fd_sc_hd__a31o_1)
     1    0.00                           _0705_ (net)
                  0.04    0.00    1.05 ^ _1326_/A (sky130_fd_sc_hd__clkbuf_4)
                  0.22    0.26    1.31 ^ _1326_/X (sky130_fd_sc_hd__clkbuf_4)
    10    0.07                           _0706_ (net)
                  0.22    0.01    1.31 ^ _1577_/B1 (sky130_fd_sc_hd__o22a_1)
                  0.03    0.17    1.48 ^ _1577_/X (sky130_fd_sc_hd__o22a_1)
     1    0.00                           _0040_ (net)
                  0.03    0.00    1.48 ^ _2058_/D (sky130_fd_sc_hd__dfxtp_1)
                                  1.48   data arrival time

                          0.00    0.00   clock i_clk (rise edge)
                          0.00    0.00   clock source latency
                  0.00    0.00    0.00 ^ i_clk (in)
     1    0.03                           i_clk (net)
                  0.00    0.00    0.00 ^ clkbuf_0_i_clk/A (sky130_fd_sc_hd__clkbuf_16)
                  0.14    0.19    0.19 ^ clkbuf_0_i_clk/X (sky130_fd_sc_hd__clkbuf_16)
    16    0.13                           clknet_0_i_clk (net)
                  0.14    0.00    0.19 ^ clkbuf_4_11_0_i_clk/A (sky130_fd_sc_hd__clkbuf_8)
                  0.07    0.18    0.37 ^ clkbuf_4_11_0_i_clk/X (sky130_fd_sc_hd__clkbuf_8)
    10    0.03                           clknet_4_11_0_i_clk (net)
                  0.07    0.00    0.37 ^ _2058_/CLK (sky130_fd_sc_hd__dfxtp_1)
                          0.50    0.87   clock uncertainty
                          0.00    0.87   clock reconvergence pessimism
                         -0.03    0.85   library hold time
                                  0.85   data required time
-----------------------------------------------------------------------------
                                  0.85   data required time
                                 -1.48   data arrival time
-----------------------------------------------------------------------------
                                  0.63   slack (MET)


Startpoint: _2033_ (rising edge-triggered flip-flop clocked by i_clk)
Endpoint: _2130_ (rising edge-triggered flip-flop clocked by i_clk)
Path Group: i_clk
Path Type: min

Fanout     Cap    Slew   Delay    Time   Description
-----------------------------------------------------------------------------
                          0.00    0.00   clock i_clk (rise edge)
                          0.00    0.00   clock source latency
                  0.00    0.00    0.00 ^ i_clk (in)
     1    0.03                           i_clk (net)
                  0.00    0.00    0.00 ^ clkbuf_0_i_clk/A (sky130_fd_sc_hd__clkbuf_16)
                  0.14    0.19    0.19 ^ clkbuf_0_i_clk/X (sky130_fd_sc_hd__clkbuf_16)
    16    0.13                           clknet_0_i_clk (net)
                  0.14    0.00    0.19 ^ clkbuf_4_7_0_i_clk/A (sky130_fd_sc_hd__clkbuf_8)
                  0.11    0.21    0.40 ^ clkbuf_4_7_0_i_clk/X (sky130_fd_sc_hd__clkbuf_8)
    16    0.06                           clknet_4_7_0_i_clk (net)
                  0.11    0.00    0.40 ^ _2033_/CLK (sky130_fd_sc_hd__dfxtp_1)
                  0.11    0.37    0.78 ^ _2033_/Q (sky130_fd_sc_hd__dfxtp_1)
     2    0.01                           u_cordic.r_atan_lut[13] (net)
                  0.11    0.00    0.78 ^ _1848_/A (sky130_fd_sc_hd__xor2_1)
                  0.06    0.11    0.89 v _1848_/X (sky130_fd_sc_hd__xor2_1)
     2    0.01                           _0287_ (net)
                  0.06    0.00    0.89 v _1849_/B (sky130_fd_sc_hd__nand2_1)
                  0.08    0.10    0.99 ^ _1849_/Y (sky130_fd_sc_hd__nand2_1)
     3    0.01                           _0288_ (net)
                  0.08    0.00    0.99 ^ _1852_/C (sky130_fd_sc_hd__nand4_1)
                  0.06    0.09    1.09 v _1852_/Y (sky130_fd_sc_hd__nand4_1)
     1    0.00                           _0291_ (net)
                  0.06    0.00    1.09 v _1854_/A (sky130_fd_sc_hd__nand2_1)
                  0.05    0.07    1.15 ^ _1854_/Y (sky130_fd_sc_hd__nand2_1)
     1    0.00                           _0293_ (net)
                  0.05    0.00    1.15 ^ _1855_/A1 (sky130_fd_sc_hd__mux2_1)
                  0.05    0.12    1.28 ^ _1855_/X (sky130_fd_sc_hd__mux2_1)
     1    0.00                           _0294_ (net)
                  0.05    0.00    1.28 ^ _1856_/A1 (sky130_fd_sc_hd__mux2_1)
                  0.04    0.12    1.40 ^ _1856_/X (sky130_fd_sc_hd__mux2_1)
     1    0.00                           _0295_ (net)
                  0.04    0.00    1.40 ^ _1857_/A (sky130_fd_sc_hd__clkbuf_1)
                  0.04    0.08    1.47 ^ _1857_/X (sky130_fd_sc_hd__clkbuf_1)
     1    0.00                           _0106_ (net)
                  0.04    0.00    1.47 ^ _2130_/D (sky130_fd_sc_hd__dfxtp_1)
                                  1.47   data arrival time

                          0.00    0.00   clock i_clk (rise edge)
                          0.00    0.00   clock source latency
                  0.00    0.00    0.00 ^ i_clk (in)
     1    0.03                           i_clk (net)
                  0.00    0.00    0.00 ^ clkbuf_0_i_clk/A (sky130_fd_sc_hd__clkbuf_16)
                  0.14    0.19    0.19 ^ clkbuf_0_i_clk/X (sky130_fd_sc_hd__clkbuf_16)
    16    0.13                           clknet_0_i_clk (net)
                  0.14    0.00    0.19 ^ clkbuf_4_12_0_i_clk/A (sky130_fd_sc_hd__clkbuf_8)
                  0.06    0.17    0.37 ^ clkbuf_4_12_0_i_clk/X (sky130_fd_sc_hd__clkbuf_8)
     6    0.03                           clknet_4_12_0_i_clk (net)
                  0.06    0.00    0.37 ^ _2130_/CLK (sky130_fd_sc_hd__dfxtp_1)
                          0.50    0.87   clock uncertainty
                          0.00    0.87   clock reconvergence pessimism
                         -0.03    0.84   library hold time
                                  0.84   data required time
-----------------------------------------------------------------------------
                                  0.84   data required time
                                 -1.47   data arrival time
-----------------------------------------------------------------------------
                                  0.63   slack (MET)


Startpoint: _2112_ (rising edge-triggered flip-flop clocked by i_clk)
Endpoint: _2154_ (rising edge-triggered flip-flop clocked by i_clk)
Path Group: i_clk
Path Type: min

Fanout     Cap    Slew   Delay    Time   Description
-----------------------------------------------------------------------------
                          0.00    0.00   clock i_clk (rise edge)
                          0.00    0.00   clock source latency
                  0.00    0.00    0.00 ^ i_clk (in)
     1    0.03                           i_clk (net)
                  0.00    0.00    0.00 ^ clkbuf_0_i_clk/A (sky130_fd_sc_hd__clkbuf_16)
                  0.14    0.19    0.19 ^ clkbuf_0_i_clk/X (sky130_fd_sc_hd__clkbuf_16)
    16    0.13                           clknet_0_i_clk (net)
                  0.14    0.00    0.19 ^ clkbuf_4_1_0_i_clk/A (sky130_fd_sc_hd__clkbuf_8)
                  0.08    0.19    0.38 ^ clkbuf_4_1_0_i_clk/X (sky130_fd_sc_hd__clkbuf_8)
    13    0.04                           clknet_4_1_0_i_clk (net)
                  0.08    0.00    0.39 ^ _2112_/CLK (sky130_fd_sc_hd__dfxtp_2)
                  0.10    0.39    0.78 v _2112_/Q (sky130_fd_sc_hd__dfxtp_2)
     8    0.04                           r_word_sel (net)
                  0.10    0.00    0.78 v _1941_/A (sky130_fd_sc_hd__clkbuf_4)
                  0.11    0.23    1.02 v _1941_/X (sky130_fd_sc_hd__clkbuf_4)
    10    0.05                           _0358_ (net)
                  0.11    0.00    1.02 v _1953_/S (sky130_fd_sc_hd__mux2_1)
                  0.04    0.22    1.24 ^ _1953_/X (sky130_fd_sc_hd__mux2_1)
     1    0.00                           _0368_ (net)
                  0.04    0.00    1.24 ^ _1954_/A1 (sky130_fd_sc_hd__mux2_1)
                  0.05    0.12    1.36 ^ _1954_/X (sky130_fd_sc_hd__mux2_1)
     1    0.00                           _0369_ (net)
                  0.05    0.00    1.36 ^ _1956_/A2 (sky130_fd_sc_hd__o211a_1)
                  0.04    0.12    1.49 ^ _1956_/X (sky130_fd_sc_hd__o211a_1)
     1    0.00                           _0130_ (net)
                  0.04    0.00    1.49 ^ _2154_/D (sky130_fd_sc_hd__dfxtp_1)
                                  1.49   data arrival time

                          0.00    0.00   clock i_clk (rise edge)
                          0.00    0.00   clock source latency
                  0.00    0.00    0.00 ^ i_clk (in)
     1    0.03                           i_clk (net)
                  0.00    0.00    0.00 ^ clkbuf_0_i_clk/A (sky130_fd_sc_hd__clkbuf_16)
                  0.14    0.19    0.19 ^ clkbuf_0_i_clk/X (sky130_fd_sc_hd__clkbuf_16)
    16    0.13                           clknet_0_i_clk (net)
                  0.14    0.00    0.19 ^ clkbuf_4_8_0_i_clk/A (sky130_fd_sc_hd__clkbuf_8)
                  0.07    0.18    0.37 ^ clkbuf_4_8_0_i_clk/X (sky130_fd_sc_hd__clkbuf_8)
    10    0.03                           clknet_4_8_0_i_clk (net)
                  0.07    0.00    0.37 ^ _2154_/CLK (sky130_fd_sc_hd__dfxtp_1)
                          0.50    0.87   clock uncertainty
                          0.00    0.87   clock reconvergence pessimism
                         -0.03    0.85   library hold time
                                  0.85   data required time
-----------------------------------------------------------------------------
                                  0.85   data required time
                                 -1.49   data arrival time
-----------------------------------------------------------------------------
                                  0.64   slack (MET)


Startpoint: _2158_ (rising edge-triggered flip-flop clocked by i_clk)
Endpoint: _2159_ (rising edge-triggered flip-flop clocked by i_clk)
Path Group: i_clk
Path Type: min

Fanout     Cap    Slew   Delay    Time   Description
-----------------------------------------------------------------------------
                          0.00    0.00   clock i_clk (rise edge)
                          0.00    0.00   clock source latency
                  0.00    0.00    0.00 ^ i_clk (in)
     1    0.03                           i_clk (net)
                  0.00    0.00    0.00 ^ clkbuf_0_i_clk/A (sky130_fd_sc_hd__clkbuf_16)
                  0.14    0.19    0.19 ^ clkbuf_0_i_clk/X (sky130_fd_sc_hd__clkbuf_16)
    16    0.13                           clknet_0_i_clk (net)
                  0.14    0.00    0.19 ^ clkbuf_4_8_0_i_clk/A (sky130_fd_sc_hd__clkbuf_8)
                  0.07    0.18    0.37 ^ clkbuf_4_8_0_i_clk/X (sky130_fd_sc_hd__clkbuf_8)
    10    0.03                           clknet_4_8_0_i_clk (net)
                  0.07    0.00    0.38 ^ _2158_/CLK (sky130_fd_sc_hd__dfxtp_1)
                  0.06    0.32    0.70 ^ _2158_/Q (sky130_fd_sc_hd__dfxtp_1)
     2    0.01                           u_spi_target.r_miso_data[7] (net)
                  0.06    0.00    0.70 ^ _1975_/A0 (sky130_fd_sc_hd__mux2_1)
                  0.04    0.12    0.82 ^ _1975_/X (sky130_fd_sc_hd__mux2_1)
     1    0.00                           _0385_ (net)
                  0.04    0.00    0.82 ^ _1977_/A2 (sky130_fd_sc_hd__o211a_1)
                  0.04    0.12    0.94 ^ _1977_/X (sky130_fd_sc_hd__o211a_1)
     1    0.00                           _0135_ (net)
                  0.04    0.00    0.94 ^ hold115/A (sky130_fd_sc_hd__dlygate4sd3_1)
                  0.06    0.54    1.48 ^ hold115/X (sky130_fd_sc_hd__dlygate4sd3_1)
     1    0.00                           net121 (net)
                  0.06    0.00    1.48 ^ _2159_/D (sky130_fd_sc_hd__dfxtp_1)
                                  1.48   data arrival time

                          0.00    0.00   clock i_clk (rise edge)
                          0.00    0.00   clock source latency
                  0.00    0.00    0.00 ^ i_clk (in)
     1    0.03                           i_clk (net)
                  0.00    0.00    0.00 ^ clkbuf_0_i_clk/A (sky130_fd_sc_hd__clkbuf_16)
                  0.14    0.19    0.19 ^ clkbuf_0_i_clk/X (sky130_fd_sc_hd__clkbuf_16)
    16    0.13                           clknet_0_i_clk (net)
                  0.14    0.00    0.19 ^ clkbuf_4_8_0_i_clk/A (sky130_fd_sc_hd__clkbuf_8)
                  0.07    0.18    0.37 ^ clkbuf_4_8_0_i_clk/X (sky130_fd_sc_hd__clkbuf_8)
    10    0.03                           clknet_4_8_0_i_clk (net)
                  0.07    0.00    0.38 ^ _2159_/CLK (sky130_fd_sc_hd__dfxtp_1)
                          0.50    0.88   clock uncertainty
                          0.00    0.88   clock reconvergence pessimism
                         -0.03    0.84   library hold time
                                  0.84   data required time
-----------------------------------------------------------------------------
                                  0.84   data required time
                                 -1.48   data arrival time
-----------------------------------------------------------------------------
                                  0.64   slack (MET)


Startpoint: _2053_ (rising edge-triggered flip-flop clocked by i_clk)
Endpoint: _2068_ (rising edge-triggered flip-flop clocked by i_clk)
Path Group: i_clk
Path Type: min

Fanout     Cap    Slew   Delay    Time   Description
-----------------------------------------------------------------------------
                          0.00    0.00   clock i_clk (rise edge)
                          0.00    0.00   clock source latency
                  0.00    0.00    0.00 ^ i_clk (in)
     1    0.03                           i_clk (net)
                  0.00    0.00    0.00 ^ clkbuf_0_i_clk/A (sky130_fd_sc_hd__clkbuf_16)
                  0.14    0.19    0.19 ^ clkbuf_0_i_clk/X (sky130_fd_sc_hd__clkbuf_16)
    16    0.13                           clknet_0_i_clk (net)
                  0.14    0.00    0.19 ^ clkbuf_4_1_0_i_clk/A (sky130_fd_sc_hd__clkbuf_8)
                  0.08    0.19    0.38 ^ clkbuf_4_1_0_i_clk/X (sky130_fd_sc_hd__clkbuf_8)
    13    0.04                           clknet_4_1_0_i_clk (net)
                  0.08    0.00    0.39 ^ _2053_/CLK (sky130_fd_sc_hd__dfxtp_1)
                  0.11    0.37    0.76 v _2053_/Q (sky130_fd_sc_hd__dfxtp_1)
     5    0.02                           u_cordic.r_state[2] (net)
                  0.11    0.00    0.76 v hold226/A (sky130_fd_sc_hd__clkbuf_2)
                  0.10    0.19    0.95 v hold226/X (sky130_fd_sc_hd__clkbuf_2)
     4    0.02                           net232 (net)
                  0.10    0.00    0.95 v _1039_/A (sky130_fd_sc_hd__nor2_1)
                  0.24    0.24    1.19 ^ _1039_/Y (sky130_fd_sc_hd__nor2_1)
     2    0.01                           _0441_ (net)
                  0.24    0.00    1.19 ^ _1040_/C (sky130_fd_sc_hd__nor3_4)
                  0.06    0.10    1.29 v _1040_/Y (sky130_fd_sc_hd__nor3_4)
     8    0.03                           _0050_ (net)
                  0.06    0.00    1.29 v _1057_/A (sky130_fd_sc_hd__inv_2)
                  0.06    0.08    1.36 ^ _1057_/Y (sky130_fd_sc_hd__inv_2)
     4    0.01                           _0455_ (net)
                  0.06    0.00    1.36 ^ _1063_/A1 (sky130_fd_sc_hd__a31o_1)
                  0.04    0.13    1.49 ^ _1063_/X (sky130_fd_sc_hd__a31o_1)
     1    0.00                           _0001_ (net)
                  0.04    0.00    1.49 ^ _2068_/D (sky130_fd_sc_hd__dfxtp_1)
                                  1.49   data arrival time

                          0.00    0.00   clock i_clk (rise edge)
                          0.00    0.00   clock source latency
                  0.00    0.00    0.00 ^ i_clk (in)
     1    0.03                           i_clk (net)
                  0.00    0.00    0.00 ^ clkbuf_0_i_clk/A (sky130_fd_sc_hd__clkbuf_16)
                  0.14    0.19    0.19 ^ clkbuf_0_i_clk/X (sky130_fd_sc_hd__clkbuf_16)
    16    0.13                           clknet_0_i_clk (net)
                  0.14    0.00    0.19 ^ clkbuf_4_6_0_i_clk/A (sky130_fd_sc_hd__clkbuf_8)
                  0.07    0.18    0.38 ^ clkbuf_4_6_0_i_clk/X (sky130_fd_sc_hd__clkbuf_8)
    11    0.03                           clknet_4_6_0_i_clk (net)
                  0.07    0.00    0.38 ^ _2068_/CLK (sky130_fd_sc_hd__dfxtp_1)
                          0.50    0.88   clock uncertainty
                          0.00    0.88   clock reconvergence pessimism
                         -0.03    0.85   library hold time
                                  0.85   data required time
-----------------------------------------------------------------------------
                                  0.85   data required time
                                 -1.49   data arrival time
-----------------------------------------------------------------------------
                                  0.64   slack (MET)


Startpoint: _2168_ (rising edge-triggered flip-flop clocked by i_clk)
Endpoint: _2169_ (rising edge-triggered flip-flop clocked by i_clk)
Path Group: i_clk
Path Type: min

Fanout     Cap    Slew   Delay    Time   Description
-----------------------------------------------------------------------------
                          0.00    0.00   clock i_clk (rise edge)
                          0.00    0.00   clock source latency
                  0.00    0.00    0.00 ^ i_clk (in)
     1    0.03                           i_clk (net)
                  0.00    0.00    0.00 ^ clkbuf_0_i_clk/A (sky130_fd_sc_hd__clkbuf_16)
                  0.14    0.19    0.19 ^ clkbuf_0_i_clk/X (sky130_fd_sc_hd__clkbuf_16)
    16    0.13                           clknet_0_i_clk (net)
                  0.14    0.00    0.19 ^ clkbuf_4_0_0_i_clk/A (sky130_fd_sc_hd__clkbuf_8)
                  0.07    0.18    0.38 ^ clkbuf_4_0_0_i_clk/X (sky130_fd_sc_hd__clkbuf_8)
    11    0.03                           clknet_4_0_0_i_clk (net)
                  0.07    0.00    0.38 ^ _2168_/CLK (sky130_fd_sc_hd__dfxtp_1)
                  0.10    0.36    0.74 ^ _2168_/Q (sky130_fd_sc_hd__dfxtp_1)
     4    0.01                           u_spi_target.r_sck_sync[1] (net)
                  0.10    0.00    0.74 ^ hold176/A (sky130_fd_sc_hd__dlygate4sd3_1)
                  0.06    0.56    1.29 ^ hold176/X (sky130_fd_sc_hd__dlygate4sd3_1)
     1    0.00                           net182 (net)
                  0.06    0.00    1.29 ^ _2010_/B (sky130_fd_sc_hd__and2_1)
                  0.05    0.12    1.42 ^ _2010_/X (sky130_fd_sc_hd__and2_1)
     1    0.00                           _0410_ (net)
                  0.05    0.00    1.42 ^ _2011_/A (sky130_fd_sc_hd__clkbuf_1)
                  0.04    0.08    1.50 ^ _2011_/X (sky130_fd_sc_hd__clkbuf_1)
     1    0.00                           _0145_ (net)
                  0.04    0.00    1.50 ^ _2169_/D (sky130_fd_sc_hd__dfxtp_1)
                                  1.50   data arrival time

                          0.00    0.00   clock i_clk (rise edge)
                          0.00    0.00   clock source latency
                  0.00    0.00    0.00 ^ i_clk (in)
     1    0.03                           i_clk (net)
                  0.00    0.00    0.00 ^ clkbuf_0_i_clk/A (sky130_fd_sc_hd__clkbuf_16)
                  0.14    0.19    0.19 ^ clkbuf_0_i_clk/X (sky130_fd_sc_hd__clkbuf_16)
    16    0.13                           clknet_0_i_clk (net)
                  0.14    0.00    0.19 ^ clkbuf_4_0_0_i_clk/A (sky130_fd_sc_hd__clkbuf_8)
                  0.07    0.18    0.38 ^ clkbuf_4_0_0_i_clk/X (sky130_fd_sc_hd__clkbuf_8)
    11    0.03                           clknet_4_0_0_i_clk (net)
                  0.07    0.00    0.38 ^ _2169_/CLK (sky130_fd_sc_hd__dfxtp_1)
                          0.50    0.88   clock uncertainty
                          0.00    0.88   clock reconvergence pessimism
                         -0.03    0.85   library hold time
                                  0.85   data required time
-----------------------------------------------------------------------------
                                  0.85   data required time
                                 -1.50   data arrival time
-----------------------------------------------------------------------------
                                  0.65   slack (MET)


Startpoint: _2053_ (rising edge-triggered flip-flop clocked by i_clk)
Endpoint: _2075_ (rising edge-triggered flip-flop clocked by i_clk)
Path Group: i_clk
Path Type: min

Fanout     Cap    Slew   Delay    Time   Description
-----------------------------------------------------------------------------
                          0.00    0.00   clock i_clk (rise edge)
                          0.00    0.00   clock source latency
                  0.00    0.00    0.00 ^ i_clk (in)
     1    0.03                           i_clk (net)
                  0.00    0.00    0.00 ^ clkbuf_0_i_clk/A (sky130_fd_sc_hd__clkbuf_16)
                  0.14    0.19    0.19 ^ clkbuf_0_i_clk/X (sky130_fd_sc_hd__clkbuf_16)
    16    0.13                           clknet_0_i_clk (net)
                  0.14    0.00    0.19 ^ clkbuf_4_1_0_i_clk/A (sky130_fd_sc_hd__clkbuf_8)
                  0.08    0.19    0.38 ^ clkbuf_4_1_0_i_clk/X (sky130_fd_sc_hd__clkbuf_8)
    13    0.04                           clknet_4_1_0_i_clk (net)
                  0.08    0.00    0.39 ^ _2053_/CLK (sky130_fd_sc_hd__dfxtp_1)
                  0.11    0.37    0.76 v _2053_/Q (sky130_fd_sc_hd__dfxtp_1)
     5    0.02                           u_cordic.r_state[2] (net)
                  0.11    0.00    0.76 v _1041_/A (sky130_fd_sc_hd__inv_2)
                  0.14    0.15    0.91 ^ _1041_/Y (sky130_fd_sc_hd__inv_2)
     5    0.03                           _0442_ (net)
                  0.14    0.00    0.91 ^ _1042_/B1 (sky130_fd_sc_hd__a21o_1)
                  0.03    0.09    1.01 ^ _1042_/X (sky130_fd_sc_hd__a21o_1)
     1    0.00                           _0443_ (net)
                  0.03    0.00    1.01 ^ _1043_/C (sky130_fd_sc_hd__and3_1)
                  0.07    0.16    1.17 ^ _1043_/X (sky130_fd_sc_hd__and3_1)
     2    0.01                           _0444_ (net)
                  0.07    0.00    1.17 ^ _1047_/B1_N (sky130_fd_sc_hd__o21ba_1)
                  0.03    0.14    1.31 v _1047_/X (sky130_fd_sc_hd__o21ba_1)
     1    0.00                           _0448_ (net)
                  0.03    0.00    1.31 v _1048_/A (sky130_fd_sc_hd__buf_2)
                  0.08    0.16    1.47 v _1048_/X (sky130_fd_sc_hd__buf_2)
     9    0.03                           _0051_ (net)
                  0.08    0.00    1.47 v _2075_/D (sky130_fd_sc_hd__dfxtp_4)
                                  1.47   data arrival time

                          0.00    0.00   clock i_clk (rise edge)
                          0.00    0.00   clock source latency
                  0.00    0.00    0.00 ^ i_clk (in)
     1    0.03                           i_clk (net)
                  0.00    0.00    0.00 ^ clkbuf_0_i_clk/A (sky130_fd_sc_hd__clkbuf_16)
                  0.14    0.19    0.19 ^ clkbuf_0_i_clk/X (sky130_fd_sc_hd__clkbuf_16)
    16    0.13                           clknet_0_i_clk (net)
                  0.14    0.00    0.19 ^ clkbuf_4_6_0_i_clk/A (sky130_fd_sc_hd__clkbuf_8)
                  0.07    0.18    0.38 ^ clkbuf_4_6_0_i_clk/X (sky130_fd_sc_hd__clkbuf_8)
    11    0.03                           clknet_4_6_0_i_clk (net)
                  0.07    0.00    0.38 ^ _2075_/CLK (sky130_fd_sc_hd__dfxtp_4)
                          0.50    0.88   clock uncertainty
                          0.00    0.88   clock reconvergence pessimism
                         -0.05    0.82   library hold time
                                  0.82   data required time
-----------------------------------------------------------------------------
                                  0.82   data required time
                                 -1.47   data arrival time
-----------------------------------------------------------------------------
                                  0.65   slack (MET)


Startpoint: _2144_ (rising edge-triggered flip-flop clocked by i_clk)
Endpoint: _2144_ (rising edge-triggered flip-flop clocked by i_clk)
Path Group: i_clk
Path Type: min

Fanout     Cap    Slew   Delay    Time   Description
-----------------------------------------------------------------------------
                          0.00    0.00   clock i_clk (rise edge)
                          0.00    0.00   clock source latency
                  0.00    0.00    0.00 ^ i_clk (in)
     1    0.03                           i_clk (net)
                  0.00    0.00    0.00 ^ clkbuf_0_i_clk/A (sky130_fd_sc_hd__clkbuf_16)
                  0.14    0.19    0.19 ^ clkbuf_0_i_clk/X (sky130_fd_sc_hd__clkbuf_16)
    16    0.13                           clknet_0_i_clk (net)
                  0.14    0.00    0.19 ^ clkbuf_4_7_0_i_clk/A (sky130_fd_sc_hd__clkbuf_8)
                  0.11    0.21    0.40 ^ clkbuf_4_7_0_i_clk/X (sky130_fd_sc_hd__clkbuf_8)
    16    0.06                           clknet_4_7_0_i_clk (net)
                  0.11    0.00    0.40 ^ _2144_/CLK (sky130_fd_sc_hd__dfxtp_1)
                  0.09    0.36    0.76 ^ _2144_/Q (sky130_fd_sc_hd__dfxtp_1)
     3    0.01                           u_cordic.i_angle[9] (net)
                  0.09    0.00    0.76 ^ _1915_/A (sky130_fd_sc_hd__or2_1)
                  0.04    0.11    0.87 ^ _1915_/X (sky130_fd_sc_hd__or2_1)
     1    0.00                           _0340_ (net)
                  0.04    0.00    0.87 ^ _1917_/B1 (sky130_fd_sc_hd__o211a_1)
                  0.04    0.13    1.00 ^ _1917_/X (sky130_fd_sc_hd__o211a_1)
     1    0.00                           _0120_ (net)
                  0.04    0.00    1.00 ^ hold79/A (sky130_fd_sc_hd__dlygate4sd3_1)
                  0.05    0.53    1.53 ^ hold79/X (sky130_fd_sc_hd__dlygate4sd3_1)
     1    0.00                           net85 (net)
                  0.05    0.00    1.53 ^ _2144_/D (sky130_fd_sc_hd__dfxtp_1)
                                  1.53   data arrival time

                          0.00    0.00   clock i_clk (rise edge)
                          0.00    0.00   clock source latency
                  0.00    0.00    0.00 ^ i_clk (in)
     1    0.03                           i_clk (net)
                  0.00    0.00    0.00 ^ clkbuf_0_i_clk/A (sky130_fd_sc_hd__clkbuf_16)
                  0.14    0.19    0.19 ^ clkbuf_0_i_clk/X (sky130_fd_sc_hd__clkbuf_16)
    16    0.13                           clknet_0_i_clk (net)
                  0.14    0.00    0.19 ^ clkbuf_4_7_0_i_clk/A (sky130_fd_sc_hd__clkbuf_8)
                  0.11    0.21    0.40 ^ clkbuf_4_7_0_i_clk/X (sky130_fd_sc_hd__clkbuf_8)
    16    0.06                           clknet_4_7_0_i_clk (net)
                  0.11    0.00    0.40 ^ _2144_/CLK (sky130_fd_sc_hd__dfxtp_1)
                          0.50    0.90   clock uncertainty
                          0.00    0.90   clock reconvergence pessimism
                         -0.02    0.88   library hold time
                                  0.88   data required time
-----------------------------------------------------------------------------
                                  0.88   data required time
                                 -1.53   data arrival time
-----------------------------------------------------------------------------
                                  0.65   slack (MET)


Startpoint: _2148_ (rising edge-triggered flip-flop clocked by i_clk)
Endpoint: _2148_ (rising edge-triggered flip-flop clocked by i_clk)
Path Group: i_clk
Path Type: min

Fanout     Cap    Slew   Delay    Time   Description
-----------------------------------------------------------------------------
                          0.00    0.00   clock i_clk (rise edge)
                          0.00    0.00   clock source latency
                  0.00    0.00    0.00 ^ i_clk (in)
     1    0.03                           i_clk (net)
                  0.00    0.00    0.00 ^ clkbuf_0_i_clk/A (sky130_fd_sc_hd__clkbuf_16)
                  0.14    0.19    0.19 ^ clkbuf_0_i_clk/X (sky130_fd_sc_hd__clkbuf_16)
    16    0.13                           clknet_0_i_clk (net)
                  0.14    0.00    0.19 ^ clkbuf_4_13_0_i_clk/A (sky130_fd_sc_hd__clkbuf_8)
                  0.07    0.18    0.37 ^ clkbuf_4_13_0_i_clk/X (sky130_fd_sc_hd__clkbuf_8)
     9    0.03                           clknet_4_13_0_i_clk (net)
                  0.07    0.00    0.37 ^ _2148_/CLK (sky130_fd_sc_hd__dfxtp_1)
                  0.09    0.35    0.72 ^ _2148_/Q (sky130_fd_sc_hd__dfxtp_1)
     3    0.01                           u_cordic.i_angle[13] (net)
                  0.09    0.00    0.72 ^ _1924_/A (sky130_fd_sc_hd__or2_1)
                  0.04    0.11    0.83 ^ _1924_/X (sky130_fd_sc_hd__or2_1)
     1    0.00                           _0345_ (net)
                  0.04    0.00    0.83 ^ _1925_/B1 (sky130_fd_sc_hd__o211a_1)
                  0.05    0.14    0.97 ^ _1925_/X (sky130_fd_sc_hd__o211a_1)
     1    0.00                           _0124_ (net)
                  0.05    0.00    0.97 ^ hold54/A (sky130_fd_sc_hd__dlygate4sd3_1)
                  0.05    0.53    1.50 ^ hold54/X (sky130_fd_sc_hd__dlygate4sd3_1)
     1    0.00                           net60 (net)
                  0.05    0.00    1.50 ^ _2148_/D (sky130_fd_sc_hd__dfxtp_1)
                                  1.50   data arrival time

                          0.00    0.00   clock i_clk (rise edge)
                          0.00    0.00   clock source latency
                  0.00    0.00    0.00 ^ i_clk (in)
     1    0.03                           i_clk (net)
                  0.00    0.00    0.00 ^ clkbuf_0_i_clk/A (sky130_fd_sc_hd__clkbuf_16)
                  0.14    0.19    0.19 ^ clkbuf_0_i_clk/X (sky130_fd_sc_hd__clkbuf_16)
    16    0.13                           clknet_0_i_clk (net)
                  0.14    0.00    0.19 ^ clkbuf_4_13_0_i_clk/A (sky130_fd_sc_hd__clkbuf_8)
                  0.07    0.18    0.37 ^ clkbuf_4_13_0_i_clk/X (sky130_fd_sc_hd__clkbuf_8)
     9    0.03                           clknet_4_13_0_i_clk (net)
                  0.07    0.00    0.37 ^ _2148_/CLK (sky130_fd_sc_hd__dfxtp_1)
                          0.50    0.87   clock uncertainty
                          0.00    0.87   clock reconvergence pessimism
                         -0.03    0.85   library hold time
                                  0.85   data required time
-----------------------------------------------------------------------------
                                  0.85   data required time
                                 -1.50   data arrival time
-----------------------------------------------------------------------------
                                  0.65   slack (MET)


Startpoint: _2142_ (rising edge-triggered flip-flop clocked by i_clk)
Endpoint: _2142_ (rising edge-triggered flip-flop clocked by i_clk)
Path Group: i_clk
Path Type: min

Fanout     Cap    Slew   Delay    Time   Description
-----------------------------------------------------------------------------
                          0.00    0.00   clock i_clk (rise edge)
                          0.00    0.00   clock source latency
                  0.00    0.00    0.00 ^ i_clk (in)
     1    0.03                           i_clk (net)
                  0.00    0.00    0.00 ^ clkbuf_0_i_clk/A (sky130_fd_sc_hd__clkbuf_16)
                  0.14    0.19    0.19 ^ clkbuf_0_i_clk/X (sky130_fd_sc_hd__clkbuf_16)
    16    0.13                           clknet_0_i_clk (net)
                  0.14    0.00    0.19 ^ clkbuf_4_5_0_i_clk/A (sky130_fd_sc_hd__clkbuf_8)
                  0.08    0.19    0.38 ^ clkbuf_4_5_0_i_clk/X (sky130_fd_sc_hd__clkbuf_8)
    11    0.04                           clknet_4_5_0_i_clk (net)
                  0.08    0.00    0.38 ^ _2142_/CLK (sky130_fd_sc_hd__dfxtp_1)
                  0.09    0.35    0.73 ^ _2142_/Q (sky130_fd_sc_hd__dfxtp_1)
     3    0.01                           u_cordic.i_angle[7] (net)
                  0.09    0.00    0.73 ^ _1911_/A (sky130_fd_sc_hd__or2_1)
                  0.04    0.11    0.84 ^ _1911_/X (sky130_fd_sc_hd__or2_1)
     1    0.00                           _0338_ (net)
                  0.04    0.00    0.84 ^ _1912_/B1 (sky130_fd_sc_hd__o211a_1)
                  0.04    0.14    0.98 ^ _1912_/X (sky130_fd_sc_hd__o211a_1)
     1    0.00                           _0118_ (net)
                  0.04    0.00    0.98 ^ hold90/A (sky130_fd_sc_hd__dlygate4sd3_1)
                  0.05    0.53    1.51 ^ hold90/X (sky130_fd_sc_hd__dlygate4sd3_1)
     1    0.00                           net96 (net)
                  0.05    0.00    1.51 ^ _2142_/D (sky130_fd_sc_hd__dfxtp_1)
                                  1.51   data arrival time

                          0.00    0.00   clock i_clk (rise edge)
                          0.00    0.00   clock source latency
                  0.00    0.00    0.00 ^ i_clk (in)
     1    0.03                           i_clk (net)
                  0.00    0.00    0.00 ^ clkbuf_0_i_clk/A (sky130_fd_sc_hd__clkbuf_16)
                  0.14    0.19    0.19 ^ clkbuf_0_i_clk/X (sky130_fd_sc_hd__clkbuf_16)
    16    0.13                           clknet_0_i_clk (net)
                  0.14    0.00    0.19 ^ clkbuf_4_5_0_i_clk/A (sky130_fd_sc_hd__clkbuf_8)
                  0.08    0.19    0.38 ^ clkbuf_4_5_0_i_clk/X (sky130_fd_sc_hd__clkbuf_8)
    11    0.04                           clknet_4_5_0_i_clk (net)
                  0.08    0.00    0.38 ^ _2142_/CLK (sky130_fd_sc_hd__dfxtp_1)
                          0.50    0.88   clock uncertainty
                          0.00    0.88   clock reconvergence pessimism
                         -0.03    0.86   library hold time
                                  0.86   data required time
-----------------------------------------------------------------------------
                                  0.86   data required time
                                 -1.51   data arrival time
-----------------------------------------------------------------------------
                                  0.65   slack (MET)


Startpoint: _2158_ (rising edge-triggered flip-flop clocked by i_clk)
Endpoint: _2158_ (rising edge-triggered flip-flop clocked by i_clk)
Path Group: i_clk
Path Type: min

Fanout     Cap    Slew   Delay    Time   Description
-----------------------------------------------------------------------------
                          0.00    0.00   clock i_clk (rise edge)
                          0.00    0.00   clock source latency
                  0.00    0.00    0.00 ^ i_clk (in)
     1    0.03                           i_clk (net)
                  0.00    0.00    0.00 ^ clkbuf_0_i_clk/A (sky130_fd_sc_hd__clkbuf_16)
                  0.14    0.19    0.19 ^ clkbuf_0_i_clk/X (sky130_fd_sc_hd__clkbuf_16)
    16    0.13                           clknet_0_i_clk (net)
                  0.14    0.00    0.19 ^ clkbuf_4_8_0_i_clk/A (sky130_fd_sc_hd__clkbuf_8)
                  0.07    0.18    0.37 ^ clkbuf_4_8_0_i_clk/X (sky130_fd_sc_hd__clkbuf_8)
    10    0.03                           clknet_4_8_0_i_clk (net)
                  0.07    0.00    0.38 ^ _2158_/CLK (sky130_fd_sc_hd__dfxtp_1)
                  0.06    0.32    0.70 ^ _2158_/Q (sky130_fd_sc_hd__dfxtp_1)
     2    0.01                           u_spi_target.r_miso_data[7] (net)
                  0.06    0.00    0.70 ^ hold116/A (sky130_fd_sc_hd__dlygate4sd3_1)
                  0.07    0.55    1.25 ^ hold116/X (sky130_fd_sc_hd__dlygate4sd3_1)
     1    0.00                           net122 (net)
                  0.07    0.00    1.25 ^ _1972_/A (sky130_fd_sc_hd__or2_1)
                  0.06    0.11    1.37 ^ _1972_/X (sky130_fd_sc_hd__or2_1)
     1    0.01                           _0383_ (net)
                  0.06    0.00    1.37 ^ _1973_/B1 (sky130_fd_sc_hd__o211a_1)
                  0.04    0.14    1.50 ^ _1973_/X (sky130_fd_sc_hd__o211a_1)
     1    0.00                           _0134_ (net)
                  0.04    0.00    1.50 ^ _2158_/D (sky130_fd_sc_hd__dfxtp_1)
                                  1.50   data arrival time

                          0.00    0.00   clock i_clk (rise edge)
                          0.00    0.00   clock source latency
                  0.00    0.00    0.00 ^ i_clk (in)
     1    0.03                           i_clk (net)
                  0.00    0.00    0.00 ^ clkbuf_0_i_clk/A (sky130_fd_sc_hd__clkbuf_16)
                  0.14    0.19    0.19 ^ clkbuf_0_i_clk/X (sky130_fd_sc_hd__clkbuf_16)
    16    0.13                           clknet_0_i_clk (net)
                  0.14    0.00    0.19 ^ clkbuf_4_8_0_i_clk/A (sky130_fd_sc_hd__clkbuf_8)
                  0.07    0.18    0.37 ^ clkbuf_4_8_0_i_clk/X (sky130_fd_sc_hd__clkbuf_8)
    10    0.03                           clknet_4_8_0_i_clk (net)
                  0.07    0.00    0.38 ^ _2158_/CLK (sky130_fd_sc_hd__dfxtp_1)
                          0.50    0.88   clock uncertainty
                          0.00    0.88   clock reconvergence pessimism
                         -0.03    0.85   library hold time
                                  0.85   data required time
-----------------------------------------------------------------------------
                                  0.85   data required time
                                 -1.50   data arrival time
-----------------------------------------------------------------------------
                                  0.66   slack (MET)


Startpoint: _2141_ (rising edge-triggered flip-flop clocked by i_clk)
Endpoint: _2141_ (rising edge-triggered flip-flop clocked by i_clk)
Path Group: i_clk
Path Type: min

Fanout     Cap    Slew   Delay    Time   Description
-----------------------------------------------------------------------------
                          0.00    0.00   clock i_clk (rise edge)
                          0.00    0.00   clock source latency
                  0.00    0.00    0.00 ^ i_clk (in)
     1    0.03                           i_clk (net)
                  0.00    0.00    0.00 ^ clkbuf_0_i_clk/A (sky130_fd_sc_hd__clkbuf_16)
                  0.14    0.19    0.19 ^ clkbuf_0_i_clk/X (sky130_fd_sc_hd__clkbuf_16)
    16    0.13                           clknet_0_i_clk (net)
                  0.14    0.00    0.19 ^ clkbuf_4_5_0_i_clk/A (sky130_fd_sc_hd__clkbuf_8)
                  0.08    0.19    0.38 ^ clkbuf_4_5_0_i_clk/X (sky130_fd_sc_hd__clkbuf_8)
    11    0.04                           clknet_4_5_0_i_clk (net)
                  0.08    0.00    0.38 ^ _2141_/CLK (sky130_fd_sc_hd__dfxtp_1)
                  0.08    0.34    0.73 ^ _2141_/Q (sky130_fd_sc_hd__dfxtp_1)
     3    0.01                           u_cordic.i_angle[6] (net)
                  0.08    0.00    0.73 ^ _1909_/A (sky130_fd_sc_hd__or2_1)
                  0.05    0.11    0.84 ^ _1909_/X (sky130_fd_sc_hd__or2_1)
     1    0.00                           _0337_ (net)
                  0.05    0.00    0.84 ^ _1910_/B1 (sky130_fd_sc_hd__o211a_1)
                  0.04    0.14    0.98 ^ _1910_/X (sky130_fd_sc_hd__o211a_1)
     1    0.00                           _0117_ (net)
                  0.04    0.00    0.98 ^ hold87/A (sky130_fd_sc_hd__dlygate4sd3_1)
                  0.05    0.53    1.51 ^ hold87/X (sky130_fd_sc_hd__dlygate4sd3_1)
     1    0.00                           net93 (net)
                  0.05    0.00    1.51 ^ _2141_/D (sky130_fd_sc_hd__dfxtp_1)
                                  1.51   data arrival time

                          0.00    0.00   clock i_clk (rise edge)
                          0.00    0.00   clock source latency
                  0.00    0.00    0.00 ^ i_clk (in)
     1    0.03                           i_clk (net)
                  0.00    0.00    0.00 ^ clkbuf_0_i_clk/A (sky130_fd_sc_hd__clkbuf_16)
                  0.14    0.19    0.19 ^ clkbuf_0_i_clk/X (sky130_fd_sc_hd__clkbuf_16)
    16    0.13                           clknet_0_i_clk (net)
                  0.14    0.00    0.19 ^ clkbuf_4_5_0_i_clk/A (sky130_fd_sc_hd__clkbuf_8)
                  0.08    0.19    0.38 ^ clkbuf_4_5_0_i_clk/X (sky130_fd_sc_hd__clkbuf_8)
    11    0.04                           clknet_4_5_0_i_clk (net)
                  0.08    0.00    0.38 ^ _2141_/CLK (sky130_fd_sc_hd__dfxtp_1)
                          0.50    0.88   clock uncertainty
                          0.00    0.88   clock reconvergence pessimism
                         -0.03    0.85   library hold time
                                  0.85   data required time
-----------------------------------------------------------------------------
                                  0.85   data required time
                                 -1.51   data arrival time
-----------------------------------------------------------------------------
                                  0.66   slack (MET)


Startpoint: _2041_ (rising edge-triggered flip-flop clocked by i_clk)
Endpoint: _2042_ (rising edge-triggered flip-flop clocked by i_clk)
Path Group: i_clk
Path Type: min

Fanout     Cap    Slew   Delay    Time   Description
-----------------------------------------------------------------------------
                          0.00    0.00   clock i_clk (rise edge)
                          0.00    0.00   clock source latency
                  0.00    0.00    0.00 ^ i_clk (in)
     1    0.03                           i_clk (net)
                  0.00    0.00    0.00 ^ clkbuf_0_i_clk/A (sky130_fd_sc_hd__clkbuf_16)
                  0.14    0.19    0.19 ^ clkbuf_0_i_clk/X (sky130_fd_sc_hd__clkbuf_16)
    16    0.13                           clknet_0_i_clk (net)
                  0.14    0.00    0.19 ^ clkbuf_4_15_0_i_clk/A (sky130_fd_sc_hd__clkbuf_8)
                  0.06    0.17    0.36 ^ clkbuf_4_15_0_i_clk/X (sky130_fd_sc_hd__clkbuf_8)
     6    0.02                           clknet_4_15_0_i_clk (net)
                  0.06    0.00    0.36 ^ _2041_/CLK (sky130_fd_sc_hd__dfxtp_2)
                  0.10    0.38    0.74 v _2041_/Q (sky130_fd_sc_hd__dfxtp_2)
     7    0.04                           u_cordic.r_y[8] (net)
                  0.10    0.00    0.75 v _1450_/A (sky130_fd_sc_hd__and2_1)
                  0.06    0.19    0.93 v _1450_/X (sky130_fd_sc_hd__and2_1)
     3    0.01                           _0822_ (net)
                  0.06    0.00    0.93 v _1452_/A (sky130_fd_sc_hd__nor2_1)
                  0.11    0.13    1.07 ^ _1452_/Y (sky130_fd_sc_hd__nor2_1)
     1    0.01                           _0824_ (net)
                  0.11    0.00    1.07 ^ _1453_/B (sky130_fd_sc_hd__xnor2_1)
                  0.06    0.13    1.20 ^ _1453_/Y (sky130_fd_sc_hd__xnor2_1)
     1    0.00                           _0825_ (net)
                  0.06    0.00    1.20 ^ _1454_/A2 (sky130_fd_sc_hd__a21o_1)
                  0.04    0.11    1.31 ^ _1454_/X (sky130_fd_sc_hd__a21o_1)
     1    0.00                           _0826_ (net)
                  0.04    0.00    1.31 ^ _1455_/A1 (sky130_fd_sc_hd__mux2_1)
                  0.04    0.12    1.42 ^ _1455_/X (sky130_fd_sc_hd__mux2_1)
     1    0.00                           _0827_ (net)
                  0.04    0.00    1.42 ^ _1456_/A (sky130_fd_sc_hd__clkbuf_1)
                  0.03    0.07    1.50 ^ _1456_/X (sky130_fd_sc_hd__clkbuf_1)
     1    0.00                           _0027_ (net)
                  0.03    0.00    1.50 ^ _2042_/D (sky130_fd_sc_hd__dfxtp_2)
                                  1.50   data arrival time

                          0.00    0.00   clock i_clk (rise edge)
                          0.00    0.00   clock source latency
                  0.00    0.00    0.00 ^ i_clk (in)
     1    0.03                           i_clk (net)
                  0.00    0.00    0.00 ^ clkbuf_0_i_clk/A (sky130_fd_sc_hd__clkbuf_16)
                  0.14    0.19    0.19 ^ clkbuf_0_i_clk/X (sky130_fd_sc_hd__clkbuf_16)
    16    0.13                           clknet_0_i_clk (net)
                  0.14    0.00    0.19 ^ clkbuf_4_15_0_i_clk/A (sky130_fd_sc_hd__clkbuf_8)
                  0.06    0.17    0.36 ^ clkbuf_4_15_0_i_clk/X (sky130_fd_sc_hd__clkbuf_8)
     6    0.02                           clknet_4_15_0_i_clk (net)
                  0.06    0.00    0.36 ^ _2042_/CLK (sky130_fd_sc_hd__dfxtp_2)
                          0.50    0.86   clock uncertainty
                          0.00    0.86   clock reconvergence pessimism
                         -0.03    0.84   library hold time
                                  0.84   data required time
-----------------------------------------------------------------------------
                                  0.84   data required time
                                 -1.50   data arrival time
-----------------------------------------------------------------------------
                                  0.66   slack (MET)


Startpoint: _2162_ (rising edge-triggered flip-flop clocked by i_clk)
Endpoint: _2163_ (rising edge-triggered flip-flop clocked by i_clk)
Path Group: i_clk
Path Type: min

Fanout     Cap    Slew   Delay    Time   Description
-----------------------------------------------------------------------------
                          0.00    0.00   clock i_clk (rise edge)
                          0.00    0.00   clock source latency
                  0.00    0.00    0.00 ^ i_clk (in)
     1    0.03                           i_clk (net)
                  0.00    0.00    0.00 ^ clkbuf_0_i_clk/A (sky130_fd_sc_hd__clkbuf_16)
                  0.14    0.19    0.19 ^ clkbuf_0_i_clk/X (sky130_fd_sc_hd__clkbuf_16)
    16    0.13                           clknet_0_i_clk (net)
                  0.14    0.01    0.19 ^ clkbuf_4_3_0_i_clk/A (sky130_fd_sc_hd__clkbuf_8)
                  0.08    0.19    0.38 ^ clkbuf_4_3_0_i_clk/X (sky130_fd_sc_hd__clkbuf_8)
    11    0.04                           clknet_4_3_0_i_clk (net)
                  0.08    0.00    0.38 ^ _2162_/CLK (sky130_fd_sc_hd__dfxtp_1)
                  0.07    0.33    0.71 ^ _2162_/Q (sky130_fd_sc_hd__dfxtp_1)
     2    0.01                           u_spi_target.r_miso_data[11] (net)
                  0.07    0.00    0.71 ^ _1991_/A0 (sky130_fd_sc_hd__mux2_1)
                  0.05    0.13    0.85 ^ _1991_/X (sky130_fd_sc_hd__mux2_1)
     1    0.00                           _0397_ (net)
                  0.05    0.00    0.85 ^ _1993_/A2 (sky130_fd_sc_hd__o211a_1)
                  0.04    0.13    0.97 ^ _1993_/X (sky130_fd_sc_hd__o211a_1)
     1    0.00                           _0139_ (net)
                  0.04    0.00    0.97 ^ hold110/A (sky130_fd_sc_hd__dlygate4sd3_1)
                  0.06    0.54    1.51 ^ hold110/X (sky130_fd_sc_hd__dlygate4sd3_1)
     1    0.00                           net116 (net)
                  0.06    0.00    1.51 ^ _2163_/D (sky130_fd_sc_hd__dfxtp_1)
                                  1.51   data arrival time

                          0.00    0.00   clock i_clk (rise edge)
                          0.00    0.00   clock source latency
                  0.00    0.00    0.00 ^ i_clk (in)
     1    0.03                           i_clk (net)
                  0.00    0.00    0.00 ^ clkbuf_0_i_clk/A (sky130_fd_sc_hd__clkbuf_16)
                  0.14    0.19    0.19 ^ clkbuf_0_i_clk/X (sky130_fd_sc_hd__clkbuf_16)
    16    0.13                           clknet_0_i_clk (net)
                  0.14    0.01    0.19 ^ clkbuf_4_2_0_i_clk/A (sky130_fd_sc_hd__clkbuf_8)
                  0.07    0.18    0.37 ^ clkbuf_4_2_0_i_clk/X (sky130_fd_sc_hd__clkbuf_8)
     8    0.03                           clknet_4_2_0_i_clk (net)
                  0.07    0.00    0.38 ^ _2163_/CLK (sky130_fd_sc_hd__dfxtp_1)
                          0.50    0.88   clock uncertainty
                          0.00    0.88   clock reconvergence pessimism
                         -0.03    0.85   library hold time
                                  0.85   data required time
-----------------------------------------------------------------------------
                                  0.85   data required time
                                 -1.51   data arrival time
-----------------------------------------------------------------------------
                                  0.66   slack (MET)


Startpoint: _2053_ (rising edge-triggered flip-flop clocked by i_clk)
Endpoint: _2069_ (rising edge-triggered flip-flop clocked by i_clk)
Path Group: i_clk
Path Type: min

Fanout     Cap    Slew   Delay    Time   Description
-----------------------------------------------------------------------------
                          0.00    0.00   clock i_clk (rise edge)
                          0.00    0.00   clock source latency
                  0.00    0.00    0.00 ^ i_clk (in)
     1    0.03                           i_clk (net)
                  0.00    0.00    0.00 ^ clkbuf_0_i_clk/A (sky130_fd_sc_hd__clkbuf_16)
                  0.14    0.19    0.19 ^ clkbuf_0_i_clk/X (sky130_fd_sc_hd__clkbuf_16)
    16    0.13                           clknet_0_i_clk (net)
                  0.14    0.00    0.19 ^ clkbuf_4_1_0_i_clk/A (sky130_fd_sc_hd__clkbuf_8)
                  0.08    0.19    0.38 ^ clkbuf_4_1_0_i_clk/X (sky130_fd_sc_hd__clkbuf_8)
    13    0.04                           clknet_4_1_0_i_clk (net)
                  0.08    0.00    0.39 ^ _2053_/CLK (sky130_fd_sc_hd__dfxtp_1)
                  0.11    0.37    0.76 v _2053_/Q (sky130_fd_sc_hd__dfxtp_1)
     5    0.02                           u_cordic.r_state[2] (net)
                  0.11    0.00    0.76 v hold226/A (sky130_fd_sc_hd__clkbuf_2)
                  0.10    0.19    0.95 v hold226/X (sky130_fd_sc_hd__clkbuf_2)
     4    0.02                           net232 (net)
                  0.10    0.00    0.95 v _1039_/A (sky130_fd_sc_hd__nor2_1)
                  0.24    0.24    1.19 ^ _1039_/Y (sky130_fd_sc_hd__nor2_1)
     2    0.01                           _0441_ (net)
                  0.24    0.00    1.19 ^ _1040_/C (sky130_fd_sc_hd__nor3_4)
                  0.06    0.10    1.29 v _1040_/Y (sky130_fd_sc_hd__nor3_4)
     8    0.03                           _0050_ (net)
                  0.06    0.00    1.29 v _1065_/A1 (sky130_fd_sc_hd__o211a_1)
                  0.03    0.22    1.51 v _1065_/X (sky130_fd_sc_hd__o211a_1)
     1    0.00                           _0002_ (net)
                  0.03    0.00    1.51 v _2069_/D (sky130_fd_sc_hd__dfxtp_1)
                                  1.51   data arrival time

                          0.00    0.00   clock i_clk (rise edge)
                          0.00    0.00   clock source latency
                  0.00    0.00    0.00 ^ i_clk (in)
     1    0.03                           i_clk (net)
                  0.00    0.00    0.00 ^ clkbuf_0_i_clk/A (sky130_fd_sc_hd__clkbuf_16)
                  0.14    0.19    0.19 ^ clkbuf_0_i_clk/X (sky130_fd_sc_hd__clkbuf_16)
    16    0.13                           clknet_0_i_clk (net)
                  0.14    0.00    0.19 ^ clkbuf_4_6_0_i_clk/A (sky130_fd_sc_hd__clkbuf_8)
                  0.07    0.18    0.38 ^ clkbuf_4_6_0_i_clk/X (sky130_fd_sc_hd__clkbuf_8)
    11    0.03                           clknet_4_6_0_i_clk (net)
                  0.07    0.00    0.38 ^ _2069_/CLK (sky130_fd_sc_hd__dfxtp_1)
                          0.50    0.88   clock uncertainty
                          0.00    0.88   clock reconvergence pessimism
                         -0.04    0.84   library hold time
                                  0.84   data required time
-----------------------------------------------------------------------------
                                  0.84   data required time
                                 -1.51   data arrival time
-----------------------------------------------------------------------------
                                  0.67   slack (MET)


Startpoint: _2160_ (rising edge-triggered flip-flop clocked by i_clk)
Endpoint: _2161_ (rising edge-triggered flip-flop clocked by i_clk)
Path Group: i_clk
Path Type: min

Fanout     Cap    Slew   Delay    Time   Description
-----------------------------------------------------------------------------
                          0.00    0.00   clock i_clk (rise edge)
                          0.00    0.00   clock source latency
                  0.00    0.00    0.00 ^ i_clk (in)
     1    0.03                           i_clk (net)
                  0.00    0.00    0.00 ^ clkbuf_0_i_clk/A (sky130_fd_sc_hd__clkbuf_16)
                  0.14    0.19    0.19 ^ clkbuf_0_i_clk/X (sky130_fd_sc_hd__clkbuf_16)
    16    0.13                           clknet_0_i_clk (net)
                  0.14    0.01    0.19 ^ clkbuf_4_3_0_i_clk/A (sky130_fd_sc_hd__clkbuf_8)
                  0.08    0.19    0.38 ^ clkbuf_4_3_0_i_clk/X (sky130_fd_sc_hd__clkbuf_8)
    11    0.04                           clknet_4_3_0_i_clk (net)
                  0.08    0.00    0.38 ^ _2160_/CLK (sky130_fd_sc_hd__dfxtp_1)
                  0.07    0.34    0.72 ^ _2160_/Q (sky130_fd_sc_hd__dfxtp_1)
     2    0.01                           u_spi_target.r_miso_data[9] (net)
                  0.07    0.00    0.72 ^ _1983_/A0 (sky130_fd_sc_hd__mux2_1)
                  0.05    0.13    0.85 ^ _1983_/X (sky130_fd_sc_hd__mux2_1)
     1    0.00                           _0391_ (net)
                  0.05    0.00    0.85 ^ _1985_/A2 (sky130_fd_sc_hd__o211a_1)
                  0.04    0.12    0.97 ^ _1985_/X (sky130_fd_sc_hd__o211a_1)
     1    0.00                           _0137_ (net)
                  0.04    0.00    0.97 ^ hold113/A (sky130_fd_sc_hd__dlygate4sd3_1)
                  0.06    0.54    1.51 ^ hold113/X (sky130_fd_sc_hd__dlygate4sd3_1)
     1    0.00                           net119 (net)
                  0.06    0.00    1.51 ^ _2161_/D (sky130_fd_sc_hd__dfxtp_1)
                                  1.51   data arrival time

                          0.00    0.00   clock i_clk (rise edge)
                          0.00    0.00   clock source latency
                  0.00    0.00    0.00 ^ i_clk (in)
     1    0.03                           i_clk (net)
                  0.00    0.00    0.00 ^ clkbuf_0_i_clk/A (sky130_fd_sc_hd__clkbuf_16)
                  0.14    0.19    0.19 ^ clkbuf_0_i_clk/X (sky130_fd_sc_hd__clkbuf_16)
    16    0.13                           clknet_0_i_clk (net)
                  0.14    0.01    0.19 ^ clkbuf_4_2_0_i_clk/A (sky130_fd_sc_hd__clkbuf_8)
                  0.07    0.18    0.37 ^ clkbuf_4_2_0_i_clk/X (sky130_fd_sc_hd__clkbuf_8)
     8    0.03                           clknet_4_2_0_i_clk (net)
                  0.07    0.00    0.38 ^ _2161_/CLK (sky130_fd_sc_hd__dfxtp_1)
                          0.50    0.88   clock uncertainty
                          0.00    0.88   clock reconvergence pessimism
                         -0.03    0.84   library hold time
                                  0.84   data required time
-----------------------------------------------------------------------------
                                  0.84   data required time
                                 -1.51   data arrival time
-----------------------------------------------------------------------------
                                  0.67   slack (MET)


Startpoint: _2077_ (rising edge-triggered flip-flop clocked by i_clk)
Endpoint: _2077_ (rising edge-triggered flip-flop clocked by i_clk)
Path Group: i_clk
Path Type: min

Fanout     Cap    Slew   Delay    Time   Description
-----------------------------------------------------------------------------
                          0.00    0.00   clock i_clk (rise edge)
                          0.00    0.00   clock source latency
                  0.00    0.00    0.00 ^ i_clk (in)
     1    0.03                           i_clk (net)
                  0.00    0.00    0.00 ^ clkbuf_0_i_clk/A (sky130_fd_sc_hd__clkbuf_16)
                  0.14    0.19    0.19 ^ clkbuf_0_i_clk/X (sky130_fd_sc_hd__clkbuf_16)
    16    0.13                           clknet_0_i_clk (net)
                  0.14    0.00    0.19 ^ clkbuf_4_6_0_i_clk/A (sky130_fd_sc_hd__clkbuf_8)
                  0.07    0.18    0.38 ^ clkbuf_4_6_0_i_clk/X (sky130_fd_sc_hd__clkbuf_8)
    11    0.03                           clknet_4_6_0_i_clk (net)
                  0.07    0.00    0.38 ^ _2077_/CLK (sky130_fd_sc_hd__dfxtp_1)
                  0.12    0.37    0.75 ^ _2077_/Q (sky130_fd_sc_hd__dfxtp_1)
     2    0.01                           u_cordic.r_iter[3] (net)
                  0.12    0.00    0.75 ^ _1018_/A (sky130_fd_sc_hd__clkbuf_4)
                  0.15    0.24    0.99 ^ _1018_/X (sky130_fd_sc_hd__clkbuf_4)
    10    0.05                           _0422_ (net)
                  0.15    0.00    0.99 ^ _1019_/A (sky130_fd_sc_hd__buf_4)
                  0.17    0.24    1.23 ^ _1019_/X (sky130_fd_sc_hd__buf_4)
    10    0.06                           _0423_ (net)
                  0.17    0.01    1.23 ^ _1051_/A1 (sky130_fd_sc_hd__o21ai_4)
                  0.09    0.13    1.36 v _1051_/Y (sky130_fd_sc_hd__o21ai_4)
    10    0.03                           _0451_ (net)
                  0.09    0.00    1.36 v _1052_/A (sky130_fd_sc_hd__inv_2)
                  0.13    0.14    1.50 ^ _1052_/Y (sky130_fd_sc_hd__inv_2)
     8    0.03                           _0053_ (net)
                  0.13    0.00    1.50 ^ _2077_/D (sky130_fd_sc_hd__dfxtp_1)
                                  1.50   data arrival time

                          0.00    0.00   clock i_clk (rise edge)
                          0.00    0.00   clock source latency
                  0.00    0.00    0.00 ^ i_clk (in)
     1    0.03                           i_clk (net)
                  0.00    0.00    0.00 ^ clkbuf_0_i_clk/A (sky130_fd_sc_hd__clkbuf_16)
                  0.14    0.19    0.19 ^ clkbuf_0_i_clk/X (sky130_fd_sc_hd__clkbuf_16)
    16    0.13                           clknet_0_i_clk (net)
                  0.14    0.00    0.19 ^ clkbuf_4_6_0_i_clk/A (sky130_fd_sc_hd__clkbuf_8)
                  0.07    0.18    0.38 ^ clkbuf_4_6_0_i_clk/X (sky130_fd_sc_hd__clkbuf_8)
    11    0.03                           clknet_4_6_0_i_clk (net)
                  0.07    0.00    0.38 ^ _2077_/CLK (sky130_fd_sc_hd__dfxtp_1)
                          0.50    0.88   clock uncertainty
                          0.00    0.88   clock reconvergence pessimism
                         -0.05    0.83   library hold time
                                  0.83   data required time
-----------------------------------------------------------------------------
                                  0.83   data required time
                                 -1.50   data arrival time
-----------------------------------------------------------------------------
                                  0.67   slack (MET)


Startpoint: _2045_ (rising edge-triggered flip-flop clocked by i_clk)
Endpoint: _2045_ (rising edge-triggered flip-flop clocked by i_clk)
Path Group: i_clk
Path Type: min

Fanout     Cap    Slew   Delay    Time   Description
-----------------------------------------------------------------------------
                          0.00    0.00   clock i_clk (rise edge)
                          0.00    0.00   clock source latency
                  0.00    0.00    0.00 ^ i_clk (in)
     1    0.03                           i_clk (net)
                  0.00    0.00    0.00 ^ clkbuf_0_i_clk/A (sky130_fd_sc_hd__clkbuf_16)
                  0.14    0.19    0.19 ^ clkbuf_0_i_clk/X (sky130_fd_sc_hd__clkbuf_16)
    16    0.13                           clknet_0_i_clk (net)
                  0.14    0.00    0.19 ^ clkbuf_4_13_0_i_clk/A (sky130_fd_sc_hd__clkbuf_8)
                  0.07    0.18    0.37 ^ clkbuf_4_13_0_i_clk/X (sky130_fd_sc_hd__clkbuf_8)
     9    0.03                           clknet_4_13_0_i_clk (net)
                  0.07    0.00    0.37 ^ _2045_/CLK (sky130_fd_sc_hd__dfxtp_2)
                  0.09    0.38    0.75 v _2045_/Q (sky130_fd_sc_hd__dfxtp_2)
     8    0.04                           u_cordic.r_y[12] (net)
                  0.09    0.00    0.76 v _1492_/A (sky130_fd_sc_hd__nand2_1)
                  0.15    0.15    0.91 ^ _1492_/Y (sky130_fd_sc_hd__nand2_1)
     5    0.02                           _0861_ (net)
                  0.15    0.00    0.91 ^ _1494_/A (sky130_fd_sc_hd__and2_1)
                  0.09    0.18    1.08 ^ _1494_/X (sky130_fd_sc_hd__and2_1)
     3    0.01                           _0863_ (net)
                  0.09    0.00    1.08 ^ _1495_/B (sky130_fd_sc_hd__or2_1)
                  0.04    0.11    1.19 ^ _1495_/X (sky130_fd_sc_hd__or2_1)
     1    0.00                           _0864_ (net)
                  0.04    0.00    1.19 ^ _1497_/A2 (sky130_fd_sc_hd__a31o_1)
                  0.04    0.13    1.32 ^ _1497_/X (sky130_fd_sc_hd__a31o_1)
     1    0.00                           _0866_ (net)
                  0.04    0.00    1.32 ^ _1498_/A1 (sky130_fd_sc_hd__mux2_1)
                  0.04    0.12    1.44 ^ _1498_/X (sky130_fd_sc_hd__mux2_1)
     1    0.00                           _0867_ (net)
                  0.04    0.00    1.44 ^ _1499_/A (sky130_fd_sc_hd__clkbuf_1)
                  0.04    0.08    1.52 ^ _1499_/X (sky130_fd_sc_hd__clkbuf_1)
     1    0.00                           _0030_ (net)
                  0.04    0.00    1.52 ^ _2045_/D (sky130_fd_sc_hd__dfxtp_2)
                                  1.52   data arrival time

                          0.00    0.00   clock i_clk (rise edge)
                          0.00    0.00   clock source latency
                  0.00    0.00    0.00 ^ i_clk (in)
     1    0.03                           i_clk (net)
                  0.00    0.00    0.00 ^ clkbuf_0_i_clk/A (sky130_fd_sc_hd__clkbuf_16)
                  0.14    0.19    0.19 ^ clkbuf_0_i_clk/X (sky130_fd_sc_hd__clkbuf_16)
    16    0.13                           clknet_0_i_clk (net)
                  0.14    0.00    0.19 ^ clkbuf_4_13_0_i_clk/A (sky130_fd_sc_hd__clkbuf_8)
                  0.07    0.18    0.37 ^ clkbuf_4_13_0_i_clk/X (sky130_fd_sc_hd__clkbuf_8)
     9    0.03                           clknet_4_13_0_i_clk (net)
                  0.07    0.00    0.37 ^ _2045_/CLK (sky130_fd_sc_hd__dfxtp_2)
                          0.50    0.87   clock uncertainty
                          0.00    0.87   clock reconvergence pessimism
                         -0.03    0.85   library hold time
                                  0.85   data required time
-----------------------------------------------------------------------------
                                  0.85   data required time
                                 -1.52   data arrival time
-----------------------------------------------------------------------------
                                  0.67   slack (MET)


Startpoint: _2139_ (rising edge-triggered flip-flop clocked by i_clk)
Endpoint: _2139_ (rising edge-triggered flip-flop clocked by i_clk)
Path Group: i_clk
Path Type: min

Fanout     Cap    Slew   Delay    Time   Description
-----------------------------------------------------------------------------
                          0.00    0.00   clock i_clk (rise edge)
                          0.00    0.00   clock source latency
                  0.00    0.00    0.00 ^ i_clk (in)
     1    0.03                           i_clk (net)
                  0.00    0.00    0.00 ^ clkbuf_0_i_clk/A (sky130_fd_sc_hd__clkbuf_16)
                  0.14    0.19    0.19 ^ clkbuf_0_i_clk/X (sky130_fd_sc_hd__clkbuf_16)
    16    0.13                           clknet_0_i_clk (net)
                  0.14    0.00    0.19 ^ clkbuf_4_5_0_i_clk/A (sky130_fd_sc_hd__clkbuf_8)
                  0.08    0.19    0.38 ^ clkbuf_4_5_0_i_clk/X (sky130_fd_sc_hd__clkbuf_8)
    11    0.04                           clknet_4_5_0_i_clk (net)
                  0.08    0.00    0.38 ^ _2139_/CLK (sky130_fd_sc_hd__dfxtp_1)
                  0.10    0.36    0.74 ^ _2139_/Q (sky130_fd_sc_hd__dfxtp_1)
     3    0.01                           u_cordic.i_angle[4] (net)
                  0.10    0.00    0.74 ^ _1904_/A (sky130_fd_sc_hd__or2_1)
                  0.05    0.11    0.86 ^ _1904_/X (sky130_fd_sc_hd__or2_1)
     1    0.00                           _0334_ (net)
                  0.05    0.00    0.86 ^ _1905_/B1 (sky130_fd_sc_hd__o211a_1)
                  0.04    0.13    0.99 ^ _1905_/X (sky130_fd_sc_hd__o211a_1)
     1    0.00                           _0115_ (net)
                  0.04    0.00    0.99 ^ hold58/A (sky130_fd_sc_hd__dlygate4sd3_1)
                  0.06    0.54    1.53 ^ hold58/X (sky130_fd_sc_hd__dlygate4sd3_1)
     1    0.00                           net64 (net)
                  0.06    0.00    1.53 ^ _2139_/D (sky130_fd_sc_hd__dfxtp_1)
                                  1.53   data arrival time

                          0.00    0.00   clock i_clk (rise edge)
                          0.00    0.00   clock source latency
                  0.00    0.00    0.00 ^ i_clk (in)
     1    0.03                           i_clk (net)
                  0.00    0.00    0.00 ^ clkbuf_0_i_clk/A (sky130_fd_sc_hd__clkbuf_16)
                  0.14    0.19    0.19 ^ clkbuf_0_i_clk/X (sky130_fd_sc_hd__clkbuf_16)
    16    0.13                           clknet_0_i_clk (net)
                  0.14    0.00    0.19 ^ clkbuf_4_5_0_i_clk/A (sky130_fd_sc_hd__clkbuf_8)
                  0.08    0.19    0.38 ^ clkbuf_4_5_0_i_clk/X (sky130_fd_sc_hd__clkbuf_8)
    11    0.04                           clknet_4_5_0_i_clk (net)
                  0.08    0.00    0.38 ^ _2139_/CLK (sky130_fd_sc_hd__dfxtp_1)
                          0.50    0.88   clock uncertainty
                          0.00    0.88   clock reconvergence pessimism
                         -0.03    0.85   library hold time
                                  0.85   data required time
-----------------------------------------------------------------------------
                                  0.85   data required time
                                 -1.53   data arrival time
-----------------------------------------------------------------------------
                                  0.68   slack (MET)


Startpoint: _2136_ (rising edge-triggered flip-flop clocked by i_clk)
Endpoint: _2118_ (rising edge-triggered flip-flop clocked by i_clk)
Path Group: i_clk
Path Type: min

Fanout     Cap    Slew   Delay    Time   Description
-----------------------------------------------------------------------------
                          0.00    0.00   clock i_clk (rise edge)
                          0.00    0.00   clock source latency
                  0.00    0.00    0.00 ^ i_clk (in)
     1    0.03                           i_clk (net)
                  0.00    0.00    0.00 ^ clkbuf_0_i_clk/A (sky130_fd_sc_hd__clkbuf_16)
                  0.14    0.19    0.19 ^ clkbuf_0_i_clk/X (sky130_fd_sc_hd__clkbuf_16)
    16    0.13                           clknet_0_i_clk (net)
                  0.14    0.00    0.19 ^ clkbuf_4_4_0_i_clk/A (sky130_fd_sc_hd__clkbuf_8)
                  0.06    0.18    0.37 ^ clkbuf_4_4_0_i_clk/X (sky130_fd_sc_hd__clkbuf_8)
     8    0.03                           clknet_4_4_0_i_clk (net)
                  0.06    0.00    0.37 ^ _2136_/CLK (sky130_fd_sc_hd__dfxtp_1)
                  0.13    0.37    0.74 ^ _2136_/Q (sky130_fd_sc_hd__dfxtp_1)
     3    0.01                           u_cordic.i_angle[1] (net)
                  0.13    0.00    0.74 ^ _1720_/A1 (sky130_fd_sc_hd__o211a_1)
                  0.04    0.17    0.91 ^ _1720_/X (sky130_fd_sc_hd__o211a_1)
     1    0.00                           _0171_ (net)
                  0.04    0.00    0.91 ^ _1721_/B1 (sky130_fd_sc_hd__a21o_1)
                  0.04    0.08    0.99 ^ _1721_/X (sky130_fd_sc_hd__a21o_1)
     1    0.00                           _0094_ (net)
                  0.04    0.00    0.99 ^ hold48/A (sky130_fd_sc_hd__dlygate4sd3_1)
                  0.06    0.54    1.53 ^ hold48/X (sky130_fd_sc_hd__dlygate4sd3_1)
     1    0.00                           net54 (net)
                  0.06    0.00    1.53 ^ _2118_/D (sky130_fd_sc_hd__dfxtp_1)
                                  1.53   data arrival time

                          0.00    0.00   clock i_clk (rise edge)
                          0.00    0.00   clock source latency
                  0.00    0.00    0.00 ^ i_clk (in)
     1    0.03                           i_clk (net)
                  0.00    0.00    0.00 ^ clkbuf_0_i_clk/A (sky130_fd_sc_hd__clkbuf_16)
                  0.14    0.19    0.19 ^ clkbuf_0_i_clk/X (sky130_fd_sc_hd__clkbuf_16)
    16    0.13                           clknet_0_i_clk (net)
                  0.14    0.00    0.19 ^ clkbuf_4_6_0_i_clk/A (sky130_fd_sc_hd__clkbuf_8)
                  0.07    0.18    0.38 ^ clkbuf_4_6_0_i_clk/X (sky130_fd_sc_hd__clkbuf_8)
    11    0.03                           clknet_4_6_0_i_clk (net)
                  0.07    0.00    0.38 ^ _2118_/CLK (sky130_fd_sc_hd__dfxtp_1)
                          0.50    0.88   clock uncertainty
                          0.00    0.88   clock reconvergence pessimism
                         -0.03    0.85   library hold time
                                  0.85   data required time
-----------------------------------------------------------------------------
                                  0.85   data required time
                                 -1.53   data arrival time
-----------------------------------------------------------------------------
                                  0.68   slack (MET)


Startpoint: _2113_ (rising edge-triggered flip-flop clocked by i_clk)
Endpoint: _2114_ (rising edge-triggered flip-flop clocked by i_clk)
Path Group: i_clk
Path Type: min

Fanout     Cap    Slew   Delay    Time   Description
-----------------------------------------------------------------------------
                          0.00    0.00   clock i_clk (rise edge)
                          0.00    0.00   clock source latency
                  0.00    0.00    0.00 ^ i_clk (in)
     1    0.03                           i_clk (net)
                  0.00    0.00    0.00 ^ clkbuf_0_i_clk/A (sky130_fd_sc_hd__clkbuf_16)
                  0.14    0.19    0.19 ^ clkbuf_0_i_clk/X (sky130_fd_sc_hd__clkbuf_16)
    16    0.13                           clknet_0_i_clk (net)
                  0.14    0.00    0.19 ^ clkbuf_4_0_0_i_clk/A (sky130_fd_sc_hd__clkbuf_8)
                  0.07    0.18    0.38 ^ clkbuf_4_0_0_i_clk/X (sky130_fd_sc_hd__clkbuf_8)
    11    0.03                           clknet_4_0_0_i_clk (net)
                  0.07    0.00    0.38 ^ _2113_/CLK (sky130_fd_sc_hd__dfxtp_1)
                  0.13    0.38    0.76 ^ _2113_/Q (sky130_fd_sc_hd__dfxtp_1)
     4    0.01                           u_spi_target.r_bit_cnt[0] (net)
                  0.13    0.00    0.76 ^ _1700_/A2 (sky130_fd_sc_hd__a31o_1)
                  0.04    0.16    0.92 ^ _1700_/X (sky130_fd_sc_hd__a31o_1)
     1    0.00                           _0155_ (net)
                  0.04    0.00    0.92 ^ _1701_/B (sky130_fd_sc_hd__nor2_1)
                  0.03    0.04    0.96 v _1701_/Y (sky130_fd_sc_hd__nor2_1)
     1    0.00                           _0090_ (net)
                  0.03    0.00    0.96 v hold84/A (sky130_fd_sc_hd__dlygate4sd3_1)
                  0.06    0.55    1.51 v hold84/X (sky130_fd_sc_hd__dlygate4sd3_1)
     1    0.00                           net90 (net)
                  0.06    0.00    1.51 v _2114_/D (sky130_fd_sc_hd__dfxtp_1)
                                  1.51   data arrival time

                          0.00    0.00   clock i_clk (rise edge)
                          0.00    0.00   clock source latency
                  0.00    0.00    0.00 ^ i_clk (in)
     1    0.03                           i_clk (net)
                  0.00    0.00    0.00 ^ clkbuf_0_i_clk/A (sky130_fd_sc_hd__clkbuf_16)
                  0.14    0.19    0.19 ^ clkbuf_0_i_clk/X (sky130_fd_sc_hd__clkbuf_16)
    16    0.13                           clknet_0_i_clk (net)
                  0.14    0.00    0.19 ^ clkbuf_4_0_0_i_clk/A (sky130_fd_sc_hd__clkbuf_8)
                  0.07    0.18    0.38 ^ clkbuf_4_0_0_i_clk/X (sky130_fd_sc_hd__clkbuf_8)
    11    0.03                           clknet_4_0_0_i_clk (net)
                  0.07    0.00    0.38 ^ _2114_/CLK (sky130_fd_sc_hd__dfxtp_1)
                          0.50    0.88   clock uncertainty
                          0.00    0.88   clock reconvergence pessimism
                         -0.05    0.82   library hold time
                                  0.82   data required time
-----------------------------------------------------------------------------
                                  0.82   data required time
                                 -1.51   data arrival time
-----------------------------------------------------------------------------
                                  0.69   slack (MET)


Startpoint: _2149_ (rising edge-triggered flip-flop clocked by i_clk)
Endpoint: _2149_ (rising edge-triggered flip-flop clocked by i_clk)
Path Group: i_clk
Path Type: min

Fanout     Cap    Slew   Delay    Time   Description
-----------------------------------------------------------------------------
                          0.00    0.00   clock i_clk (rise edge)
                          0.00    0.00   clock source latency
                  0.00    0.00    0.00 ^ i_clk (in)
     1    0.03                           i_clk (net)
                  0.00    0.00    0.00 ^ clkbuf_0_i_clk/A (sky130_fd_sc_hd__clkbuf_16)
                  0.14    0.19    0.19 ^ clkbuf_0_i_clk/X (sky130_fd_sc_hd__clkbuf_16)
    16    0.13                           clknet_0_i_clk (net)
                  0.14    0.00    0.19 ^ clkbuf_4_13_0_i_clk/A (sky130_fd_sc_hd__clkbuf_8)
                  0.07    0.18    0.37 ^ clkbuf_4_13_0_i_clk/X (sky130_fd_sc_hd__clkbuf_8)
     9    0.03                           clknet_4_13_0_i_clk (net)
                  0.07    0.00    0.38 ^ _2149_/CLK (sky130_fd_sc_hd__dfxtp_1)
                  0.10    0.35    0.73 ^ _2149_/Q (sky130_fd_sc_hd__dfxtp_1)
     3    0.01                           u_cordic.i_angle[14] (net)
                  0.10    0.00    0.73 ^ _1926_/A (sky130_fd_sc_hd__or2_1)
                  0.05    0.11    0.84 ^ _1926_/X (sky130_fd_sc_hd__or2_1)
     1    0.00                           _0346_ (net)
                  0.05    0.00    0.84 ^ _1927_/B1 (sky130_fd_sc_hd__o211a_1)
                  0.05    0.15    0.99 ^ _1927_/X (sky130_fd_sc_hd__o211a_1)
     1    0.00                           _0125_ (net)
                  0.05    0.00    0.99 ^ hold81/A (sky130_fd_sc_hd__dlygate4sd3_1)
                  0.06    0.54    1.53 ^ hold81/X (sky130_fd_sc_hd__dlygate4sd3_1)
     1    0.00                           net87 (net)
                  0.06    0.00    1.53 ^ _2149_/D (sky130_fd_sc_hd__dfxtp_1)
                                  1.53   data arrival time

                          0.00    0.00   clock i_clk (rise edge)
                          0.00    0.00   clock source latency
                  0.00    0.00    0.00 ^ i_clk (in)
     1    0.03                           i_clk (net)
                  0.00    0.00    0.00 ^ clkbuf_0_i_clk/A (sky130_fd_sc_hd__clkbuf_16)
                  0.14    0.19    0.19 ^ clkbuf_0_i_clk/X (sky130_fd_sc_hd__clkbuf_16)
    16    0.13                           clknet_0_i_clk (net)
                  0.14    0.00    0.19 ^ clkbuf_4_13_0_i_clk/A (sky130_fd_sc_hd__clkbuf_8)
                  0.07    0.18    0.37 ^ clkbuf_4_13_0_i_clk/X (sky130_fd_sc_hd__clkbuf_8)
     9    0.03                           clknet_4_13_0_i_clk (net)
                  0.07    0.00    0.38 ^ _2149_/CLK (sky130_fd_sc_hd__dfxtp_1)
                          0.50    0.88   clock uncertainty
                          0.00    0.88   clock reconvergence pessimism
                         -0.03    0.84   library hold time
                                  0.84   data required time
-----------------------------------------------------------------------------
                                  0.84   data required time
                                 -1.53   data arrival time
-----------------------------------------------------------------------------
                                  0.69   slack (MET)


Startpoint: _2053_ (rising edge-triggered flip-flop clocked by i_clk)
Endpoint: _2072_ (rising edge-triggered flip-flop clocked by i_clk)
Path Group: i_clk
Path Type: min

Fanout     Cap    Slew   Delay    Time   Description
-----------------------------------------------------------------------------
                          0.00    0.00   clock i_clk (rise edge)
                          0.00    0.00   clock source latency
                  0.00    0.00    0.00 ^ i_clk (in)
     1    0.03                           i_clk (net)
                  0.00    0.00    0.00 ^ clkbuf_0_i_clk/A (sky130_fd_sc_hd__clkbuf_16)
                  0.14    0.19    0.19 ^ clkbuf_0_i_clk/X (sky130_fd_sc_hd__clkbuf_16)
    16    0.13                           clknet_0_i_clk (net)
                  0.14    0.00    0.19 ^ clkbuf_4_1_0_i_clk/A (sky130_fd_sc_hd__clkbuf_8)
                  0.08    0.19    0.38 ^ clkbuf_4_1_0_i_clk/X (sky130_fd_sc_hd__clkbuf_8)
    13    0.04                           clknet_4_1_0_i_clk (net)
                  0.08    0.00    0.39 ^ _2053_/CLK (sky130_fd_sc_hd__dfxtp_1)
                  0.11    0.37    0.76 v _2053_/Q (sky130_fd_sc_hd__dfxtp_1)
     5    0.02                           u_cordic.r_state[2] (net)
                  0.11    0.00    0.76 v hold226/A (sky130_fd_sc_hd__clkbuf_2)
                  0.10    0.19    0.95 v hold226/X (sky130_fd_sc_hd__clkbuf_2)
     4    0.02                           net232 (net)
                  0.10    0.00    0.95 v _1039_/A (sky130_fd_sc_hd__nor2_1)
                  0.24    0.24    1.19 ^ _1039_/Y (sky130_fd_sc_hd__nor2_1)
     2    0.01                           _0441_ (net)
                  0.24    0.00    1.19 ^ _1050_/B1 (sky130_fd_sc_hd__a21oi_1)
                  0.08    0.11    1.29 v _1050_/Y (sky130_fd_sc_hd__a21oi_1)
     1    0.01                           _0450_ (net)
                  0.08    0.00    1.29 v _1051_/B1 (sky130_fd_sc_hd__o21ai_4)
                  0.14    0.14    1.43 ^ _1051_/Y (sky130_fd_sc_hd__o21ai_4)
    10    0.04                           _0451_ (net)
                  0.14    0.00    1.43 ^ _1077_/A1 (sky130_fd_sc_hd__a211o_1)
                  0.04    0.14    1.57 ^ _1077_/X (sky130_fd_sc_hd__a211o_1)
     1    0.00                           _0005_ (net)
                  0.04    0.00    1.57 ^ _2072_/D (sky130_fd_sc_hd__dfxtp_1)
                                  1.57   data arrival time

                          0.00    0.00   clock i_clk (rise edge)
                          0.00    0.00   clock source latency
                  0.00    0.00    0.00 ^ i_clk (in)
     1    0.03                           i_clk (net)
                  0.00    0.00    0.00 ^ clkbuf_0_i_clk/A (sky130_fd_sc_hd__clkbuf_16)
                  0.14    0.19    0.19 ^ clkbuf_0_i_clk/X (sky130_fd_sc_hd__clkbuf_16)
    16    0.13                           clknet_0_i_clk (net)
                  0.14    0.00    0.19 ^ clkbuf_4_7_0_i_clk/A (sky130_fd_sc_hd__clkbuf_8)
                  0.11    0.21    0.40 ^ clkbuf_4_7_0_i_clk/X (sky130_fd_sc_hd__clkbuf_8)
    16    0.06                           clknet_4_7_0_i_clk (net)
                  0.11    0.00    0.40 ^ _2072_/CLK (sky130_fd_sc_hd__dfxtp_1)
                          0.50    0.90   clock uncertainty
                          0.00    0.90   clock reconvergence pessimism
                         -0.02    0.88   library hold time
                                  0.88   data required time
-----------------------------------------------------------------------------
                                  0.88   data required time
                                 -1.57   data arrival time
-----------------------------------------------------------------------------
                                  0.69   slack (MET)


Startpoint: _2146_ (rising edge-triggered flip-flop clocked by i_clk)
Endpoint: _2146_ (rising edge-triggered flip-flop clocked by i_clk)
Path Group: i_clk
Path Type: min

Fanout     Cap    Slew   Delay    Time   Description
-----------------------------------------------------------------------------
                          0.00    0.00   clock i_clk (rise edge)
                          0.00    0.00   clock source latency
                  0.00    0.00    0.00 ^ i_clk (in)
     1    0.03                           i_clk (net)
                  0.00    0.00    0.00 ^ clkbuf_0_i_clk/A (sky130_fd_sc_hd__clkbuf_16)
                  0.14    0.19    0.19 ^ clkbuf_0_i_clk/X (sky130_fd_sc_hd__clkbuf_16)
    16    0.13                           clknet_0_i_clk (net)
                  0.14    0.00    0.19 ^ clkbuf_4_7_0_i_clk/A (sky130_fd_sc_hd__clkbuf_8)
                  0.11    0.21    0.40 ^ clkbuf_4_7_0_i_clk/X (sky130_fd_sc_hd__clkbuf_8)
    16    0.06                           clknet_4_7_0_i_clk (net)
                  0.11    0.00    0.40 ^ _2146_/CLK (sky130_fd_sc_hd__dfxtp_1)
                  0.12    0.38    0.78 ^ _2146_/Q (sky130_fd_sc_hd__dfxtp_1)
     4    0.01                           u_cordic.i_angle[11] (net)
                  0.12    0.00    0.78 ^ _1920_/A (sky130_fd_sc_hd__or2_1)
                  0.05    0.12    0.90 ^ _1920_/X (sky130_fd_sc_hd__or2_1)
     1    0.00                           _0343_ (net)
                  0.05    0.00    0.90 ^ _1921_/B1 (sky130_fd_sc_hd__o211a_1)
                  0.04    0.14    1.04 ^ _1921_/X (sky130_fd_sc_hd__o211a_1)
     1    0.00                           _0122_ (net)
                  0.04    0.00    1.04 ^ hold92/A (sky130_fd_sc_hd__dlygate4sd3_1)
                  0.05    0.53    1.57 ^ hold92/X (sky130_fd_sc_hd__dlygate4sd3_1)
     1    0.00                           net98 (net)
                  0.05    0.00    1.57 ^ _2146_/D (sky130_fd_sc_hd__dfxtp_1)
                                  1.57   data arrival time

                          0.00    0.00   clock i_clk (rise edge)
                          0.00    0.00   clock source latency
                  0.00    0.00    0.00 ^ i_clk (in)
     1    0.03                           i_clk (net)
                  0.00    0.00    0.00 ^ clkbuf_0_i_clk/A (sky130_fd_sc_hd__clkbuf_16)
                  0.14    0.19    0.19 ^ clkbuf_0_i_clk/X (sky130_fd_sc_hd__clkbuf_16)
    16    0.13                           clknet_0_i_clk (net)
                  0.14    0.00    0.19 ^ clkbuf_4_7_0_i_clk/A (sky130_fd_sc_hd__clkbuf_8)
                  0.11    0.21    0.40 ^ clkbuf_4_7_0_i_clk/X (sky130_fd_sc_hd__clkbuf_8)
    16    0.06                           clknet_4_7_0_i_clk (net)
                  0.11    0.00    0.40 ^ _2146_/CLK (sky130_fd_sc_hd__dfxtp_1)
                          0.50    0.90   clock uncertainty
                          0.00    0.90   clock reconvergence pessimism
                         -0.02    0.88   library hold time
                                  0.88   data required time
-----------------------------------------------------------------------------
                                  0.88   data required time
                                 -1.57   data arrival time
-----------------------------------------------------------------------------
                                  0.69   slack (MET)


Startpoint: _2135_ (rising edge-triggered flip-flop clocked by i_clk)
Endpoint: _2135_ (rising edge-triggered flip-flop clocked by i_clk)
Path Group: i_clk
Path Type: min

Fanout     Cap    Slew   Delay    Time   Description
-----------------------------------------------------------------------------
                          0.00    0.00   clock i_clk (rise edge)
                          0.00    0.00   clock source latency
                  0.00    0.00    0.00 ^ i_clk (in)
     1    0.03                           i_clk (net)
                  0.00    0.00    0.00 ^ clkbuf_0_i_clk/A (sky130_fd_sc_hd__clkbuf_16)
                  0.14    0.19    0.19 ^ clkbuf_0_i_clk/X (sky130_fd_sc_hd__clkbuf_16)
    16    0.13                           clknet_0_i_clk (net)
                  0.14    0.00    0.19 ^ clkbuf_4_4_0_i_clk/A (sky130_fd_sc_hd__clkbuf_8)
                  0.06    0.18    0.37 ^ clkbuf_4_4_0_i_clk/X (sky130_fd_sc_hd__clkbuf_8)
     8    0.03                           clknet_4_4_0_i_clk (net)
                  0.06    0.00    0.37 ^ _2135_/CLK (sky130_fd_sc_hd__dfxtp_1)
                  0.14    0.38    0.75 ^ _2135_/Q (sky130_fd_sc_hd__dfxtp_1)
     4    0.01                           u_cordic.i_angle[0] (net)
                  0.14    0.00    0.75 ^ _1896_/A (sky130_fd_sc_hd__or2_1)
                  0.05    0.13    0.88 ^ _1896_/X (sky130_fd_sc_hd__or2_1)
     1    0.00                           _0330_ (net)
                  0.05    0.00    0.88 ^ _1897_/B1 (sky130_fd_sc_hd__o211a_1)
                  0.04    0.13    1.01 ^ _1897_/X (sky130_fd_sc_hd__o211a_1)
     1    0.00                           _0111_ (net)
                  0.04    0.00    1.01 ^ hold9/A (sky130_fd_sc_hd__dlygate4sd3_1)
                  0.05    0.52    1.54 ^ hold9/X (sky130_fd_sc_hd__dlygate4sd3_1)
     1    0.00                           net15 (net)
                  0.05    0.00    1.54 ^ _2135_/D (sky130_fd_sc_hd__dfxtp_1)
                                  1.54   data arrival time

                          0.00    0.00   clock i_clk (rise edge)
                          0.00    0.00   clock source latency
                  0.00    0.00    0.00 ^ i_clk (in)
     1    0.03                           i_clk (net)
                  0.00    0.00    0.00 ^ clkbuf_0_i_clk/A (sky130_fd_sc_hd__clkbuf_16)
                  0.14    0.19    0.19 ^ clkbuf_0_i_clk/X (sky130_fd_sc_hd__clkbuf_16)
    16    0.13                           clknet_0_i_clk (net)
                  0.14    0.00    0.19 ^ clkbuf_4_4_0_i_clk/A (sky130_fd_sc_hd__clkbuf_8)
                  0.06    0.18    0.37 ^ clkbuf_4_4_0_i_clk/X (sky130_fd_sc_hd__clkbuf_8)
     8    0.03                           clknet_4_4_0_i_clk (net)
                  0.06    0.00    0.37 ^ _2135_/CLK (sky130_fd_sc_hd__dfxtp_1)
                          0.50    0.87   clock uncertainty
                          0.00    0.87   clock reconvergence pessimism
                         -0.03    0.84   library hold time
                                  0.84   data required time
-----------------------------------------------------------------------------
                                  0.84   data required time
                                 -1.54   data arrival time
-----------------------------------------------------------------------------
                                  0.69   slack (MET)


Startpoint: _2150_ (rising edge-triggered flip-flop clocked by i_clk)
Endpoint: _2150_ (rising edge-triggered flip-flop clocked by i_clk)
Path Group: i_clk
Path Type: min

Fanout     Cap    Slew   Delay    Time   Description
-----------------------------------------------------------------------------
                          0.00    0.00   clock i_clk (rise edge)
                          0.00    0.00   clock source latency
                  0.00    0.00    0.00 ^ i_clk (in)
     1    0.03                           i_clk (net)
                  0.00    0.00    0.00 ^ clkbuf_0_i_clk/A (sky130_fd_sc_hd__clkbuf_16)
                  0.14    0.19    0.19 ^ clkbuf_0_i_clk/X (sky130_fd_sc_hd__clkbuf_16)
    16    0.13                           clknet_0_i_clk (net)
                  0.14    0.00    0.19 ^ clkbuf_4_13_0_i_clk/A (sky130_fd_sc_hd__clkbuf_8)
                  0.07    0.18    0.37 ^ clkbuf_4_13_0_i_clk/X (sky130_fd_sc_hd__clkbuf_8)
     9    0.03                           clknet_4_13_0_i_clk (net)
                  0.07    0.00    0.37 ^ _2150_/CLK (sky130_fd_sc_hd__dfxtp_1)
                  0.13    0.37    0.75 ^ _2150_/Q (sky130_fd_sc_hd__dfxtp_1)
     5    0.01                           u_cordic.i_angle[15] (net)
                  0.13    0.00    0.75 ^ _1928_/A (sky130_fd_sc_hd__or2_1)
                  0.05    0.12    0.87 ^ _1928_/X (sky130_fd_sc_hd__or2_1)
     1    0.00                           _0347_ (net)
                  0.05    0.00    0.87 ^ _1929_/B1 (sky130_fd_sc_hd__o211a_1)
                  0.04    0.14    1.01 ^ _1929_/X (sky130_fd_sc_hd__o211a_1)
     1    0.00                           _0126_ (net)
                  0.04    0.00    1.01 ^ hold133/A (sky130_fd_sc_hd__dlygate4sd3_1)
                  0.05    0.53    1.54 ^ hold133/X (sky130_fd_sc_hd__dlygate4sd3_1)
     1    0.00                           net139 (net)
                  0.05    0.00    1.54 ^ _2150_/D (sky130_fd_sc_hd__dfxtp_1)
                                  1.54   data arrival time

                          0.00    0.00   clock i_clk (rise edge)
                          0.00    0.00   clock source latency
                  0.00    0.00    0.00 ^ i_clk (in)
     1    0.03                           i_clk (net)
                  0.00    0.00    0.00 ^ clkbuf_0_i_clk/A (sky130_fd_sc_hd__clkbuf_16)
                  0.14    0.19    0.19 ^ clkbuf_0_i_clk/X (sky130_fd_sc_hd__clkbuf_16)
    16    0.13                           clknet_0_i_clk (net)
                  0.14    0.00    0.19 ^ clkbuf_4_13_0_i_clk/A (sky130_fd_sc_hd__clkbuf_8)
                  0.07    0.18    0.37 ^ clkbuf_4_13_0_i_clk/X (sky130_fd_sc_hd__clkbuf_8)
     9    0.03                           clknet_4_13_0_i_clk (net)
                  0.07    0.00    0.37 ^ _2150_/CLK (sky130_fd_sc_hd__dfxtp_1)
                          0.50    0.87   clock uncertainty
                          0.00    0.87   clock reconvergence pessimism
                         -0.03    0.85   library hold time
                                  0.85   data required time
-----------------------------------------------------------------------------
                                  0.85   data required time
                                 -1.54   data arrival time
-----------------------------------------------------------------------------
                                  0.69   slack (MET)


Startpoint: _2077_ (rising edge-triggered flip-flop clocked by i_clk)
Endpoint: _2065_ (rising edge-triggered flip-flop clocked by i_clk)
Path Group: i_clk
Path Type: min

Fanout     Cap    Slew   Delay    Time   Description
-----------------------------------------------------------------------------
                          0.00    0.00   clock i_clk (rise edge)
                          0.00    0.00   clock source latency
                  0.00    0.00    0.00 ^ i_clk (in)
     1    0.03                           i_clk (net)
                  0.00    0.00    0.00 ^ clkbuf_0_i_clk/A (sky130_fd_sc_hd__clkbuf_16)
                  0.14    0.19    0.19 ^ clkbuf_0_i_clk/X (sky130_fd_sc_hd__clkbuf_16)
    16    0.13                           clknet_0_i_clk (net)
                  0.14    0.00    0.19 ^ clkbuf_4_6_0_i_clk/A (sky130_fd_sc_hd__clkbuf_8)
                  0.07    0.18    0.38 ^ clkbuf_4_6_0_i_clk/X (sky130_fd_sc_hd__clkbuf_8)
    11    0.03                           clknet_4_6_0_i_clk (net)
                  0.07    0.00    0.38 ^ _2077_/CLK (sky130_fd_sc_hd__dfxtp_1)
                  0.12    0.37    0.75 ^ _2077_/Q (sky130_fd_sc_hd__dfxtp_1)
     2    0.01                           u_cordic.r_iter[3] (net)
                  0.12    0.00    0.75 ^ _1018_/A (sky130_fd_sc_hd__clkbuf_4)
                  0.15    0.24    0.99 ^ _1018_/X (sky130_fd_sc_hd__clkbuf_4)
    10    0.05                           _0422_ (net)
                  0.15    0.00    0.99 ^ _1019_/A (sky130_fd_sc_hd__buf_4)
                  0.17    0.24    1.23 ^ _1019_/X (sky130_fd_sc_hd__buf_4)
    10    0.06                           _0423_ (net)
                  0.17    0.01    1.23 ^ _1051_/A1 (sky130_fd_sc_hd__o21ai_4)
                  0.09    0.13    1.36 v _1051_/Y (sky130_fd_sc_hd__o21ai_4)
    10    0.03                           _0451_ (net)
                  0.09    0.00    1.36 v _1052_/A (sky130_fd_sc_hd__inv_2)
                  0.13    0.14    1.50 ^ _1052_/Y (sky130_fd_sc_hd__inv_2)
     8    0.03                           _0053_ (net)
                  0.13    0.00    1.50 ^ _1602_/A (sky130_fd_sc_hd__nor2_1)
                  0.03    0.06    1.57 v _1602_/Y (sky130_fd_sc_hd__nor2_1)
     1    0.00                           _0047_ (net)
                  0.03    0.00    1.57 v _2065_/D (sky130_fd_sc_hd__dfxtp_1)
                                  1.57   data arrival time

                          0.00    0.00   clock i_clk (rise edge)
                          0.00    0.00   clock source latency
                  0.00    0.00    0.00 ^ i_clk (in)
     1    0.03                           i_clk (net)
                  0.00    0.00    0.00 ^ clkbuf_0_i_clk/A (sky130_fd_sc_hd__clkbuf_16)
                  0.14    0.19    0.19 ^ clkbuf_0_i_clk/X (sky130_fd_sc_hd__clkbuf_16)
    16    0.13                           clknet_0_i_clk (net)
                  0.14    0.00    0.19 ^ clkbuf_4_7_0_i_clk/A (sky130_fd_sc_hd__clkbuf_8)
                  0.11    0.21    0.40 ^ clkbuf_4_7_0_i_clk/X (sky130_fd_sc_hd__clkbuf_8)
    16    0.06                           clknet_4_7_0_i_clk (net)
                  0.11    0.00    0.40 ^ _2065_/CLK (sky130_fd_sc_hd__dfxtp_1)
                          0.50    0.90   clock uncertainty
                          0.00    0.90   clock reconvergence pessimism
                         -0.03    0.87   library hold time
                                  0.87   data required time
-----------------------------------------------------------------------------
                                  0.87   data required time
                                 -1.57   data arrival time
-----------------------------------------------------------------------------
                                  0.70   slack (MET)


Startpoint: _2138_ (rising edge-triggered flip-flop clocked by i_clk)
Endpoint: _2120_ (rising edge-triggered flip-flop clocked by i_clk)
Path Group: i_clk
Path Type: min

Fanout     Cap    Slew   Delay    Time   Description
-----------------------------------------------------------------------------
                          0.00    0.00   clock i_clk (rise edge)
                          0.00    0.00   clock source latency
                  0.00    0.00    0.00 ^ i_clk (in)
     1    0.03                           i_clk (net)
                  0.00    0.00    0.00 ^ clkbuf_0_i_clk/A (sky130_fd_sc_hd__clkbuf_16)
                  0.14    0.19    0.19 ^ clkbuf_0_i_clk/X (sky130_fd_sc_hd__clkbuf_16)
    16    0.13                           clknet_0_i_clk (net)
                  0.14    0.00    0.19 ^ clkbuf_4_4_0_i_clk/A (sky130_fd_sc_hd__clkbuf_8)
                  0.06    0.18    0.37 ^ clkbuf_4_4_0_i_clk/X (sky130_fd_sc_hd__clkbuf_8)
     8    0.03                           clknet_4_4_0_i_clk (net)
                  0.06    0.00    0.37 ^ _2138_/CLK (sky130_fd_sc_hd__dfxtp_1)
                  0.05    0.32    0.69 v _2138_/Q (sky130_fd_sc_hd__dfxtp_1)
     3    0.01                           u_cordic.i_angle[3] (net)
                  0.05    0.00    0.69 v _1739_/A1_N (sky130_fd_sc_hd__o2bb2a_1)
                  0.05    0.23    0.92 ^ _1739_/X (sky130_fd_sc_hd__o2bb2a_1)
     1    0.00                           _0188_ (net)
                  0.05    0.00    0.92 ^ _1741_/A2 (sky130_fd_sc_hd__o21ai_1)
                  0.03    0.05    0.98 v _1741_/Y (sky130_fd_sc_hd__o21ai_1)
     1    0.00                           _0096_ (net)
                  0.03    0.00    0.98 v hold7/A (sky130_fd_sc_hd__dlygate4sd3_1)
                  0.05    0.54    1.52 v hold7/X (sky130_fd_sc_hd__dlygate4sd3_1)
     1    0.00                           net13 (net)
                  0.05    0.00    1.52 v _2120_/D (sky130_fd_sc_hd__dfxtp_1)
                                  1.52   data arrival time

                          0.00    0.00   clock i_clk (rise edge)
                          0.00    0.00   clock source latency
                  0.00    0.00    0.00 ^ i_clk (in)
     1    0.03                           i_clk (net)
                  0.00    0.00    0.00 ^ clkbuf_0_i_clk/A (sky130_fd_sc_hd__clkbuf_16)
                  0.14    0.19    0.19 ^ clkbuf_0_i_clk/X (sky130_fd_sc_hd__clkbuf_16)
    16    0.13                           clknet_0_i_clk (net)
                  0.14    0.00    0.19 ^ clkbuf_4_4_0_i_clk/A (sky130_fd_sc_hd__clkbuf_8)
                  0.06    0.18    0.37 ^ clkbuf_4_4_0_i_clk/X (sky130_fd_sc_hd__clkbuf_8)
     8    0.03                           clknet_4_4_0_i_clk (net)
                  0.06    0.00    0.37 ^ _2120_/CLK (sky130_fd_sc_hd__dfxtp_1)
                          0.50    0.87   clock uncertainty
                          0.00    0.87   clock reconvergence pessimism
                         -0.05    0.82   library hold time
                                  0.82   data required time
-----------------------------------------------------------------------------
                                  0.82   data required time
                                 -1.52   data arrival time
-----------------------------------------------------------------------------
                                  0.70   slack (MET)


Startpoint: _2077_ (rising edge-triggered flip-flop clocked by i_clk)
Endpoint: _2033_ (rising edge-triggered flip-flop clocked by i_clk)
Path Group: i_clk
Path Type: min

Fanout     Cap    Slew   Delay    Time   Description
-----------------------------------------------------------------------------
                          0.00    0.00   clock i_clk (rise edge)
                          0.00    0.00   clock source latency
                  0.00    0.00    0.00 ^ i_clk (in)
     1    0.03                           i_clk (net)
                  0.00    0.00    0.00 ^ clkbuf_0_i_clk/A (sky130_fd_sc_hd__clkbuf_16)
                  0.14    0.19    0.19 ^ clkbuf_0_i_clk/X (sky130_fd_sc_hd__clkbuf_16)
    16    0.13                           clknet_0_i_clk (net)
                  0.14    0.00    0.19 ^ clkbuf_4_6_0_i_clk/A (sky130_fd_sc_hd__clkbuf_8)
                  0.07    0.18    0.38 ^ clkbuf_4_6_0_i_clk/X (sky130_fd_sc_hd__clkbuf_8)
    11    0.03                           clknet_4_6_0_i_clk (net)
                  0.07    0.00    0.38 ^ _2077_/CLK (sky130_fd_sc_hd__dfxtp_1)
                  0.12    0.37    0.75 ^ _2077_/Q (sky130_fd_sc_hd__dfxtp_1)
     2    0.01                           u_cordic.r_iter[3] (net)
                  0.12    0.00    0.75 ^ _1018_/A (sky130_fd_sc_hd__clkbuf_4)
                  0.15    0.24    0.99 ^ _1018_/X (sky130_fd_sc_hd__clkbuf_4)
    10    0.05                           _0422_ (net)
                  0.15    0.00    0.99 ^ _1019_/A (sky130_fd_sc_hd__buf_4)
                  0.17    0.24    1.23 ^ _1019_/X (sky130_fd_sc_hd__buf_4)
    10    0.06                           _0423_ (net)
                  0.17    0.01    1.23 ^ _1051_/A1 (sky130_fd_sc_hd__o21ai_4)
                  0.09    0.13    1.36 v _1051_/Y (sky130_fd_sc_hd__o21ai_4)
    10    0.03                           _0451_ (net)
                  0.09    0.00    1.36 v _1052_/A (sky130_fd_sc_hd__inv_2)
                  0.13    0.14    1.50 ^ _1052_/Y (sky130_fd_sc_hd__inv_2)
     8    0.03                           _0053_ (net)
                  0.13    0.00    1.50 ^ _1295_/A (sky130_fd_sc_hd__nor2_1)
                  0.03    0.07    1.57 v _1295_/Y (sky130_fd_sc_hd__nor2_1)
     1    0.00                           _0018_ (net)
                  0.03    0.00    1.57 v _2033_/D (sky130_fd_sc_hd__dfxtp_1)
                                  1.57   data arrival time

                          0.00    0.00   clock i_clk (rise edge)
                          0.00    0.00   clock source latency
                  0.00    0.00    0.00 ^ i_clk (in)
     1    0.03                           i_clk (net)
                  0.00    0.00    0.00 ^ clkbuf_0_i_clk/A (sky130_fd_sc_hd__clkbuf_16)
                  0.14    0.19    0.19 ^ clkbuf_0_i_clk/X (sky130_fd_sc_hd__clkbuf_16)
    16    0.13                           clknet_0_i_clk (net)
                  0.14    0.00    0.19 ^ clkbuf_4_7_0_i_clk/A (sky130_fd_sc_hd__clkbuf_8)
                  0.11    0.21    0.40 ^ clkbuf_4_7_0_i_clk/X (sky130_fd_sc_hd__clkbuf_8)
    16    0.06                           clknet_4_7_0_i_clk (net)
                  0.11    0.00    0.40 ^ _2033_/CLK (sky130_fd_sc_hd__dfxtp_1)
                          0.50    0.90   clock uncertainty
                          0.00    0.90   clock reconvergence pessimism
                         -0.04    0.87   library hold time
                                  0.87   data required time
-----------------------------------------------------------------------------
                                  0.87   data required time
                                 -1.57   data arrival time
-----------------------------------------------------------------------------
                                  0.70   slack (MET)


Startpoint: _2151_ (rising edge-triggered flip-flop clocked by i_clk)
Endpoint: _2152_ (rising edge-triggered flip-flop clocked by i_clk)
Path Group: i_clk
Path Type: min

Fanout     Cap    Slew   Delay    Time   Description
-----------------------------------------------------------------------------
                          0.00    0.00   clock i_clk (rise edge)
                          0.00    0.00   clock source latency
                  0.00    0.00    0.00 ^ i_clk (in)
     1    0.03                           i_clk (net)
                  0.00    0.00    0.00 ^ clkbuf_0_i_clk/A (sky130_fd_sc_hd__clkbuf_16)
                  0.14    0.19    0.19 ^ clkbuf_0_i_clk/X (sky130_fd_sc_hd__clkbuf_16)
    16    0.13                           clknet_0_i_clk (net)
                  0.14    0.01    0.19 ^ clkbuf_4_3_0_i_clk/A (sky130_fd_sc_hd__clkbuf_8)
                  0.08    0.19    0.38 ^ clkbuf_4_3_0_i_clk/X (sky130_fd_sc_hd__clkbuf_8)
    11    0.04                           clknet_4_3_0_i_clk (net)
                  0.08    0.00    0.38 ^ _2151_/CLK (sky130_fd_sc_hd__dfxtp_1)
                  0.11    0.37    0.75 ^ _2151_/Q (sky130_fd_sc_hd__dfxtp_1)
     2    0.01                           u_spi_target.r_miso_data[0] (net)
                  0.11    0.00    0.75 ^ _1944_/A0 (sky130_fd_sc_hd__mux2_1)
                  0.04    0.14    0.89 ^ _1944_/X (sky130_fd_sc_hd__mux2_1)
     1    0.00                           _0361_ (net)
                  0.04    0.00    0.89 ^ _1948_/A2 (sky130_fd_sc_hd__o211a_1)
                  0.04    0.12    1.01 ^ _1948_/X (sky130_fd_sc_hd__o211a_1)
     1    0.00                           _0128_ (net)
                  0.04    0.00    1.01 ^ hold102/A (sky130_fd_sc_hd__dlygate4sd3_1)
                  0.06    0.54    1.55 ^ hold102/X (sky130_fd_sc_hd__dlygate4sd3_1)
     1    0.00                           net108 (net)
                  0.06    0.00    1.55 ^ _2152_/D (sky130_fd_sc_hd__dfxtp_1)
                                  1.55   data arrival time

                          0.00    0.00   clock i_clk (rise edge)
                          0.00    0.00   clock source latency
                  0.00    0.00    0.00 ^ i_clk (in)
     1    0.03                           i_clk (net)
                  0.00    0.00    0.00 ^ clkbuf_0_i_clk/A (sky130_fd_sc_hd__clkbuf_16)
                  0.14    0.19    0.19 ^ clkbuf_0_i_clk/X (sky130_fd_sc_hd__clkbuf_16)
    16    0.13                           clknet_0_i_clk (net)
                  0.14    0.00    0.19 ^ clkbuf_4_8_0_i_clk/A (sky130_fd_sc_hd__clkbuf_8)
                  0.07    0.18    0.37 ^ clkbuf_4_8_0_i_clk/X (sky130_fd_sc_hd__clkbuf_8)
    10    0.03                           clknet_4_8_0_i_clk (net)
                  0.07    0.00    0.38 ^ _2152_/CLK (sky130_fd_sc_hd__dfxtp_1)
                          0.50    0.88   clock uncertainty
                          0.00    0.88   clock reconvergence pessimism
                         -0.03    0.84   library hold time
                                  0.84   data required time
-----------------------------------------------------------------------------
                                  0.84   data required time
                                 -1.55   data arrival time
-----------------------------------------------------------------------------
                                  0.70   slack (MET)


Startpoint: _2149_ (rising edge-triggered flip-flop clocked by i_clk)
Endpoint: _2035_ (rising edge-triggered flip-flop clocked by i_clk)
Path Group: i_clk
Path Type: min

Fanout     Cap    Slew   Delay    Time   Description
-----------------------------------------------------------------------------
                          0.00    0.00   clock i_clk (rise edge)
                          0.00    0.00   clock source latency
                  0.00    0.00    0.00 ^ i_clk (in)
     1    0.03                           i_clk (net)
                  0.00    0.00    0.00 ^ clkbuf_0_i_clk/A (sky130_fd_sc_hd__clkbuf_16)
                  0.14    0.19    0.19 ^ clkbuf_0_i_clk/X (sky130_fd_sc_hd__clkbuf_16)
    16    0.13                           clknet_0_i_clk (net)
                  0.14    0.00    0.19 ^ clkbuf_4_13_0_i_clk/A (sky130_fd_sc_hd__clkbuf_8)
                  0.07    0.18    0.37 ^ clkbuf_4_13_0_i_clk/X (sky130_fd_sc_hd__clkbuf_8)
     9    0.03                           clknet_4_13_0_i_clk (net)
                  0.07    0.00    0.38 ^ _2149_/CLK (sky130_fd_sc_hd__dfxtp_1)
                  0.05    0.33    0.70 v _2149_/Q (sky130_fd_sc_hd__dfxtp_1)
     3    0.01                           u_cordic.i_angle[14] (net)
                  0.05    0.00    0.70 v _1324_/A (sky130_fd_sc_hd__or2b_1)
                  0.09    0.27    0.97 v _1324_/X (sky130_fd_sc_hd__or2b_1)
     2    0.01                           _0704_ (net)
                  0.09    0.00    0.97 v _1340_/B (sky130_fd_sc_hd__nor2_4)
                  0.27    0.25    1.21 ^ _1340_/Y (sky130_fd_sc_hd__nor2_4)
     8    0.04                           _0719_ (net)
                  0.27    0.00    1.22 ^ _1341_/B1 (sky130_fd_sc_hd__a31o_1)
                  0.04    0.14    1.35 ^ _1341_/X (sky130_fd_sc_hd__a31o_1)
     1    0.00                           _0720_ (net)
                  0.04    0.00    1.35 ^ _1343_/A1 (sky130_fd_sc_hd__mux2_1)
                  0.04    0.12    1.47 ^ _1343_/X (sky130_fd_sc_hd__mux2_1)
     1    0.00                           _0722_ (net)
                  0.04    0.00    1.47 ^ _1344_/A (sky130_fd_sc_hd__clkbuf_1)
                  0.04    0.07    1.54 ^ _1344_/X (sky130_fd_sc_hd__clkbuf_1)
     1    0.00                           _0020_ (net)
                  0.04    0.00    1.54 ^ _2035_/D (sky130_fd_sc_hd__dfxtp_1)
                                  1.54   data arrival time

                          0.00    0.00   clock i_clk (rise edge)
                          0.00    0.00   clock source latency
                  0.00    0.00    0.00 ^ i_clk (in)
     1    0.03                           i_clk (net)
                  0.00    0.00    0.00 ^ clkbuf_0_i_clk/A (sky130_fd_sc_hd__clkbuf_16)
                  0.14    0.19    0.19 ^ clkbuf_0_i_clk/X (sky130_fd_sc_hd__clkbuf_16)
    16    0.13                           clknet_0_i_clk (net)
                  0.14    0.00    0.19 ^ clkbuf_4_14_0_i_clk/A (sky130_fd_sc_hd__clkbuf_8)
                  0.05    0.17    0.36 ^ clkbuf_4_14_0_i_clk/X (sky130_fd_sc_hd__clkbuf_8)
     6    0.02                           clknet_4_14_0_i_clk (net)
                  0.05    0.00    0.36 ^ _2035_/CLK (sky130_fd_sc_hd__dfxtp_1)
                          0.50    0.86   clock uncertainty
                          0.00    0.86   clock reconvergence pessimism
                         -0.03    0.83   library hold time
                                  0.83   data required time
-----------------------------------------------------------------------------
                                  0.83   data required time
                                 -1.54   data arrival time
-----------------------------------------------------------------------------
                                  0.71   slack (MET)


Startpoint: _2149_ (rising edge-triggered flip-flop clocked by i_clk)
Endpoint: _2034_ (rising edge-triggered flip-flop clocked by i_clk)
Path Group: i_clk
Path Type: min

Fanout     Cap    Slew   Delay    Time   Description
-----------------------------------------------------------------------------
                          0.00    0.00   clock i_clk (rise edge)
                          0.00    0.00   clock source latency
                  0.00    0.00    0.00 ^ i_clk (in)
     1    0.03                           i_clk (net)
                  0.00    0.00    0.00 ^ clkbuf_0_i_clk/A (sky130_fd_sc_hd__clkbuf_16)
                  0.14    0.19    0.19 ^ clkbuf_0_i_clk/X (sky130_fd_sc_hd__clkbuf_16)
    16    0.13                           clknet_0_i_clk (net)
                  0.14    0.00    0.19 ^ clkbuf_4_13_0_i_clk/A (sky130_fd_sc_hd__clkbuf_8)
                  0.07    0.18    0.37 ^ clkbuf_4_13_0_i_clk/X (sky130_fd_sc_hd__clkbuf_8)
     9    0.03                           clknet_4_13_0_i_clk (net)
                  0.07    0.00    0.38 ^ _2149_/CLK (sky130_fd_sc_hd__dfxtp_1)
                  0.10    0.35    0.73 ^ _2149_/Q (sky130_fd_sc_hd__dfxtp_1)
     3    0.01                           u_cordic.i_angle[14] (net)
                  0.10    0.00    0.73 ^ _1324_/A (sky130_fd_sc_hd__or2b_1)
                  0.13    0.17    0.90 ^ _1324_/X (sky130_fd_sc_hd__or2b_1)
     2    0.01                           _0704_ (net)
                  0.13    0.00    0.90 ^ _1325_/A3 (sky130_fd_sc_hd__a31o_1)
                  0.04    0.15    1.05 ^ _1325_/X (sky130_fd_sc_hd__a31o_1)
     1    0.00                           _0705_ (net)
                  0.04    0.00    1.05 ^ _1326_/A (sky130_fd_sc_hd__clkbuf_4)
                  0.22    0.26    1.31 ^ _1326_/X (sky130_fd_sc_hd__clkbuf_4)
    10    0.07                           _0706_ (net)
                  0.22    0.01    1.31 ^ _1327_/B1 (sky130_fd_sc_hd__a21oi_1)
                  0.04    0.07    1.38 v _1327_/Y (sky130_fd_sc_hd__a21oi_1)
     1    0.00                           _0707_ (net)
                  0.04    0.00    1.38 v _1328_/B1 (sky130_fd_sc_hd__a21o_1)
                  0.03    0.14    1.53 v _1328_/X (sky130_fd_sc_hd__a21o_1)
     1    0.00                           _0019_ (net)
                  0.03    0.00    1.53 v _2034_/D (sky130_fd_sc_hd__dfxtp_1)
                                  1.53   data arrival time

                          0.00    0.00   clock i_clk (rise edge)
                          0.00    0.00   clock source latency
                  0.00    0.00    0.00 ^ i_clk (in)
     1    0.03                           i_clk (net)
                  0.00    0.00    0.00 ^ clkbuf_0_i_clk/A (sky130_fd_sc_hd__clkbuf_16)
                  0.14    0.19    0.19 ^ clkbuf_0_i_clk/X (sky130_fd_sc_hd__clkbuf_16)
    16    0.13                           clknet_0_i_clk (net)
                  0.14    0.00    0.19 ^ clkbuf_4_14_0_i_clk/A (sky130_fd_sc_hd__clkbuf_8)
                  0.05    0.17    0.36 ^ clkbuf_4_14_0_i_clk/X (sky130_fd_sc_hd__clkbuf_8)
     6    0.02                           clknet_4_14_0_i_clk (net)
                  0.05    0.00    0.36 ^ _2034_/CLK (sky130_fd_sc_hd__dfxtp_1)
                          0.50    0.86   clock uncertainty
                          0.00    0.86   clock reconvergence pessimism
                         -0.04    0.82   library hold time
                                  0.82   data required time
-----------------------------------------------------------------------------
                                  0.82   data required time
                                 -1.53   data arrival time
-----------------------------------------------------------------------------
                                  0.71   slack (MET)


Startpoint: _2112_ (rising edge-triggered flip-flop clocked by i_clk)
Endpoint: _2112_ (rising edge-triggered flip-flop clocked by i_clk)
Path Group: i_clk
Path Type: min

Fanout     Cap    Slew   Delay    Time   Description
-----------------------------------------------------------------------------
                          0.00    0.00   clock i_clk (rise edge)
                          0.00    0.00   clock source latency
                  0.00    0.00    0.00 ^ i_clk (in)
     1    0.03                           i_clk (net)
                  0.00    0.00    0.00 ^ clkbuf_0_i_clk/A (sky130_fd_sc_hd__clkbuf_16)
                  0.14    0.19    0.19 ^ clkbuf_0_i_clk/X (sky130_fd_sc_hd__clkbuf_16)
    16    0.13                           clknet_0_i_clk (net)
                  0.14    0.00    0.19 ^ clkbuf_4_1_0_i_clk/A (sky130_fd_sc_hd__clkbuf_8)
                  0.08    0.19    0.38 ^ clkbuf_4_1_0_i_clk/X (sky130_fd_sc_hd__clkbuf_8)
    13    0.04                           clknet_4_1_0_i_clk (net)
                  0.08    0.00    0.39 ^ _2112_/CLK (sky130_fd_sc_hd__dfxtp_2)
                  0.10    0.39    0.78 v _2112_/Q (sky130_fd_sc_hd__dfxtp_2)
     8    0.04                           r_word_sel (net)
                  0.10    0.00    0.78 v _1013_/A (sky130_fd_sc_hd__inv_2)
                  0.06    0.09    0.87 ^ _1013_/Y (sky130_fd_sc_hd__inv_2)
     3    0.01                           _0417_ (net)
                  0.06    0.00    0.87 ^ _1691_/A (sky130_fd_sc_hd__or2_1)
                  0.04    0.10    0.96 ^ _1691_/X (sky130_fd_sc_hd__or2_1)
     1    0.00                           _1007_ (net)
                  0.04    0.00    0.96 ^ _1694_/A2 (sky130_fd_sc_hd__a21oi_1)
                  0.04    0.06    1.02 v _1694_/Y (sky130_fd_sc_hd__a21oi_1)
     1    0.00                           _0088_ (net)
                  0.04    0.00    1.02 v hold106/A (sky130_fd_sc_hd__dlygate4sd3_1)
                  0.05    0.54    1.56 v hold106/X (sky130_fd_sc_hd__dlygate4sd3_1)
     1    0.00                           net112 (net)
                  0.05    0.00    1.56 v _2112_/D (sky130_fd_sc_hd__dfxtp_2)
                                  1.56   data arrival time

                          0.00    0.00   clock i_clk (rise edge)
                          0.00    0.00   clock source latency
                  0.00    0.00    0.00 ^ i_clk (in)
     1    0.03                           i_clk (net)
                  0.00    0.00    0.00 ^ clkbuf_0_i_clk/A (sky130_fd_sc_hd__clkbuf_16)
                  0.14    0.19    0.19 ^ clkbuf_0_i_clk/X (sky130_fd_sc_hd__clkbuf_16)
    16    0.13                           clknet_0_i_clk (net)
                  0.14    0.00    0.19 ^ clkbuf_4_1_0_i_clk/A (sky130_fd_sc_hd__clkbuf_8)
                  0.08    0.19    0.38 ^ clkbuf_4_1_0_i_clk/X (sky130_fd_sc_hd__clkbuf_8)
    13    0.04                           clknet_4_1_0_i_clk (net)
                  0.08    0.00    0.39 ^ _2112_/CLK (sky130_fd_sc_hd__dfxtp_2)
                          0.50    0.89   clock uncertainty
                          0.00    0.89   clock reconvergence pessimism
                         -0.04    0.85   library hold time
                                  0.85   data required time
-----------------------------------------------------------------------------
                                  0.85   data required time
                                 -1.56   data arrival time
-----------------------------------------------------------------------------
                                  0.71   slack (MET)


Startpoint: _2155_ (rising edge-triggered flip-flop clocked by i_clk)
Endpoint: _2156_ (rising edge-triggered flip-flop clocked by i_clk)
Path Group: i_clk
Path Type: min

Fanout     Cap    Slew   Delay    Time   Description
-----------------------------------------------------------------------------
                          0.00    0.00   clock i_clk (rise edge)
                          0.00    0.00   clock source latency
                  0.00    0.00    0.00 ^ i_clk (in)
     1    0.03                           i_clk (net)
                  0.00    0.00    0.00 ^ clkbuf_0_i_clk/A (sky130_fd_sc_hd__clkbuf_16)
                  0.14    0.19    0.19 ^ clkbuf_0_i_clk/X (sky130_fd_sc_hd__clkbuf_16)
    16    0.13                           clknet_0_i_clk (net)
                  0.14    0.00    0.19 ^ clkbuf_4_8_0_i_clk/A (sky130_fd_sc_hd__clkbuf_8)
                  0.07    0.18    0.37 ^ clkbuf_4_8_0_i_clk/X (sky130_fd_sc_hd__clkbuf_8)
    10    0.03                           clknet_4_8_0_i_clk (net)
                  0.07    0.00    0.37 ^ _2155_/CLK (sky130_fd_sc_hd__dfxtp_1)
                  0.09    0.34    0.72 ^ _2155_/Q (sky130_fd_sc_hd__dfxtp_1)
     2    0.01                           u_spi_target.r_miso_data[4] (net)
                  0.09    0.00    0.72 ^ _1963_/A0 (sky130_fd_sc_hd__mux2_1)
                  0.07    0.16    0.87 ^ _1963_/X (sky130_fd_sc_hd__mux2_1)
     1    0.01                           _0376_ (net)
                  0.07    0.00    0.88 ^ _1965_/A2 (sky130_fd_sc_hd__o211a_1)
                  0.04    0.13    1.00 ^ _1965_/X (sky130_fd_sc_hd__o211a_1)
     1    0.00                           _0132_ (net)
                  0.04    0.00    1.00 ^ hold94/A (sky130_fd_sc_hd__dlygate4sd3_1)
                  0.08    0.55    1.56 ^ hold94/X (sky130_fd_sc_hd__dlygate4sd3_1)
     1    0.01                           net100 (net)
                  0.08    0.00    1.56 ^ _2156_/D (sky130_fd_sc_hd__dfxtp_1)
                                  1.56   data arrival time

                          0.00    0.00   clock i_clk (rise edge)
                          0.00    0.00   clock source latency
                  0.00    0.00    0.00 ^ i_clk (in)
     1    0.03                           i_clk (net)
                  0.00    0.00    0.00 ^ clkbuf_0_i_clk/A (sky130_fd_sc_hd__clkbuf_16)
                  0.14    0.19    0.19 ^ clkbuf_0_i_clk/X (sky130_fd_sc_hd__clkbuf_16)
    16    0.13                           clknet_0_i_clk (net)
                  0.14    0.00    0.19 ^ clkbuf_4_10_0_i_clk/A (sky130_fd_sc_hd__clkbuf_8)
                  0.06    0.17    0.37 ^ clkbuf_4_10_0_i_clk/X (sky130_fd_sc_hd__clkbuf_8)
     7    0.02                           clknet_4_10_0_i_clk (net)
                  0.06    0.00    0.37 ^ _2156_/CLK (sky130_fd_sc_hd__dfxtp_1)
                          0.50    0.87   clock uncertainty
                          0.00    0.87   clock reconvergence pessimism
                         -0.04    0.83   library hold time
                                  0.83   data required time
-----------------------------------------------------------------------------
                                  0.83   data required time
                                 -1.56   data arrival time
-----------------------------------------------------------------------------
                                  0.73   slack (MET)


Startpoint: _2154_ (rising edge-triggered flip-flop clocked by i_clk)
Endpoint: _2155_ (rising edge-triggered flip-flop clocked by i_clk)
Path Group: i_clk
Path Type: min

Fanout     Cap    Slew   Delay    Time   Description
-----------------------------------------------------------------------------
                          0.00    0.00   clock i_clk (rise edge)
                          0.00    0.00   clock source latency
                  0.00    0.00    0.00 ^ i_clk (in)
     1    0.03                           i_clk (net)
                  0.00    0.00    0.00 ^ clkbuf_0_i_clk/A (sky130_fd_sc_hd__clkbuf_16)
                  0.14    0.19    0.19 ^ clkbuf_0_i_clk/X (sky130_fd_sc_hd__clkbuf_16)
    16    0.13                           clknet_0_i_clk (net)
                  0.14    0.00    0.19 ^ clkbuf_4_8_0_i_clk/A (sky130_fd_sc_hd__clkbuf_8)
                  0.07    0.18    0.37 ^ clkbuf_4_8_0_i_clk/X (sky130_fd_sc_hd__clkbuf_8)
    10    0.03                           clknet_4_8_0_i_clk (net)
                  0.07    0.00    0.37 ^ _2154_/CLK (sky130_fd_sc_hd__dfxtp_1)
                  0.09    0.34    0.72 ^ _2154_/Q (sky130_fd_sc_hd__dfxtp_1)
     2    0.01                           u_spi_target.r_miso_data[3] (net)
                  0.09    0.00    0.72 ^ _1958_/A0 (sky130_fd_sc_hd__mux2_1)
                  0.08    0.16    0.88 ^ _1958_/X (sky130_fd_sc_hd__mux2_1)
     1    0.01                           _0372_ (net)
                  0.08    0.00    0.88 ^ _1961_/A2 (sky130_fd_sc_hd__o211a_1)
                  0.04    0.13    1.01 ^ _1961_/X (sky130_fd_sc_hd__o211a_1)
     1    0.00                           _0131_ (net)
                  0.04    0.00    1.01 ^ hold98/A (sky130_fd_sc_hd__dlygate4sd3_1)
                  0.08    0.56    1.57 ^ hold98/X (sky130_fd_sc_hd__dlygate4sd3_1)
     1    0.01                           net104 (net)
                  0.08    0.00    1.57 ^ _2155_/D (sky130_fd_sc_hd__dfxtp_1)
                                  1.57   data arrival time

                          0.00    0.00   clock i_clk (rise edge)
                          0.00    0.00   clock source latency
                  0.00    0.00    0.00 ^ i_clk (in)
     1    0.03                           i_clk (net)
                  0.00    0.00    0.00 ^ clkbuf_0_i_clk/A (sky130_fd_sc_hd__clkbuf_16)
                  0.14    0.19    0.19 ^ clkbuf_0_i_clk/X (sky130_fd_sc_hd__clkbuf_16)
    16    0.13                           clknet_0_i_clk (net)
                  0.14    0.00    0.19 ^ clkbuf_4_8_0_i_clk/A (sky130_fd_sc_hd__clkbuf_8)
                  0.07    0.18    0.37 ^ clkbuf_4_8_0_i_clk/X (sky130_fd_sc_hd__clkbuf_8)
    10    0.03                           clknet_4_8_0_i_clk (net)
                  0.07    0.00    0.37 ^ _2155_/CLK (sky130_fd_sc_hd__dfxtp_1)
                          0.50    0.87   clock uncertainty
                          0.00    0.87   clock reconvergence pessimism
                         -0.04    0.84   library hold time
                                  0.84   data required time
-----------------------------------------------------------------------------
                                  0.84   data required time
                                 -1.57   data arrival time
-----------------------------------------------------------------------------
                                  0.73   slack (MET)


Startpoint: _2053_ (rising edge-triggered flip-flop clocked by i_clk)
Endpoint: _2067_ (rising edge-triggered flip-flop clocked by i_clk)
Path Group: i_clk
Path Type: min

Fanout     Cap    Slew   Delay    Time   Description
-----------------------------------------------------------------------------
                          0.00    0.00   clock i_clk (rise edge)
                          0.00    0.00   clock source latency
                  0.00    0.00    0.00 ^ i_clk (in)
     1    0.03                           i_clk (net)
                  0.00    0.00    0.00 ^ clkbuf_0_i_clk/A (sky130_fd_sc_hd__clkbuf_16)
                  0.14    0.19    0.19 ^ clkbuf_0_i_clk/X (sky130_fd_sc_hd__clkbuf_16)
    16    0.13                           clknet_0_i_clk (net)
                  0.14    0.00    0.19 ^ clkbuf_4_1_0_i_clk/A (sky130_fd_sc_hd__clkbuf_8)
                  0.08    0.19    0.38 ^ clkbuf_4_1_0_i_clk/X (sky130_fd_sc_hd__clkbuf_8)
    13    0.04                           clknet_4_1_0_i_clk (net)
                  0.08    0.00    0.39 ^ _2053_/CLK (sky130_fd_sc_hd__dfxtp_1)
                  0.11    0.37    0.76 v _2053_/Q (sky130_fd_sc_hd__dfxtp_1)
     5    0.02                           u_cordic.r_state[2] (net)
                  0.11    0.00    0.76 v hold226/A (sky130_fd_sc_hd__clkbuf_2)
                  0.10    0.19    0.95 v hold226/X (sky130_fd_sc_hd__clkbuf_2)
     4    0.02                           net232 (net)
                  0.10    0.00    0.95 v _1039_/A (sky130_fd_sc_hd__nor2_1)
                  0.24    0.24    1.19 ^ _1039_/Y (sky130_fd_sc_hd__nor2_1)
     2    0.01                           _0441_ (net)
                  0.24    0.00    1.19 ^ _1040_/C (sky130_fd_sc_hd__nor3_4)
                  0.06    0.10    1.29 v _1040_/Y (sky130_fd_sc_hd__nor3_4)
     8    0.03                           _0050_ (net)
                  0.06    0.00    1.29 v _1046_/A (sky130_fd_sc_hd__or2_1)
                  0.06    0.24    1.53 v _1046_/X (sky130_fd_sc_hd__or2_1)
     2    0.01                           _0447_ (net)
                  0.06    0.00    1.53 v _1056_/A (sky130_fd_sc_hd__nand2_1)
                  0.04    0.06    1.59 ^ _1056_/Y (sky130_fd_sc_hd__nand2_1)
     1    0.00                           _0000_ (net)
                  0.04    0.00    1.59 ^ _2067_/D (sky130_fd_sc_hd__dfxtp_1)
                                  1.59   data arrival time

                          0.00    0.00   clock i_clk (rise edge)
                          0.00    0.00   clock source latency
                  0.00    0.00    0.00 ^ i_clk (in)
     1    0.03                           i_clk (net)
                  0.00    0.00    0.00 ^ clkbuf_0_i_clk/A (sky130_fd_sc_hd__clkbuf_16)
                  0.14    0.19    0.19 ^ clkbuf_0_i_clk/X (sky130_fd_sc_hd__clkbuf_16)
    16    0.13                           clknet_0_i_clk (net)
                  0.14    0.00    0.19 ^ clkbuf_4_6_0_i_clk/A (sky130_fd_sc_hd__clkbuf_8)
                  0.07    0.18    0.38 ^ clkbuf_4_6_0_i_clk/X (sky130_fd_sc_hd__clkbuf_8)
    11    0.03                           clknet_4_6_0_i_clk (net)
                  0.07    0.00    0.38 ^ _2067_/CLK (sky130_fd_sc_hd__dfxtp_1)
                          0.50    0.88   clock uncertainty
                          0.00    0.88   clock reconvergence pessimism
                         -0.03    0.85   library hold time
                                  0.85   data required time
-----------------------------------------------------------------------------
                                  0.85   data required time
                                 -1.59   data arrival time
-----------------------------------------------------------------------------
                                  0.74   slack (MET)


Startpoint: _2067_ (rising edge-triggered flip-flop clocked by i_clk)
Endpoint: _2117_ (rising edge-triggered flip-flop clocked by i_clk)
Path Group: i_clk
Path Type: min

Fanout     Cap    Slew   Delay    Time   Description
-----------------------------------------------------------------------------
                          0.00    0.00   clock i_clk (rise edge)
                          0.00    0.00   clock source latency
                  0.00    0.00    0.00 ^ i_clk (in)
     1    0.03                           i_clk (net)
                  0.00    0.00    0.00 ^ clkbuf_0_i_clk/A (sky130_fd_sc_hd__clkbuf_16)
                  0.14    0.19    0.19 ^ clkbuf_0_i_clk/X (sky130_fd_sc_hd__clkbuf_16)
    16    0.13                           clknet_0_i_clk (net)
                  0.14    0.00    0.19 ^ clkbuf_4_6_0_i_clk/A (sky130_fd_sc_hd__clkbuf_8)
                  0.07    0.18    0.38 ^ clkbuf_4_6_0_i_clk/X (sky130_fd_sc_hd__clkbuf_8)
    11    0.03                           clknet_4_6_0_i_clk (net)
                  0.07    0.00    0.38 ^ _2067_/CLK (sky130_fd_sc_hd__dfxtp_1)
                  0.11    0.38    0.75 v _2067_/Q (sky130_fd_sc_hd__dfxtp_1)
     7    0.02                           u_cordic.r_atan_lut[0] (net)
                  0.11    0.00    0.76 v _1711_/A2 (sky130_fd_sc_hd__o21ai_1)
                  0.10    0.16    0.91 ^ _1711_/Y (sky130_fd_sc_hd__o21ai_1)
     1    0.00                           _0163_ (net)
                  0.10    0.00    0.91 ^ _1712_/B1 (sky130_fd_sc_hd__a2bb2o_1)
                  0.04    0.14    1.05 ^ _1712_/X (sky130_fd_sc_hd__a2bb2o_1)
     1    0.00                           _0093_ (net)
                  0.04    0.00    1.05 ^ hold2/A (sky130_fd_sc_hd__dlygate4sd3_1)
                  0.06    0.54    1.59 ^ hold2/X (sky130_fd_sc_hd__dlygate4sd3_1)
     1    0.00                           net8 (net)
                  0.06    0.00    1.59 ^ _2117_/D (sky130_fd_sc_hd__dfxtp_1)
                                  1.59   data arrival time

                          0.00    0.00   clock i_clk (rise edge)
                          0.00    0.00   clock source latency
                  0.00    0.00    0.00 ^ i_clk (in)
     1    0.03                           i_clk (net)
                  0.00    0.00    0.00 ^ clkbuf_0_i_clk/A (sky130_fd_sc_hd__clkbuf_16)
                  0.14    0.19    0.19 ^ clkbuf_0_i_clk/X (sky130_fd_sc_hd__clkbuf_16)
    16    0.13                           clknet_0_i_clk (net)
                  0.14    0.00    0.19 ^ clkbuf_4_4_0_i_clk/A (sky130_fd_sc_hd__clkbuf_8)
                  0.06    0.18    0.37 ^ clkbuf_4_4_0_i_clk/X (sky130_fd_sc_hd__clkbuf_8)
     8    0.03                           clknet_4_4_0_i_clk (net)
                  0.06    0.00    0.37 ^ _2117_/CLK (sky130_fd_sc_hd__dfxtp_1)
                          0.50    0.87   clock uncertainty
                          0.00    0.87   clock reconvergence pessimism
                         -0.03    0.84   library hold time
                                  0.84   data required time
-----------------------------------------------------------------------------
                                  0.84   data required time
                                 -1.59   data arrival time
-----------------------------------------------------------------------------
                                  0.75   slack (MET)


Startpoint: _2110_ (rising edge-triggered flip-flop clocked by i_clk)
Endpoint: _2166_ (rising edge-triggered flip-flop clocked by i_clk)
Path Group: i_clk
Path Type: min

Fanout     Cap    Slew   Delay    Time   Description
-----------------------------------------------------------------------------
                          0.00    0.00   clock i_clk (rise edge)
                          0.00    0.00   clock source latency
                  0.00    0.00    0.00 ^ i_clk (in)
     1    0.03                           i_clk (net)
                  0.00    0.00    0.00 ^ clkbuf_0_i_clk/A (sky130_fd_sc_hd__clkbuf_16)
                  0.14    0.19    0.19 ^ clkbuf_0_i_clk/X (sky130_fd_sc_hd__clkbuf_16)
    16    0.13                           clknet_0_i_clk (net)
                  0.14    0.00    0.19 ^ clkbuf_4_0_0_i_clk/A (sky130_fd_sc_hd__clkbuf_8)
                  0.07    0.18    0.38 ^ clkbuf_4_0_0_i_clk/X (sky130_fd_sc_hd__clkbuf_8)
    11    0.03                           clknet_4_0_0_i_clk (net)
                  0.07    0.00    0.38 ^ _2110_/CLK (sky130_fd_sc_hd__dfxtp_1)
                  0.05    0.32    0.70 ^ _2110_/Q (sky130_fd_sc_hd__dfxtp_1)
     2    0.00                           u_cordic.o_cos[15] (net)
                  0.05    0.00    0.70 ^ _2002_/A0 (sky130_fd_sc_hd__mux2_1)
                  0.05    0.12    0.82 ^ _2002_/X (sky130_fd_sc_hd__mux2_1)
     1    0.00                           _0405_ (net)
                  0.05    0.00    0.82 ^ _2003_/A1 (sky130_fd_sc_hd__mux2_1)
                  0.05    0.13    0.95 ^ _2003_/X (sky130_fd_sc_hd__mux2_1)
     1    0.00                           _0406_ (net)
                  0.05    0.00    0.95 ^ _2005_/A2 (sky130_fd_sc_hd__o211a_1)
                  0.04    0.12    1.07 ^ _2005_/X (sky130_fd_sc_hd__o211a_1)
     1    0.00                           _0142_ (net)
                  0.04    0.00    1.07 ^ hold165/A (sky130_fd_sc_hd__dlygate4sd3_1)
                  0.05    0.53    1.60 ^ hold165/X (sky130_fd_sc_hd__dlygate4sd3_1)
     1    0.00                           net171 (net)
                  0.05    0.00    1.60 ^ _2166_/D (sky130_fd_sc_hd__dfxtp_1)
                                  1.60   data arrival time

                          0.00    0.00   clock i_clk (rise edge)
                          0.00    0.00   clock source latency
                  0.00    0.00    0.00 ^ i_clk (in)
     1    0.03                           i_clk (net)
                  0.00    0.00    0.00 ^ clkbuf_0_i_clk/A (sky130_fd_sc_hd__clkbuf_16)
                  0.14    0.19    0.19 ^ clkbuf_0_i_clk/X (sky130_fd_sc_hd__clkbuf_16)
    16    0.13                           clknet_0_i_clk (net)
                  0.14    0.00    0.19 ^ clkbuf_4_0_0_i_clk/A (sky130_fd_sc_hd__clkbuf_8)
                  0.07    0.18    0.38 ^ clkbuf_4_0_0_i_clk/X (sky130_fd_sc_hd__clkbuf_8)
    11    0.03                           clknet_4_0_0_i_clk (net)
                  0.07    0.00    0.38 ^ _2166_/CLK (sky130_fd_sc_hd__dfxtp_1)
                          0.50    0.88   clock uncertainty
                          0.00    0.88   clock reconvergence pessimism
                         -0.03    0.85   library hold time
                                  0.85   data required time
-----------------------------------------------------------------------------
                                  0.85   data required time
                                 -1.60   data arrival time
-----------------------------------------------------------------------------
                                  0.75   slack (MET)


Startpoint: _2077_ (rising edge-triggered flip-flop clocked by i_clk)
Endpoint: _2024_ (rising edge-triggered flip-flop clocked by i_clk)
Path Group: i_clk
Path Type: min

Fanout     Cap    Slew   Delay    Time   Description
-----------------------------------------------------------------------------
                          0.00    0.00   clock i_clk (rise edge)
                          0.00    0.00   clock source latency
                  0.00    0.00    0.00 ^ i_clk (in)
     1    0.03                           i_clk (net)
                  0.00    0.00    0.00 ^ clkbuf_0_i_clk/A (sky130_fd_sc_hd__clkbuf_16)
                  0.14    0.19    0.19 ^ clkbuf_0_i_clk/X (sky130_fd_sc_hd__clkbuf_16)
    16    0.13                           clknet_0_i_clk (net)
                  0.14    0.00    0.19 ^ clkbuf_4_6_0_i_clk/A (sky130_fd_sc_hd__clkbuf_8)
                  0.07    0.18    0.38 ^ clkbuf_4_6_0_i_clk/X (sky130_fd_sc_hd__clkbuf_8)
    11    0.03                           clknet_4_6_0_i_clk (net)
                  0.07    0.00    0.38 ^ _2077_/CLK (sky130_fd_sc_hd__dfxtp_1)
                  0.12    0.37    0.75 ^ _2077_/Q (sky130_fd_sc_hd__dfxtp_1)
     2    0.01                           u_cordic.r_iter[3] (net)
                  0.12    0.00    0.75 ^ _1018_/A (sky130_fd_sc_hd__clkbuf_4)
                  0.15    0.24    0.99 ^ _1018_/X (sky130_fd_sc_hd__clkbuf_4)
    10    0.05                           _0422_ (net)
                  0.15    0.00    0.99 ^ _1096_/B1 (sky130_fd_sc_hd__a21o_1)
                  0.07    0.12    1.12 ^ _1096_/X (sky130_fd_sc_hd__a21o_1)
     2    0.01                           _0486_ (net)
                  0.07    0.00    1.12 ^ _1099_/B1 (sky130_fd_sc_hd__o22a_2)
                  0.11    0.20    1.31 ^ _1099_/X (sky130_fd_sc_hd__o22a_2)
     5    0.02                           _0489_ (net)
                  0.11    0.00    1.31 ^ _1100_/B (sky130_fd_sc_hd__xor2_1)
                  0.10    0.15    1.46 ^ _1100_/X (sky130_fd_sc_hd__xor2_1)
     1    0.00                           _0490_ (net)
                  0.10    0.00    1.46 ^ _1101_/B2 (sky130_fd_sc_hd__a22o_1)
                  0.04    0.13    1.59 ^ _1101_/X (sky130_fd_sc_hd__a22o_1)
     1    0.00                           _0009_ (net)
                  0.04    0.00    1.59 ^ _2024_/D (sky130_fd_sc_hd__dfxtp_1)
                                  1.59   data arrival time

                          0.00    0.00   clock i_clk (rise edge)
                          0.00    0.00   clock source latency
                  0.00    0.00    0.00 ^ i_clk (in)
     1    0.03                           i_clk (net)
                  0.00    0.00    0.00 ^ clkbuf_0_i_clk/A (sky130_fd_sc_hd__clkbuf_16)
                  0.14    0.19    0.19 ^ clkbuf_0_i_clk/X (sky130_fd_sc_hd__clkbuf_16)
    16    0.13                           clknet_0_i_clk (net)
                  0.14    0.00    0.19 ^ clkbuf_4_14_0_i_clk/A (sky130_fd_sc_hd__clkbuf_8)
                  0.05    0.17    0.36 ^ clkbuf_4_14_0_i_clk/X (sky130_fd_sc_hd__clkbuf_8)
     6    0.02                           clknet_4_14_0_i_clk (net)
                  0.05    0.00    0.36 ^ _2024_/CLK (sky130_fd_sc_hd__dfxtp_1)
                          0.50    0.86   clock uncertainty
                          0.00    0.86   clock reconvergence pessimism
                         -0.03    0.83   library hold time
                                  0.83   data required time
-----------------------------------------------------------------------------
                                  0.83   data required time
                                 -1.59   data arrival time
-----------------------------------------------------------------------------
                                  0.75   slack (MET)


Startpoint: _2077_ (rising edge-triggered flip-flop clocked by i_clk)
Endpoint: _2175_ (rising edge-triggered flip-flop clocked by i_clk)
Path Group: i_clk
Path Type: min

Fanout     Cap    Slew   Delay    Time   Description
-----------------------------------------------------------------------------
                          0.00    0.00   clock i_clk (rise edge)
                          0.00    0.00   clock source latency
                  0.00    0.00    0.00 ^ i_clk (in)
     1    0.03                           i_clk (net)
                  0.00    0.00    0.00 ^ clkbuf_0_i_clk/A (sky130_fd_sc_hd__clkbuf_16)
                  0.14    0.19    0.19 ^ clkbuf_0_i_clk/X (sky130_fd_sc_hd__clkbuf_16)
    16    0.13                           clknet_0_i_clk (net)
                  0.14    0.00    0.19 ^ clkbuf_4_6_0_i_clk/A (sky130_fd_sc_hd__clkbuf_8)
                  0.07    0.18    0.38 ^ clkbuf_4_6_0_i_clk/X (sky130_fd_sc_hd__clkbuf_8)
    11    0.03                           clknet_4_6_0_i_clk (net)
                  0.07    0.00    0.38 ^ _2077_/CLK (sky130_fd_sc_hd__dfxtp_1)
                  0.12    0.37    0.75 ^ _2077_/Q (sky130_fd_sc_hd__dfxtp_1)
     2    0.01                           u_cordic.r_iter[3] (net)
                  0.12    0.00    0.75 ^ _1018_/A (sky130_fd_sc_hd__clkbuf_4)
                  0.15    0.24    0.99 ^ _1018_/X (sky130_fd_sc_hd__clkbuf_4)
    10    0.05                           _0422_ (net)
                  0.15    0.00    0.99 ^ _1019_/A (sky130_fd_sc_hd__buf_4)
                  0.17    0.24    1.23 ^ _1019_/X (sky130_fd_sc_hd__buf_4)
    10    0.06                           _0423_ (net)
                  0.17    0.01    1.23 ^ _1051_/A1 (sky130_fd_sc_hd__o21ai_4)
                  0.09    0.13    1.36 v _1051_/Y (sky130_fd_sc_hd__o21ai_4)
    10    0.03                           _0451_ (net)
                  0.09    0.00    1.36 v _2019_/B (sky130_fd_sc_hd__and3_1)
                  0.04    0.19    1.55 v _2019_/X (sky130_fd_sc_hd__and3_1)
     1    0.00                           _0414_ (net)
                  0.04    0.00    1.55 v _2020_/A (sky130_fd_sc_hd__clkbuf_1)
                  0.02    0.08    1.63 v _2020_/X (sky130_fd_sc_hd__clkbuf_1)
     1    0.00                           _0151_ (net)
                  0.02    0.00    1.63 v _2175_/D (sky130_fd_sc_hd__dfxtp_1)
                                  1.63   data arrival time

                          0.00    0.00   clock i_clk (rise edge)
                          0.00    0.00   clock source latency
                  0.00    0.00    0.00 ^ i_clk (in)
     1    0.03                           i_clk (net)
                  0.00    0.00    0.00 ^ clkbuf_0_i_clk/A (sky130_fd_sc_hd__clkbuf_16)
                  0.14    0.19    0.19 ^ clkbuf_0_i_clk/X (sky130_fd_sc_hd__clkbuf_16)
    16    0.13                           clknet_0_i_clk (net)
                  0.14    0.00    0.19 ^ clkbuf_4_7_0_i_clk/A (sky130_fd_sc_hd__clkbuf_8)
                  0.11    0.21    0.40 ^ clkbuf_4_7_0_i_clk/X (sky130_fd_sc_hd__clkbuf_8)
    16    0.06                           clknet_4_7_0_i_clk (net)
                  0.11    0.00    0.40 ^ _2175_/CLK (sky130_fd_sc_hd__dfxtp_1)
                          0.50    0.90   clock uncertainty
                          0.00    0.90   clock reconvergence pessimism
                         -0.03    0.87   library hold time
                                  0.87   data required time
-----------------------------------------------------------------------------
                                  0.87   data required time
                                 -1.63   data arrival time
-----------------------------------------------------------------------------
                                  0.76   slack (MET)


Startpoint: _2113_ (rising edge-triggered flip-flop clocked by i_clk)
Endpoint: _2113_ (rising edge-triggered flip-flop clocked by i_clk)
Path Group: i_clk
Path Type: min

Fanout     Cap    Slew   Delay    Time   Description
-----------------------------------------------------------------------------
                          0.00    0.00   clock i_clk (rise edge)
                          0.00    0.00   clock source latency
                  0.00    0.00    0.00 ^ i_clk (in)
     1    0.03                           i_clk (net)
                  0.00    0.00    0.00 ^ clkbuf_0_i_clk/A (sky130_fd_sc_hd__clkbuf_16)
                  0.14    0.19    0.19 ^ clkbuf_0_i_clk/X (sky130_fd_sc_hd__clkbuf_16)
    16    0.13                           clknet_0_i_clk (net)
                  0.14    0.00    0.19 ^ clkbuf_4_0_0_i_clk/A (sky130_fd_sc_hd__clkbuf_8)
                  0.07    0.18    0.38 ^ clkbuf_4_0_0_i_clk/X (sky130_fd_sc_hd__clkbuf_8)
    11    0.03                           clknet_4_0_0_i_clk (net)
                  0.07    0.00    0.38 ^ _2113_/CLK (sky130_fd_sc_hd__dfxtp_1)
                  0.07    0.34    0.72 v _2113_/Q (sky130_fd_sc_hd__dfxtp_1)
     4    0.01                           u_spi_target.r_bit_cnt[0] (net)
                  0.07    0.00    0.72 v hold167/A (sky130_fd_sc_hd__buf_1)
                  0.08    0.15    0.86 v hold167/X (sky130_fd_sc_hd__buf_1)
     4    0.01                           net173 (net)
                  0.08    0.00    0.86 v _1698_/A1 (sky130_fd_sc_hd__o21a_1)
                  0.02    0.19    1.05 v _1698_/X (sky130_fd_sc_hd__o21a_1)
     1    0.00                           _0089_ (net)
                  0.02    0.00    1.05 v hold168/A (sky130_fd_sc_hd__dlygate4sd3_1)
                  0.05    0.54    1.59 v hold168/X (sky130_fd_sc_hd__dlygate4sd3_1)
     1    0.00                           net174 (net)
                  0.05    0.00    1.59 v _2113_/D (sky130_fd_sc_hd__dfxtp_1)
                                  1.59   data arrival time

                          0.00    0.00   clock i_clk (rise edge)
                          0.00    0.00   clock source latency
                  0.00    0.00    0.00 ^ i_clk (in)
     1    0.03                           i_clk (net)
                  0.00    0.00    0.00 ^ clkbuf_0_i_clk/A (sky130_fd_sc_hd__clkbuf_16)
                  0.14    0.19    0.19 ^ clkbuf_0_i_clk/X (sky130_fd_sc_hd__clkbuf_16)
    16    0.13                           clknet_0_i_clk (net)
                  0.14    0.00    0.19 ^ clkbuf_4_0_0_i_clk/A (sky130_fd_sc_hd__clkbuf_8)
                  0.07    0.18    0.38 ^ clkbuf_4_0_0_i_clk/X (sky130_fd_sc_hd__clkbuf_8)
    11    0.03                           clknet_4_0_0_i_clk (net)
                  0.07    0.00    0.38 ^ _2113_/CLK (sky130_fd_sc_hd__dfxtp_1)
                          0.50    0.88   clock uncertainty
                          0.00    0.88   clock reconvergence pessimism
                         -0.05    0.83   library hold time
                                  0.83   data required time
-----------------------------------------------------------------------------
                                  0.83   data required time
                                 -1.59   data arrival time
-----------------------------------------------------------------------------
                                  0.76   slack (MET)


Startpoint: _2034_ (rising edge-triggered flip-flop clocked by i_clk)
Endpoint: _2080_ (rising edge-triggered flip-flop clocked by i_clk)
Path Group: i_clk
Path Type: min

Fanout     Cap    Slew   Delay    Time   Description
-----------------------------------------------------------------------------
                          0.00    0.00   clock i_clk (rise edge)
                          0.00    0.00   clock source latency
                  0.00    0.00    0.00 ^ i_clk (in)
     1    0.03                           i_clk (net)
                  0.00    0.00    0.00 ^ clkbuf_0_i_clk/A (sky130_fd_sc_hd__clkbuf_16)
                  0.14    0.19    0.19 ^ clkbuf_0_i_clk/X (sky130_fd_sc_hd__clkbuf_16)
    16    0.13                           clknet_0_i_clk (net)
                  0.14    0.00    0.19 ^ clkbuf_4_14_0_i_clk/A (sky130_fd_sc_hd__clkbuf_8)
                  0.05    0.17    0.36 ^ clkbuf_4_14_0_i_clk/X (sky130_fd_sc_hd__clkbuf_8)
     6    0.02                           clknet_4_14_0_i_clk (net)
                  0.05    0.00    0.36 ^ _2034_/CLK (sky130_fd_sc_hd__dfxtp_1)
                  0.14    0.38    0.74 ^ _2034_/Q (sky130_fd_sc_hd__dfxtp_1)
     4    0.01                           u_cordic.r_y[1] (net)
                  0.14    0.00    0.74 ^ _1617_/A (sky130_fd_sc_hd__and2_1)
                  0.07    0.16    0.90 ^ _1617_/X (sky130_fd_sc_hd__and2_1)
     1    0.01                           _0965_ (net)
                  0.07    0.00    0.90 ^ _1618_/B2 (sky130_fd_sc_hd__o221a_1)
                  0.06    0.17    1.07 ^ _1618_/X (sky130_fd_sc_hd__o221a_1)
     1    0.00                           _0056_ (net)
                  0.06    0.00    1.07 ^ hold69/A (sky130_fd_sc_hd__dlygate4sd3_1)
                  0.05    0.54    1.61 ^ hold69/X (sky130_fd_sc_hd__dlygate4sd3_1)
     1    0.00                           net75 (net)
                  0.05    0.00    1.61 ^ _2080_/D (sky130_fd_sc_hd__dfxtp_1)
                                  1.61   data arrival time

                          0.00    0.00   clock i_clk (rise edge)
                          0.00    0.00   clock source latency
                  0.00    0.00    0.00 ^ i_clk (in)
     1    0.03                           i_clk (net)
                  0.00    0.00    0.00 ^ clkbuf_0_i_clk/A (sky130_fd_sc_hd__clkbuf_16)
                  0.14    0.19    0.19 ^ clkbuf_0_i_clk/X (sky130_fd_sc_hd__clkbuf_16)
    16    0.13                           clknet_0_i_clk (net)
                  0.14    0.00    0.19 ^ clkbuf_4_11_0_i_clk/A (sky130_fd_sc_hd__clkbuf_8)
                  0.07    0.18    0.37 ^ clkbuf_4_11_0_i_clk/X (sky130_fd_sc_hd__clkbuf_8)
    10    0.03                           clknet_4_11_0_i_clk (net)
                  0.07    0.00    0.37 ^ _2080_/CLK (sky130_fd_sc_hd__dfxtp_1)
                          0.50    0.87   clock uncertainty
                          0.00    0.87   clock reconvergence pessimism
                         -0.03    0.84   library hold time
                                  0.84   data required time
-----------------------------------------------------------------------------
                                  0.84   data required time
                                 -1.61   data arrival time
-----------------------------------------------------------------------------
                                  0.76   slack (MET)


Startpoint: _2077_ (rising edge-triggered flip-flop clocked by i_clk)
Endpoint: _2066_ (rising edge-triggered flip-flop clocked by i_clk)
Path Group: i_clk
Path Type: min

Fanout     Cap    Slew   Delay    Time   Description
-----------------------------------------------------------------------------
                          0.00    0.00   clock i_clk (rise edge)
                          0.00    0.00   clock source latency
                  0.00    0.00    0.00 ^ i_clk (in)
     1    0.03                           i_clk (net)
                  0.00    0.00    0.00 ^ clkbuf_0_i_clk/A (sky130_fd_sc_hd__clkbuf_16)
                  0.14    0.19    0.19 ^ clkbuf_0_i_clk/X (sky130_fd_sc_hd__clkbuf_16)
    16    0.13                           clknet_0_i_clk (net)
                  0.14    0.00    0.19 ^ clkbuf_4_6_0_i_clk/A (sky130_fd_sc_hd__clkbuf_8)
                  0.07    0.18    0.38 ^ clkbuf_4_6_0_i_clk/X (sky130_fd_sc_hd__clkbuf_8)
    11    0.03                           clknet_4_6_0_i_clk (net)
                  0.07    0.00    0.38 ^ _2077_/CLK (sky130_fd_sc_hd__dfxtp_1)
                  0.12    0.37    0.75 ^ _2077_/Q (sky130_fd_sc_hd__dfxtp_1)
     2    0.01                           u_cordic.r_iter[3] (net)
                  0.12    0.00    0.75 ^ _1018_/A (sky130_fd_sc_hd__clkbuf_4)
                  0.15    0.24    0.99 ^ _1018_/X (sky130_fd_sc_hd__clkbuf_4)
    10    0.05                           _0422_ (net)
                  0.15    0.00    0.99 ^ _1019_/A (sky130_fd_sc_hd__buf_4)
                  0.17    0.24    1.23 ^ _1019_/X (sky130_fd_sc_hd__buf_4)
    10    0.06                           _0423_ (net)
                  0.17    0.01    1.23 ^ _1051_/A1 (sky130_fd_sc_hd__o21ai_4)
                  0.09    0.13    1.36 v _1051_/Y (sky130_fd_sc_hd__o21ai_4)
    10    0.03                           _0451_ (net)
                  0.09    0.00    1.36 v _1075_/A (sky130_fd_sc_hd__and2_1)
                  0.03    0.15    1.51 v _1075_/X (sky130_fd_sc_hd__and2_1)
     1    0.00                           _0468_ (net)
                  0.03    0.00    1.51 v _1076_/A (sky130_fd_sc_hd__buf_1)
                  0.06    0.11    1.62 v _1076_/X (sky130_fd_sc_hd__buf_1)
     3    0.01                           _0048_ (net)
                  0.06    0.00    1.62 v _2066_/D (sky130_fd_sc_hd__dfxtp_1)
                                  1.62   data arrival time

                          0.00    0.00   clock i_clk (rise edge)
                          0.00    0.00   clock source latency
                  0.00    0.00    0.00 ^ i_clk (in)
     1    0.03                           i_clk (net)
                  0.00    0.00    0.00 ^ clkbuf_0_i_clk/A (sky130_fd_sc_hd__clkbuf_16)
                  0.14    0.19    0.19 ^ clkbuf_0_i_clk/X (sky130_fd_sc_hd__clkbuf_16)
    16    0.13                           clknet_0_i_clk (net)
                  0.14    0.00    0.19 ^ clkbuf_4_7_0_i_clk/A (sky130_fd_sc_hd__clkbuf_8)
                  0.11    0.21    0.40 ^ clkbuf_4_7_0_i_clk/X (sky130_fd_sc_hd__clkbuf_8)
    16    0.06                           clknet_4_7_0_i_clk (net)
                  0.11    0.00    0.40 ^ _2066_/CLK (sky130_fd_sc_hd__dfxtp_1)
                          0.50    0.90   clock uncertainty
                          0.00    0.90   clock reconvergence pessimism
                         -0.05    0.86   library hold time
                                  0.86   data required time
-----------------------------------------------------------------------------
                                  0.86   data required time
                                 -1.62   data arrival time
-----------------------------------------------------------------------------
                                  0.77   slack (MET)


Startpoint: _2038_ (rising edge-triggered flip-flop clocked by i_clk)
Endpoint: _2084_ (rising edge-triggered flip-flop clocked by i_clk)
Path Group: i_clk
Path Type: min

Fanout     Cap    Slew   Delay    Time   Description
-----------------------------------------------------------------------------
                          0.00    0.00   clock i_clk (rise edge)
                          0.00    0.00   clock source latency
                  0.00    0.00    0.00 ^ i_clk (in)
     1    0.03                           i_clk (net)
                  0.00    0.00    0.00 ^ clkbuf_0_i_clk/A (sky130_fd_sc_hd__clkbuf_16)
                  0.14    0.19    0.19 ^ clkbuf_0_i_clk/X (sky130_fd_sc_hd__clkbuf_16)
    16    0.13                           clknet_0_i_clk (net)
                  0.14    0.00    0.19 ^ clkbuf_4_15_0_i_clk/A (sky130_fd_sc_hd__clkbuf_8)
                  0.06    0.17    0.36 ^ clkbuf_4_15_0_i_clk/X (sky130_fd_sc_hd__clkbuf_8)
     6    0.02                           clknet_4_15_0_i_clk (net)
                  0.06    0.00    0.36 ^ _2038_/CLK (sky130_fd_sc_hd__dfxtp_2)
                  0.16    0.41    0.77 ^ _2038_/Q (sky130_fd_sc_hd__dfxtp_2)
     8    0.03                           u_cordic.r_y[5] (net)
                  0.16    0.00    0.77 ^ _1625_/A (sky130_fd_sc_hd__and2_1)
                  0.05    0.15    0.92 ^ _1625_/X (sky130_fd_sc_hd__and2_1)
     1    0.00                           _0969_ (net)
                  0.05    0.00    0.92 ^ _1626_/B2 (sky130_fd_sc_hd__o221a_1)
                  0.05    0.16    1.08 ^ _1626_/X (sky130_fd_sc_hd__o221a_1)
     1    0.00                           _0060_ (net)
                  0.05    0.00    1.08 ^ hold52/A (sky130_fd_sc_hd__dlygate4sd3_1)
                  0.06    0.55    1.63 ^ hold52/X (sky130_fd_sc_hd__dlygate4sd3_1)
     1    0.00                           net58 (net)
                  0.06    0.00    1.63 ^ _2084_/D (sky130_fd_sc_hd__dfxtp_1)
                                  1.63   data arrival time

                          0.00    0.00   clock i_clk (rise edge)
                          0.00    0.00   clock source latency
                  0.00    0.00    0.00 ^ i_clk (in)
     1    0.03                           i_clk (net)
                  0.00    0.00    0.00 ^ clkbuf_0_i_clk/A (sky130_fd_sc_hd__clkbuf_16)
                  0.14    0.19    0.19 ^ clkbuf_0_i_clk/X (sky130_fd_sc_hd__clkbuf_16)
    16    0.13                           clknet_0_i_clk (net)
                  0.14    0.00    0.19 ^ clkbuf_4_11_0_i_clk/A (sky130_fd_sc_hd__clkbuf_8)
                  0.07    0.18    0.37 ^ clkbuf_4_11_0_i_clk/X (sky130_fd_sc_hd__clkbuf_8)
    10    0.03                           clknet_4_11_0_i_clk (net)
                  0.07    0.00    0.37 ^ _2084_/CLK (sky130_fd_sc_hd__dfxtp_1)
                          0.50    0.87   clock uncertainty
                          0.00    0.87   clock reconvergence pessimism
                         -0.03    0.84   library hold time
                                  0.84   data required time
-----------------------------------------------------------------------------
                                  0.84   data required time
                                 -1.63   data arrival time
-----------------------------------------------------------------------------
                                  0.79   slack (MET)


Startpoint: _2171_ (rising edge-triggered flip-flop clocked by i_clk)
Endpoint: _2172_ (rising edge-triggered flip-flop clocked by i_clk)
Path Group: i_clk
Path Type: min

Fanout     Cap    Slew   Delay    Time   Description
-----------------------------------------------------------------------------
                          0.00    0.00   clock i_clk (rise edge)
                          0.00    0.00   clock source latency
                  0.00    0.00    0.00 ^ i_clk (in)
     1    0.03                           i_clk (net)
                  0.00    0.00    0.00 ^ clkbuf_0_i_clk/A (sky130_fd_sc_hd__clkbuf_16)
                  0.14    0.19    0.19 ^ clkbuf_0_i_clk/X (sky130_fd_sc_hd__clkbuf_16)
    16    0.13                           clknet_0_i_clk (net)
                  0.14    0.00    0.19 ^ clkbuf_4_1_0_i_clk/A (sky130_fd_sc_hd__clkbuf_8)
                  0.08    0.19    0.38 ^ clkbuf_4_1_0_i_clk/X (sky130_fd_sc_hd__clkbuf_8)
    13    0.04                           clknet_4_1_0_i_clk (net)
                  0.08    0.00    0.39 ^ _2171_/CLK (sky130_fd_sc_hd__dfxtp_1)
                  0.08    0.35    0.74 v _2171_/Q (sky130_fd_sc_hd__dfxtp_1)
     5    0.02                           u_spi_target.r_ss_n_sync[1] (net)
                  0.08    0.00    0.74 v hold217/A (sky130_fd_sc_hd__dlygate4sd3_1)
                  0.05    0.56    1.30 v hold217/X (sky130_fd_sc_hd__dlygate4sd3_1)
     1    0.00                           net223 (net)
                  0.05    0.00    1.30 v _1692_/A_N (sky130_fd_sc_hd__and2b_1)
                  0.12    0.25    1.54 ^ _1692_/X (sky130_fd_sc_hd__and2b_1)
     3    0.01                           _1008_ (net)
                  0.12    0.00    1.55 ^ _1693_/A (sky130_fd_sc_hd__inv_2)
                  0.05    0.07    1.62 v _1693_/Y (sky130_fd_sc_hd__inv_2)
     4    0.02                           _0148_ (net)
                  0.05    0.00    1.62 v _2172_/D (sky130_fd_sc_hd__dfxtp_1)
                                  1.62   data arrival time

                          0.00    0.00   clock i_clk (rise edge)
                          0.00    0.00   clock source latency
                  0.00    0.00    0.00 ^ i_clk (in)
     1    0.03                           i_clk (net)
                  0.00    0.00    0.00 ^ clkbuf_0_i_clk/A (sky130_fd_sc_hd__clkbuf_16)
                  0.14    0.19    0.19 ^ clkbuf_0_i_clk/X (sky130_fd_sc_hd__clkbuf_16)
    16    0.13                           clknet_0_i_clk (net)
                  0.14    0.00    0.19 ^ clkbuf_4_0_0_i_clk/A (sky130_fd_sc_hd__clkbuf_8)
                  0.07    0.18    0.38 ^ clkbuf_4_0_0_i_clk/X (sky130_fd_sc_hd__clkbuf_8)
    11    0.03                           clknet_4_0_0_i_clk (net)
                  0.07    0.00    0.38 ^ _2172_/CLK (sky130_fd_sc_hd__dfxtp_1)
                          0.50    0.88   clock uncertainty
                          0.00    0.88   clock reconvergence pessimism
                         -0.05    0.83   library hold time
                                  0.83   data required time
-----------------------------------------------------------------------------
                                  0.83   data required time
                                 -1.62   data arrival time
-----------------------------------------------------------------------------
                                  0.79   slack (MET)


Startpoint: _2077_ (rising edge-triggered flip-flop clocked by i_clk)
Endpoint: _2071_ (rising edge-triggered flip-flop clocked by i_clk)
Path Group: i_clk
Path Type: min

Fanout     Cap    Slew   Delay    Time   Description
-----------------------------------------------------------------------------
                          0.00    0.00   clock i_clk (rise edge)
                          0.00    0.00   clock source latency
                  0.00    0.00    0.00 ^ i_clk (in)
     1    0.03                           i_clk (net)
                  0.00    0.00    0.00 ^ clkbuf_0_i_clk/A (sky130_fd_sc_hd__clkbuf_16)
                  0.14    0.19    0.19 ^ clkbuf_0_i_clk/X (sky130_fd_sc_hd__clkbuf_16)
    16    0.13                           clknet_0_i_clk (net)
                  0.14    0.00    0.19 ^ clkbuf_4_6_0_i_clk/A (sky130_fd_sc_hd__clkbuf_8)
                  0.07    0.18    0.38 ^ clkbuf_4_6_0_i_clk/X (sky130_fd_sc_hd__clkbuf_8)
    11    0.03                           clknet_4_6_0_i_clk (net)
                  0.07    0.00    0.38 ^ _2077_/CLK (sky130_fd_sc_hd__dfxtp_1)
                  0.12    0.37    0.75 ^ _2077_/Q (sky130_fd_sc_hd__dfxtp_1)
     2    0.01                           u_cordic.r_iter[3] (net)
                  0.12    0.00    0.75 ^ _1018_/A (sky130_fd_sc_hd__clkbuf_4)
                  0.15    0.24    0.99 ^ _1018_/X (sky130_fd_sc_hd__clkbuf_4)
    10    0.05                           _0422_ (net)
                  0.15    0.00    0.99 ^ _1019_/A (sky130_fd_sc_hd__buf_4)
                  0.17    0.24    1.23 ^ _1019_/X (sky130_fd_sc_hd__buf_4)
    10    0.06                           _0423_ (net)
                  0.17    0.01    1.23 ^ _1051_/A1 (sky130_fd_sc_hd__o21ai_4)
                  0.09    0.13    1.36 v _1051_/Y (sky130_fd_sc_hd__o21ai_4)
    10    0.03                           _0451_ (net)
                  0.09    0.00    1.36 v _1052_/A (sky130_fd_sc_hd__inv_2)
                  0.13    0.14    1.50 ^ _1052_/Y (sky130_fd_sc_hd__inv_2)
     8    0.03                           _0053_ (net)
                  0.13    0.00    1.50 ^ _1074_/B2 (sky130_fd_sc_hd__a2bb2o_1)
                  0.07    0.17    1.67 ^ _1074_/X (sky130_fd_sc_hd__a2bb2o_1)
     1    0.01                           _0004_ (net)
                  0.07    0.00    1.67 ^ _2071_/D (sky130_fd_sc_hd__dfxtp_1)
                                  1.67   data arrival time

                          0.00    0.00   clock i_clk (rise edge)
                          0.00    0.00   clock source latency
                  0.00    0.00    0.00 ^ i_clk (in)
     1    0.03                           i_clk (net)
                  0.00    0.00    0.00 ^ clkbuf_0_i_clk/A (sky130_fd_sc_hd__clkbuf_16)
                  0.14    0.19    0.19 ^ clkbuf_0_i_clk/X (sky130_fd_sc_hd__clkbuf_16)
    16    0.13                           clknet_0_i_clk (net)
                  0.14    0.00    0.19 ^ clkbuf_4_7_0_i_clk/A (sky130_fd_sc_hd__clkbuf_8)
                  0.11    0.21    0.40 ^ clkbuf_4_7_0_i_clk/X (sky130_fd_sc_hd__clkbuf_8)
    16    0.06                           clknet_4_7_0_i_clk (net)
                  0.11    0.00    0.40 ^ _2071_/CLK (sky130_fd_sc_hd__dfxtp_1)
                          0.50    0.90   clock uncertainty
                          0.00    0.90   clock reconvergence pessimism
                         -0.03    0.87   library hold time
                                  0.87   data required time
-----------------------------------------------------------------------------
                                  0.87   data required time
                                 -1.67   data arrival time
-----------------------------------------------------------------------------
                                  0.80   slack (MET)


Startpoint: _2037_ (rising edge-triggered flip-flop clocked by i_clk)
Endpoint: _2083_ (rising edge-triggered flip-flop clocked by i_clk)
Path Group: i_clk
Path Type: min

Fanout     Cap    Slew   Delay    Time   Description
-----------------------------------------------------------------------------
                          0.00    0.00   clock i_clk (rise edge)
                          0.00    0.00   clock source latency
                  0.00    0.00    0.00 ^ i_clk (in)
     1    0.03                           i_clk (net)
                  0.00    0.00    0.00 ^ clkbuf_0_i_clk/A (sky130_fd_sc_hd__clkbuf_16)
                  0.14    0.19    0.19 ^ clkbuf_0_i_clk/X (sky130_fd_sc_hd__clkbuf_16)
    16    0.13                           clknet_0_i_clk (net)
                  0.14    0.00    0.19 ^ clkbuf_4_14_0_i_clk/A (sky130_fd_sc_hd__clkbuf_8)
                  0.05    0.17    0.36 ^ clkbuf_4_14_0_i_clk/X (sky130_fd_sc_hd__clkbuf_8)
     6    0.02                           clknet_4_14_0_i_clk (net)
                  0.05    0.00    0.36 ^ _2037_/CLK (sky130_fd_sc_hd__dfxtp_2)
                  0.15    0.40    0.76 ^ _2037_/Q (sky130_fd_sc_hd__dfxtp_2)
     8    0.03                           u_cordic.r_y[4] (net)
                  0.15    0.00    0.77 ^ _1623_/A (sky130_fd_sc_hd__and2_1)
                  0.07    0.16    0.93 ^ _1623_/X (sky130_fd_sc_hd__and2_1)
     1    0.01                           _0968_ (net)
                  0.07    0.00    0.93 ^ _1624_/B2 (sky130_fd_sc_hd__o221a_1)
                  0.06    0.18    1.10 ^ _1624_/X (sky130_fd_sc_hd__o221a_1)
     1    0.00                           _0059_ (net)
                  0.06    0.00    1.10 ^ hold71/A (sky130_fd_sc_hd__dlygate4sd3_1)
                  0.05    0.53    1.63 ^ hold71/X (sky130_fd_sc_hd__dlygate4sd3_1)
     1    0.00                           net77 (net)
                  0.05    0.00    1.63 ^ _2083_/D (sky130_fd_sc_hd__dfxtp_1)
                                  1.63   data arrival time

                          0.00    0.00   clock i_clk (rise edge)
                          0.00    0.00   clock source latency
                  0.00    0.00    0.00 ^ i_clk (in)
     1    0.03                           i_clk (net)
                  0.00    0.00    0.00 ^ clkbuf_0_i_clk/A (sky130_fd_sc_hd__clkbuf_16)
                  0.14    0.19    0.19 ^ clkbuf_0_i_clk/X (sky130_fd_sc_hd__clkbuf_16)
    16    0.13                           clknet_0_i_clk (net)
                  0.14    0.00    0.19 ^ clkbuf_4_10_0_i_clk/A (sky130_fd_sc_hd__clkbuf_8)
                  0.06    0.17    0.37 ^ clkbuf_4_10_0_i_clk/X (sky130_fd_sc_hd__clkbuf_8)
     7    0.02                           clknet_4_10_0_i_clk (net)
                  0.06    0.00    0.37 ^ _2083_/CLK (sky130_fd_sc_hd__dfxtp_1)
                          0.50    0.87   clock uncertainty
                          0.00    0.87   clock reconvergence pessimism
                         -0.03    0.84   library hold time
                                  0.84   data required time
-----------------------------------------------------------------------------
                                  0.84   data required time
                                 -1.63   data arrival time
-----------------------------------------------------------------------------
                                  0.80   slack (MET)


Startpoint: _2132_ (rising edge-triggered flip-flop clocked by i_clk)
Endpoint: _2132_ (rising edge-triggered flip-flop clocked by i_clk)
Path Group: i_clk
Path Type: min

Fanout     Cap    Slew   Delay    Time   Description
-----------------------------------------------------------------------------
                          0.00    0.00   clock i_clk (rise edge)
                          0.00    0.00   clock source latency
                  0.00    0.00    0.00 ^ i_clk (in)
     1    0.03                           i_clk (net)
                  0.00    0.00    0.00 ^ clkbuf_0_i_clk/A (sky130_fd_sc_hd__clkbuf_16)
                  0.14    0.19    0.19 ^ clkbuf_0_i_clk/X (sky130_fd_sc_hd__clkbuf_16)
    16    0.13                           clknet_0_i_clk (net)
                  0.14    0.00    0.19 ^ clkbuf_4_12_0_i_clk/A (sky130_fd_sc_hd__clkbuf_8)
                  0.06    0.17    0.37 ^ clkbuf_4_12_0_i_clk/X (sky130_fd_sc_hd__clkbuf_8)
     6    0.03                           clknet_4_12_0_i_clk (net)
                  0.06    0.00    0.37 ^ _2132_/CLK (sky130_fd_sc_hd__dfxtp_1)
                  0.07    0.33    0.70 ^ _2132_/Q (sky130_fd_sc_hd__dfxtp_1)
     2    0.01                           u_cordic.r_z[15] (net)
                  0.07    0.00    0.70 ^ hold185/A (sky130_fd_sc_hd__buf_1)
                  0.15    0.17    0.87 ^ hold185/X (sky130_fd_sc_hd__buf_1)
     2    0.01                           net191 (net)
                  0.15    0.00    0.87 ^ _1877_/A0 (sky130_fd_sc_hd__mux2_1)
                  0.05    0.16    1.02 ^ _1877_/X (sky130_fd_sc_hd__mux2_1)
     1    0.00                           _0314_ (net)
                  0.05    0.00    1.02 ^ hold186/A (sky130_fd_sc_hd__dlygate4sd3_1)
                  0.05    0.54    1.56 ^ hold186/X (sky130_fd_sc_hd__dlygate4sd3_1)
     1    0.00                           net192 (net)
                  0.05    0.00    1.56 ^ _1878_/A (sky130_fd_sc_hd__clkbuf_1)
                  0.04    0.08    1.64 ^ _1878_/X (sky130_fd_sc_hd__clkbuf_1)
     1    0.00                           _0108_ (net)
                  0.04    0.00    1.64 ^ _2132_/D (sky130_fd_sc_hd__dfxtp_1)
                                  1.64   data arrival time

                          0.00    0.00   clock i_clk (rise edge)
                          0.00    0.00   clock source latency
                  0.00    0.00    0.00 ^ i_clk (in)
     1    0.03                           i_clk (net)
                  0.00    0.00    0.00 ^ clkbuf_0_i_clk/A (sky130_fd_sc_hd__clkbuf_16)
                  0.14    0.19    0.19 ^ clkbuf_0_i_clk/X (sky130_fd_sc_hd__clkbuf_16)
    16    0.13                           clknet_0_i_clk (net)
                  0.14    0.00    0.19 ^ clkbuf_4_12_0_i_clk/A (sky130_fd_sc_hd__clkbuf_8)
                  0.06    0.17    0.37 ^ clkbuf_4_12_0_i_clk/X (sky130_fd_sc_hd__clkbuf_8)
     6    0.03                           clknet_4_12_0_i_clk (net)
                  0.06    0.00    0.37 ^ _2132_/CLK (sky130_fd_sc_hd__dfxtp_1)
                          0.50    0.87   clock uncertainty
                          0.00    0.87   clock reconvergence pessimism
                         -0.03    0.84   library hold time
                                  0.84   data required time
-----------------------------------------------------------------------------
                                  0.84   data required time
                                 -1.64   data arrival time
-----------------------------------------------------------------------------
                                  0.80   slack (MET)


Startpoint: _2047_ (rising edge-triggered flip-flop clocked by i_clk)
Endpoint: _2093_ (rising edge-triggered flip-flop clocked by i_clk)
Path Group: i_clk
Path Type: min

Fanout     Cap    Slew   Delay    Time   Description
-----------------------------------------------------------------------------
                          0.00    0.00   clock i_clk (rise edge)
                          0.00    0.00   clock source latency
                  0.00    0.00    0.00 ^ i_clk (in)
     1    0.03                           i_clk (net)
                  0.00    0.00    0.00 ^ clkbuf_0_i_clk/A (sky130_fd_sc_hd__clkbuf_16)
                  0.14    0.19    0.19 ^ clkbuf_0_i_clk/X (sky130_fd_sc_hd__clkbuf_16)
    16    0.13                           clknet_0_i_clk (net)
                  0.14    0.00    0.19 ^ clkbuf_4_13_0_i_clk/A (sky130_fd_sc_hd__clkbuf_8)
                  0.07    0.18    0.37 ^ clkbuf_4_13_0_i_clk/X (sky130_fd_sc_hd__clkbuf_8)
     9    0.03                           clknet_4_13_0_i_clk (net)
                  0.07    0.00    0.37 ^ _2047_/CLK (sky130_fd_sc_hd__dfxtp_2)
                  0.16    0.41    0.79 ^ _2047_/Q (sky130_fd_sc_hd__dfxtp_2)
     7    0.03                           u_cordic.r_y[14] (net)
                  0.16    0.00    0.79 ^ _1645_/A (sky130_fd_sc_hd__and2_1)
                  0.07    0.17    0.95 ^ _1645_/X (sky130_fd_sc_hd__and2_1)
     1    0.01                           _0980_ (net)
                  0.07    0.00    0.95 ^ _1646_/B2 (sky130_fd_sc_hd__o221a_1)
                  0.05    0.16    1.12 ^ _1646_/X (sky130_fd_sc_hd__o221a_1)
     1    0.00                           _0069_ (net)
                  0.05    0.00    1.12 ^ hold73/A (sky130_fd_sc_hd__dlygate4sd3_1)
                  0.05    0.54    1.65 ^ hold73/X (sky130_fd_sc_hd__dlygate4sd3_1)
     1    0.00                           net79 (net)
                  0.05    0.00    1.65 ^ _2093_/D (sky130_fd_sc_hd__dfxtp_1)
                                  1.65   data arrival time

                          0.00    0.00   clock i_clk (rise edge)
                          0.00    0.00   clock source latency
                  0.00    0.00    0.00 ^ i_clk (in)
     1    0.03                           i_clk (net)
                  0.00    0.00    0.00 ^ clkbuf_0_i_clk/A (sky130_fd_sc_hd__clkbuf_16)
                  0.14    0.19    0.19 ^ clkbuf_0_i_clk/X (sky130_fd_sc_hd__clkbuf_16)
    16    0.13                           clknet_0_i_clk (net)
                  0.14    0.00    0.19 ^ clkbuf_4_9_0_i_clk/A (sky130_fd_sc_hd__clkbuf_8)
                  0.08    0.18    0.38 ^ clkbuf_4_9_0_i_clk/X (sky130_fd_sc_hd__clkbuf_8)
    11    0.04                           clknet_4_9_0_i_clk (net)
                  0.08    0.00    0.38 ^ _2093_/CLK (sky130_fd_sc_hd__dfxtp_1)
                          0.50    0.88   clock uncertainty
                          0.00    0.88   clock reconvergence pessimism
                         -0.03    0.85   library hold time
                                  0.85   data required time
-----------------------------------------------------------------------------
                                  0.85   data required time
                                 -1.65   data arrival time
-----------------------------------------------------------------------------
                                  0.80   slack (MET)


Startpoint: _2146_ (rising edge-triggered flip-flop clocked by i_clk)
Endpoint: _2128_ (rising edge-triggered flip-flop clocked by i_clk)
Path Group: i_clk
Path Type: min

Fanout     Cap    Slew   Delay    Time   Description
-----------------------------------------------------------------------------
                          0.00    0.00   clock i_clk (rise edge)
                          0.00    0.00   clock source latency
                  0.00    0.00    0.00 ^ i_clk (in)
     1    0.03                           i_clk (net)
                  0.00    0.00    0.00 ^ clkbuf_0_i_clk/A (sky130_fd_sc_hd__clkbuf_16)
                  0.14    0.19    0.19 ^ clkbuf_0_i_clk/X (sky130_fd_sc_hd__clkbuf_16)
    16    0.13                           clknet_0_i_clk (net)
                  0.14    0.00    0.19 ^ clkbuf_4_7_0_i_clk/A (sky130_fd_sc_hd__clkbuf_8)
                  0.11    0.21    0.40 ^ clkbuf_4_7_0_i_clk/X (sky130_fd_sc_hd__clkbuf_8)
    16    0.06                           clknet_4_7_0_i_clk (net)
                  0.11    0.00    0.40 ^ _2146_/CLK (sky130_fd_sc_hd__dfxtp_1)
                  0.12    0.38    0.78 ^ _2146_/Q (sky130_fd_sc_hd__dfxtp_1)
     4    0.01                           u_cordic.i_angle[11] (net)
                  0.12    0.00    0.78 ^ _1830_/A0 (sky130_fd_sc_hd__mux2_1)
                  0.04    0.14    0.92 ^ _1830_/X (sky130_fd_sc_hd__mux2_1)
     1    0.00                           _0271_ (net)
                  0.04    0.00    0.92 ^ _1831_/A1 (sky130_fd_sc_hd__mux2_1)
                  0.04    0.11    1.04 ^ _1831_/X (sky130_fd_sc_hd__mux2_1)
     1    0.00                           _0272_ (net)
                  0.04    0.00    1.04 ^ hold160/A (sky130_fd_sc_hd__dlygate4sd3_1)
                  0.06    0.54    1.57 ^ hold160/X (sky130_fd_sc_hd__dlygate4sd3_1)
     1    0.00                           net166 (net)
                  0.06    0.00    1.57 ^ _1832_/A (sky130_fd_sc_hd__clkbuf_1)
                  0.04    0.08    1.66 ^ _1832_/X (sky130_fd_sc_hd__clkbuf_1)
     1    0.00                           _0104_ (net)
                  0.04    0.00    1.66 ^ _2128_/D (sky130_fd_sc_hd__dfxtp_1)
                                  1.66   data arrival time

                          0.00    0.00   clock i_clk (rise edge)
                          0.00    0.00   clock source latency
                  0.00    0.00    0.00 ^ i_clk (in)
     1    0.03                           i_clk (net)
                  0.00    0.00    0.00 ^ clkbuf_0_i_clk/A (sky130_fd_sc_hd__clkbuf_16)
                  0.14    0.19    0.19 ^ clkbuf_0_i_clk/X (sky130_fd_sc_hd__clkbuf_16)
    16    0.13                           clknet_0_i_clk (net)
                  0.14    0.00    0.19 ^ clkbuf_4_13_0_i_clk/A (sky130_fd_sc_hd__clkbuf_8)
                  0.07    0.18    0.37 ^ clkbuf_4_13_0_i_clk/X (sky130_fd_sc_hd__clkbuf_8)
     9    0.03                           clknet_4_13_0_i_clk (net)
                  0.07    0.00    0.38 ^ _2128_/CLK (sky130_fd_sc_hd__dfxtp_1)
                          0.50    0.88   clock uncertainty
                          0.00    0.88   clock reconvergence pessimism
                         -0.03    0.85   library hold time
                                  0.85   data required time
-----------------------------------------------------------------------------
                                  0.85   data required time
                                 -1.66   data arrival time
-----------------------------------------------------------------------------
                                  0.81   slack (MET)


Startpoint: _2044_ (rising edge-triggered flip-flop clocked by i_clk)
Endpoint: _2090_ (rising edge-triggered flip-flop clocked by i_clk)
Path Group: i_clk
Path Type: min

Fanout     Cap    Slew   Delay    Time   Description
-----------------------------------------------------------------------------
                          0.00    0.00   clock i_clk (rise edge)
                          0.00    0.00   clock source latency
                  0.00    0.00    0.00 ^ i_clk (in)
     1    0.03                           i_clk (net)
                  0.00    0.00    0.00 ^ clkbuf_0_i_clk/A (sky130_fd_sc_hd__clkbuf_16)
                  0.14    0.19    0.19 ^ clkbuf_0_i_clk/X (sky130_fd_sc_hd__clkbuf_16)
    16    0.13                           clknet_0_i_clk (net)
                  0.14    0.00    0.19 ^ clkbuf_4_12_0_i_clk/A (sky130_fd_sc_hd__clkbuf_8)
                  0.06    0.17    0.37 ^ clkbuf_4_12_0_i_clk/X (sky130_fd_sc_hd__clkbuf_8)
     6    0.03                           clknet_4_12_0_i_clk (net)
                  0.06    0.00    0.37 ^ _2044_/CLK (sky130_fd_sc_hd__dfxtp_2)
                  0.09    0.38    0.75 v _2044_/Q (sky130_fd_sc_hd__dfxtp_2)
     8    0.04                           u_cordic.r_y[11] (net)
                  0.09    0.00    0.75 v _1639_/A (sky130_fd_sc_hd__and2_1)
                  0.04    0.16    0.91 v _1639_/X (sky130_fd_sc_hd__and2_1)
     1    0.00                           _0977_ (net)
                  0.04    0.00    0.91 v _1640_/B2 (sky130_fd_sc_hd__o221a_1)
                  0.03    0.19    1.10 v _1640_/X (sky130_fd_sc_hd__o221a_1)
     1    0.00                           _0066_ (net)
                  0.03    0.00    1.10 v hold62/A (sky130_fd_sc_hd__dlygate4sd3_1)
                  0.06    0.55    1.65 v hold62/X (sky130_fd_sc_hd__dlygate4sd3_1)
     1    0.00                           net68 (net)
                  0.06    0.00    1.65 v _2090_/D (sky130_fd_sc_hd__dfxtp_1)
                                  1.65   data arrival time

                          0.00    0.00   clock i_clk (rise edge)
                          0.00    0.00   clock source latency
                  0.00    0.00    0.00 ^ i_clk (in)
     1    0.03                           i_clk (net)
                  0.00    0.00    0.00 ^ clkbuf_0_i_clk/A (sky130_fd_sc_hd__clkbuf_16)
                  0.14    0.19    0.19 ^ clkbuf_0_i_clk/X (sky130_fd_sc_hd__clkbuf_16)
    16    0.13                           clknet_0_i_clk (net)
                  0.14    0.00    0.19 ^ clkbuf_4_9_0_i_clk/A (sky130_fd_sc_hd__clkbuf_8)
                  0.08    0.18    0.38 ^ clkbuf_4_9_0_i_clk/X (sky130_fd_sc_hd__clkbuf_8)
    11    0.04                           clknet_4_9_0_i_clk (net)
                  0.08    0.00    0.38 ^ _2090_/CLK (sky130_fd_sc_hd__dfxtp_1)
                          0.50    0.88   clock uncertainty
                          0.00    0.88   clock reconvergence pessimism
                         -0.05    0.83   library hold time
                                  0.83   data required time
-----------------------------------------------------------------------------
                                  0.83   data required time
                                 -1.65   data arrival time
-----------------------------------------------------------------------------
                                  0.82   slack (MET)


Startpoint: _2064_ (rising edge-triggered flip-flop clocked by i_clk)
Endpoint: _2064_ (rising edge-triggered flip-flop clocked by i_clk)
Path Group: i_clk
Path Type: min

Fanout     Cap    Slew   Delay    Time   Description
-----------------------------------------------------------------------------
                          0.00    0.00   clock i_clk (rise edge)
                          0.00    0.00   clock source latency
                  0.00    0.00    0.00 ^ i_clk (in)
     1    0.03                           i_clk (net)
                  0.00    0.00    0.00 ^ clkbuf_0_i_clk/A (sky130_fd_sc_hd__clkbuf_16)
                  0.14    0.19    0.19 ^ clkbuf_0_i_clk/X (sky130_fd_sc_hd__clkbuf_16)
    16    0.13                           clknet_0_i_clk (net)
                  0.14    0.01    0.19 ^ clkbuf_4_2_0_i_clk/A (sky130_fd_sc_hd__clkbuf_8)
                  0.07    0.18    0.37 ^ clkbuf_4_2_0_i_clk/X (sky130_fd_sc_hd__clkbuf_8)
     8    0.03                           clknet_4_2_0_i_clk (net)
                  0.07    0.00    0.38 ^ _2064_/CLK (sky130_fd_sc_hd__dfxtp_1)
                  0.13    0.39    0.76 v _2064_/Q (sky130_fd_sc_hd__dfxtp_1)
     6    0.03                           u_cordic.r_x[14] (net)
                  0.13    0.00    0.76 v hold136/A (sky130_fd_sc_hd__buf_1)
                  0.07    0.16    0.93 v hold136/X (sky130_fd_sc_hd__buf_1)
     3    0.01                           net142 (net)
                  0.07    0.00    0.93 v _1600_/A1 (sky130_fd_sc_hd__o21a_1)
                  0.03    0.18    1.11 v _1600_/X (sky130_fd_sc_hd__o21a_1)
     1    0.00                           _0046_ (net)
                  0.03    0.00    1.11 v hold137/A (sky130_fd_sc_hd__dlygate4sd3_1)
                  0.05    0.54    1.65 v hold137/X (sky130_fd_sc_hd__dlygate4sd3_1)
     1    0.00                           net143 (net)
                  0.05    0.00    1.65 v _2064_/D (sky130_fd_sc_hd__dfxtp_1)
                                  1.65   data arrival time

                          0.00    0.00   clock i_clk (rise edge)
                          0.00    0.00   clock source latency
                  0.00    0.00    0.00 ^ i_clk (in)
     1    0.03                           i_clk (net)
                  0.00    0.00    0.00 ^ clkbuf_0_i_clk/A (sky130_fd_sc_hd__clkbuf_16)
                  0.14    0.19    0.19 ^ clkbuf_0_i_clk/X (sky130_fd_sc_hd__clkbuf_16)
    16    0.13                           clknet_0_i_clk (net)
                  0.14    0.01    0.19 ^ clkbuf_4_2_0_i_clk/A (sky130_fd_sc_hd__clkbuf_8)
                  0.07    0.18    0.37 ^ clkbuf_4_2_0_i_clk/X (sky130_fd_sc_hd__clkbuf_8)
     8    0.03                           clknet_4_2_0_i_clk (net)
                  0.07    0.00    0.38 ^ _2064_/CLK (sky130_fd_sc_hd__dfxtp_1)
                          0.50    0.88   clock uncertainty
                          0.00    0.88   clock reconvergence pessimism
                         -0.05    0.83   library hold time
                                  0.83   data required time
-----------------------------------------------------------------------------
                                  0.83   data required time
                                 -1.65   data arrival time
-----------------------------------------------------------------------------
                                  0.82   slack (MET)


Startpoint: _2063_ (rising edge-triggered flip-flop clocked by i_clk)
Endpoint: _2106_ (rising edge-triggered flip-flop clocked by i_clk)
Path Group: i_clk
Path Type: min

Fanout     Cap    Slew   Delay    Time   Description
-----------------------------------------------------------------------------
                          0.00    0.00   clock i_clk (rise edge)
                          0.00    0.00   clock source latency
                  0.00    0.00    0.00 ^ i_clk (in)
     1    0.03                           i_clk (net)
                  0.00    0.00    0.00 ^ clkbuf_0_i_clk/A (sky130_fd_sc_hd__clkbuf_16)
                  0.14    0.19    0.19 ^ clkbuf_0_i_clk/X (sky130_fd_sc_hd__clkbuf_16)
    16    0.13                           clknet_0_i_clk (net)
                  0.14    0.01    0.19 ^ clkbuf_4_3_0_i_clk/A (sky130_fd_sc_hd__clkbuf_8)
                  0.08    0.19    0.38 ^ clkbuf_4_3_0_i_clk/X (sky130_fd_sc_hd__clkbuf_8)
    11    0.04                           clknet_4_3_0_i_clk (net)
                  0.08    0.00    0.38 ^ _2063_/CLK (sky130_fd_sc_hd__dfxtp_2)
                  0.16    0.41    0.79 ^ _2063_/Q (sky130_fd_sc_hd__dfxtp_2)
     9    0.03                           u_cordic.r_x[11] (net)
                  0.16    0.00    0.79 ^ _1679_/A (sky130_fd_sc_hd__and2_1)
                  0.07    0.17    0.96 ^ _1679_/X (sky130_fd_sc_hd__and2_1)
     1    0.01                           _1001_ (net)
                  0.07    0.00    0.96 ^ _1680_/B2 (sky130_fd_sc_hd__o221a_1)
                  0.06    0.18    1.13 ^ _1680_/X (sky130_fd_sc_hd__o221a_1)
     1    0.00                           _0082_ (net)
                  0.06    0.00    1.14 ^ hold29/A (sky130_fd_sc_hd__dlygate4sd3_1)
                  0.06    0.54    1.68 ^ hold29/X (sky130_fd_sc_hd__dlygate4sd3_1)
     1    0.00                           net35 (net)
                  0.06    0.00    1.68 ^ _2106_/D (sky130_fd_sc_hd__dfxtp_1)
                                  1.68   data arrival time

                          0.00    0.00   clock i_clk (rise edge)
                          0.00    0.00   clock source latency
                  0.00    0.00    0.00 ^ i_clk (in)
     1    0.03                           i_clk (net)
                  0.00    0.00    0.00 ^ clkbuf_0_i_clk/A (sky130_fd_sc_hd__clkbuf_16)
                  0.14    0.19    0.19 ^ clkbuf_0_i_clk/X (sky130_fd_sc_hd__clkbuf_16)
    16    0.13                           clknet_0_i_clk (net)
                  0.14    0.01    0.19 ^ clkbuf_4_3_0_i_clk/A (sky130_fd_sc_hd__clkbuf_8)
                  0.08    0.19    0.38 ^ clkbuf_4_3_0_i_clk/X (sky130_fd_sc_hd__clkbuf_8)
    11    0.04                           clknet_4_3_0_i_clk (net)
                  0.08    0.00    0.38 ^ _2106_/CLK (sky130_fd_sc_hd__dfxtp_1)
                          0.50    0.88   clock uncertainty
                          0.00    0.88   clock reconvergence pessimism
                         -0.03    0.85   library hold time
                                  0.85   data required time
-----------------------------------------------------------------------------
                                  0.85   data required time
                                 -1.68   data arrival time
-----------------------------------------------------------------------------
                                  0.82   slack (MET)


Startpoint: _2053_ (rising edge-triggered flip-flop clocked by i_clk)
Endpoint: _2070_ (rising edge-triggered flip-flop clocked by i_clk)
Path Group: i_clk
Path Type: min

Fanout     Cap    Slew   Delay    Time   Description
-----------------------------------------------------------------------------
                          0.00    0.00   clock i_clk (rise edge)
                          0.00    0.00   clock source latency
                  0.00    0.00    0.00 ^ i_clk (in)
     1    0.03                           i_clk (net)
                  0.00    0.00    0.00 ^ clkbuf_0_i_clk/A (sky130_fd_sc_hd__clkbuf_16)
                  0.14    0.19    0.19 ^ clkbuf_0_i_clk/X (sky130_fd_sc_hd__clkbuf_16)
    16    0.13                           clknet_0_i_clk (net)
                  0.14    0.00    0.19 ^ clkbuf_4_1_0_i_clk/A (sky130_fd_sc_hd__clkbuf_8)
                  0.08    0.19    0.38 ^ clkbuf_4_1_0_i_clk/X (sky130_fd_sc_hd__clkbuf_8)
    13    0.04                           clknet_4_1_0_i_clk (net)
                  0.08    0.00    0.39 ^ _2053_/CLK (sky130_fd_sc_hd__dfxtp_1)
                  0.11    0.37    0.76 v _2053_/Q (sky130_fd_sc_hd__dfxtp_1)
     5    0.02                           u_cordic.r_state[2] (net)
                  0.11    0.00    0.76 v hold226/A (sky130_fd_sc_hd__clkbuf_2)
                  0.10    0.19    0.95 v hold226/X (sky130_fd_sc_hd__clkbuf_2)
     4    0.02                           net232 (net)
                  0.10    0.00    0.95 v _1039_/A (sky130_fd_sc_hd__nor2_1)
                  0.24    0.24    1.19 ^ _1039_/Y (sky130_fd_sc_hd__nor2_1)
     2    0.01                           _0441_ (net)
                  0.24    0.00    1.19 ^ _1040_/C (sky130_fd_sc_hd__nor3_4)
                  0.06    0.10    1.29 v _1040_/Y (sky130_fd_sc_hd__nor3_4)
     8    0.03                           _0050_ (net)
                  0.06    0.00    1.29 v _1057_/A (sky130_fd_sc_hd__inv_2)
                  0.06    0.08    1.36 ^ _1057_/Y (sky130_fd_sc_hd__inv_2)
     4    0.01                           _0455_ (net)
                  0.06    0.00    1.36 ^ _1066_/C1 (sky130_fd_sc_hd__o211a_1)
                  0.04    0.13    1.49 ^ _1066_/X (sky130_fd_sc_hd__o211a_1)
     1    0.00                           _0462_ (net)
                  0.04    0.00    1.49 ^ _1070_/A (sky130_fd_sc_hd__or2_1)
                  0.06    0.10    1.60 ^ _1070_/X (sky130_fd_sc_hd__or2_1)
     1    0.01                           _0465_ (net)
                  0.06    0.00    1.60 ^ _1071_/A (sky130_fd_sc_hd__clkbuf_1)
                  0.04    0.08    1.68 ^ _1071_/X (sky130_fd_sc_hd__clkbuf_1)
     1    0.00                           _0003_ (net)
                  0.04    0.00    1.68 ^ _2070_/D (sky130_fd_sc_hd__dfxtp_1)
                                  1.68   data arrival time

                          0.00    0.00   clock i_clk (rise edge)
                          0.00    0.00   clock source latency
                  0.00    0.00    0.00 ^ i_clk (in)
     1    0.03                           i_clk (net)
                  0.00    0.00    0.00 ^ clkbuf_0_i_clk/A (sky130_fd_sc_hd__clkbuf_16)
                  0.14    0.19    0.19 ^ clkbuf_0_i_clk/X (sky130_fd_sc_hd__clkbuf_16)
    16    0.13                           clknet_0_i_clk (net)
                  0.14    0.00    0.19 ^ clkbuf_4_6_0_i_clk/A (sky130_fd_sc_hd__clkbuf_8)
                  0.07    0.18    0.38 ^ clkbuf_4_6_0_i_clk/X (sky130_fd_sc_hd__clkbuf_8)
    11    0.03                           clknet_4_6_0_i_clk (net)
                  0.07    0.00    0.38 ^ _2070_/CLK (sky130_fd_sc_hd__dfxtp_1)
                          0.50    0.88   clock uncertainty
                          0.00    0.88   clock reconvergence pessimism
                         -0.03    0.85   library hold time
                                  0.85   data required time
-----------------------------------------------------------------------------
                                  0.85   data required time
                                 -1.68   data arrival time
-----------------------------------------------------------------------------
                                  0.82   slack (MET)


Startpoint: _2042_ (rising edge-triggered flip-flop clocked by i_clk)
Endpoint: _2088_ (rising edge-triggered flip-flop clocked by i_clk)
Path Group: i_clk
Path Type: min

Fanout     Cap    Slew   Delay    Time   Description
-----------------------------------------------------------------------------
                          0.00    0.00   clock i_clk (rise edge)
                          0.00    0.00   clock source latency
                  0.00    0.00    0.00 ^ i_clk (in)
     1    0.03                           i_clk (net)
                  0.00    0.00    0.00 ^ clkbuf_0_i_clk/A (sky130_fd_sc_hd__clkbuf_16)
                  0.14    0.19    0.19 ^ clkbuf_0_i_clk/X (sky130_fd_sc_hd__clkbuf_16)
    16    0.13                           clknet_0_i_clk (net)
                  0.14    0.00    0.19 ^ clkbuf_4_15_0_i_clk/A (sky130_fd_sc_hd__clkbuf_8)
                  0.06    0.17    0.36 ^ clkbuf_4_15_0_i_clk/X (sky130_fd_sc_hd__clkbuf_8)
     6    0.02                           clknet_4_15_0_i_clk (net)
                  0.06    0.00    0.36 ^ _2042_/CLK (sky130_fd_sc_hd__dfxtp_2)
                  0.09    0.38    0.74 v _2042_/Q (sky130_fd_sc_hd__dfxtp_2)
     8    0.04                           u_cordic.r_y[9] (net)
                  0.09    0.00    0.75 v _1635_/A (sky130_fd_sc_hd__and2_1)
                  0.04    0.16    0.91 v _1635_/X (sky130_fd_sc_hd__and2_1)
     1    0.00                           _0975_ (net)
                  0.04    0.00    0.91 v _1636_/B2 (sky130_fd_sc_hd__o221a_1)
                  0.03    0.20    1.11 v _1636_/X (sky130_fd_sc_hd__o221a_1)
     1    0.00                           _0064_ (net)
                  0.03    0.00    1.11 v hold60/A (sky130_fd_sc_hd__dlygate4sd3_1)
                  0.05    0.55    1.66 v hold60/X (sky130_fd_sc_hd__dlygate4sd3_1)
     1    0.00                           net66 (net)
                  0.05    0.00    1.66 v _2088_/D (sky130_fd_sc_hd__dfxtp_1)
                                  1.66   data arrival time

                          0.00    0.00   clock i_clk (rise edge)
                          0.00    0.00   clock source latency
                  0.00    0.00    0.00 ^ i_clk (in)
     1    0.03                           i_clk (net)
                  0.00    0.00    0.00 ^ clkbuf_0_i_clk/A (sky130_fd_sc_hd__clkbuf_16)
                  0.14    0.19    0.19 ^ clkbuf_0_i_clk/X (sky130_fd_sc_hd__clkbuf_16)
    16    0.13                           clknet_0_i_clk (net)
                  0.14    0.00    0.19 ^ clkbuf_4_9_0_i_clk/A (sky130_fd_sc_hd__clkbuf_8)
                  0.08    0.18    0.38 ^ clkbuf_4_9_0_i_clk/X (sky130_fd_sc_hd__clkbuf_8)
    11    0.04                           clknet_4_9_0_i_clk (net)
                  0.08    0.00    0.38 ^ _2088_/CLK (sky130_fd_sc_hd__dfxtp_1)
                          0.50    0.88   clock uncertainty
                          0.00    0.88   clock reconvergence pessimism
                         -0.05    0.83   library hold time
                                  0.83   data required time
-----------------------------------------------------------------------------
                                  0.83   data required time
                                 -1.66   data arrival time
-----------------------------------------------------------------------------
                                  0.83   slack (MET)


Startpoint: _2035_ (rising edge-triggered flip-flop clocked by i_clk)
Endpoint: _2081_ (rising edge-triggered flip-flop clocked by i_clk)
Path Group: i_clk
Path Type: min

Fanout     Cap    Slew   Delay    Time   Description
-----------------------------------------------------------------------------
                          0.00    0.00   clock i_clk (rise edge)
                          0.00    0.00   clock source latency
                  0.00    0.00    0.00 ^ i_clk (in)
     1    0.03                           i_clk (net)
                  0.00    0.00    0.00 ^ clkbuf_0_i_clk/A (sky130_fd_sc_hd__clkbuf_16)
                  0.14    0.19    0.19 ^ clkbuf_0_i_clk/X (sky130_fd_sc_hd__clkbuf_16)
    16    0.13                           clknet_0_i_clk (net)
                  0.14    0.00    0.19 ^ clkbuf_4_14_0_i_clk/A (sky130_fd_sc_hd__clkbuf_8)
                  0.05    0.17    0.36 ^ clkbuf_4_14_0_i_clk/X (sky130_fd_sc_hd__clkbuf_8)
     6    0.02                           clknet_4_14_0_i_clk (net)
                  0.05    0.00    0.36 ^ _2035_/CLK (sky130_fd_sc_hd__dfxtp_1)
                  0.12    0.37    0.74 v _2035_/Q (sky130_fd_sc_hd__dfxtp_1)
     6    0.02                           u_cordic.r_y[2] (net)
                  0.12    0.00    0.74 v _1619_/A (sky130_fd_sc_hd__and2_1)
                  0.03    0.16    0.90 v _1619_/X (sky130_fd_sc_hd__and2_1)
     1    0.00                           _0966_ (net)
                  0.03    0.00    0.90 v _1620_/B2 (sky130_fd_sc_hd__o221a_1)
                  0.04    0.20    1.10 v _1620_/X (sky130_fd_sc_hd__o221a_1)
     1    0.00                           _0057_ (net)
                  0.04    0.00    1.10 v hold75/A (sky130_fd_sc_hd__dlygate4sd3_1)
                  0.06    0.55    1.65 v hold75/X (sky130_fd_sc_hd__dlygate4sd3_1)
     1    0.00                           net81 (net)
                  0.06    0.00    1.65 v _2081_/D (sky130_fd_sc_hd__dfxtp_1)
                                  1.65   data arrival time

                          0.00    0.00   clock i_clk (rise edge)
                          0.00    0.00   clock source latency
                  0.00    0.00    0.00 ^ i_clk (in)
     1    0.03                           i_clk (net)
                  0.00    0.00    0.00 ^ clkbuf_0_i_clk/A (sky130_fd_sc_hd__clkbuf_16)
                  0.14    0.19    0.19 ^ clkbuf_0_i_clk/X (sky130_fd_sc_hd__clkbuf_16)
    16    0.13                           clknet_0_i_clk (net)
                  0.14    0.00    0.19 ^ clkbuf_4_11_0_i_clk/A (sky130_fd_sc_hd__clkbuf_8)
                  0.07    0.18    0.37 ^ clkbuf_4_11_0_i_clk/X (sky130_fd_sc_hd__clkbuf_8)
    10    0.03                           clknet_4_11_0_i_clk (net)
                  0.07    0.00    0.37 ^ _2081_/CLK (sky130_fd_sc_hd__dfxtp_1)
                          0.50    0.87   clock uncertainty
                          0.00    0.87   clock reconvergence pessimism
                         -0.05    0.82   library hold time
                                  0.82   data required time
-----------------------------------------------------------------------------
                                  0.82   data required time
                                 -1.65   data arrival time
-----------------------------------------------------------------------------
                                  0.83   slack (MET)


Startpoint: _2077_ (rising edge-triggered flip-flop clocked by i_clk)
Endpoint: _2052_ (rising edge-triggered flip-flop clocked by i_clk)
Path Group: i_clk
Path Type: min

Fanout     Cap    Slew   Delay    Time   Description
-----------------------------------------------------------------------------
                          0.00    0.00   clock i_clk (rise edge)
                          0.00    0.00   clock source latency
                  0.00    0.00    0.00 ^ i_clk (in)
     1    0.03                           i_clk (net)
                  0.00    0.00    0.00 ^ clkbuf_0_i_clk/A (sky130_fd_sc_hd__clkbuf_16)
                  0.14    0.19    0.19 ^ clkbuf_0_i_clk/X (sky130_fd_sc_hd__clkbuf_16)
    16    0.13                           clknet_0_i_clk (net)
                  0.14    0.00    0.19 ^ clkbuf_4_6_0_i_clk/A (sky130_fd_sc_hd__clkbuf_8)
                  0.07    0.18    0.38 ^ clkbuf_4_6_0_i_clk/X (sky130_fd_sc_hd__clkbuf_8)
    11    0.03                           clknet_4_6_0_i_clk (net)
                  0.07    0.00    0.38 ^ _2077_/CLK (sky130_fd_sc_hd__dfxtp_1)
                  0.06    0.34    0.72 v _2077_/Q (sky130_fd_sc_hd__dfxtp_1)
     2    0.01                           u_cordic.r_iter[3] (net)
                  0.06    0.00    0.72 v _1018_/A (sky130_fd_sc_hd__clkbuf_4)
                  0.10    0.20    0.92 v _1018_/X (sky130_fd_sc_hd__clkbuf_4)
    10    0.04                           _0422_ (net)
                  0.10    0.00    0.92 v _1019_/A (sky130_fd_sc_hd__buf_4)
                  0.08    0.21    1.14 v _1019_/X (sky130_fd_sc_hd__buf_4)
    10    0.06                           _0423_ (net)
                  0.08    0.01    1.14 v _1022_/C (sky130_fd_sc_hd__and4b_1)
                  0.09    0.26    1.40 v _1022_/X (sky130_fd_sc_hd__and4b_1)
     3    0.02                           _0426_ (net)
                  0.09    0.00    1.40 v _1081_/C (sky130_fd_sc_hd__and3_1)
                  0.04    0.20    1.60 v _1081_/X (sky130_fd_sc_hd__and3_1)
     1    0.00                           _0472_ (net)
                  0.04    0.00    1.60 v _1082_/A (sky130_fd_sc_hd__clkbuf_1)
                  0.02    0.08    1.68 v _1082_/X (sky130_fd_sc_hd__clkbuf_1)
     1    0.00                           _0006_ (net)
                  0.02    0.00    1.68 v _2052_/D (sky130_fd_sc_hd__dfxtp_1)
                                  1.68   data arrival time

                          0.00    0.00   clock i_clk (rise edge)
                          0.00    0.00   clock source latency
                  0.00    0.00    0.00 ^ i_clk (in)
     1    0.03                           i_clk (net)
                  0.00    0.00    0.00 ^ clkbuf_0_i_clk/A (sky130_fd_sc_hd__clkbuf_16)
                  0.14    0.19    0.19 ^ clkbuf_0_i_clk/X (sky130_fd_sc_hd__clkbuf_16)
    16    0.13                           clknet_0_i_clk (net)
                  0.14    0.00    0.19 ^ clkbuf_4_1_0_i_clk/A (sky130_fd_sc_hd__clkbuf_8)
                  0.08    0.19    0.38 ^ clkbuf_4_1_0_i_clk/X (sky130_fd_sc_hd__clkbuf_8)
    13    0.04                           clknet_4_1_0_i_clk (net)
                  0.08    0.00    0.39 ^ _2052_/CLK (sky130_fd_sc_hd__dfxtp_1)
                          0.50    0.89   clock uncertainty
                          0.00    0.89   clock reconvergence pessimism
                         -0.04    0.85   library hold time
                                  0.85   data required time
-----------------------------------------------------------------------------
                                  0.85   data required time
                                 -1.68   data arrival time
-----------------------------------------------------------------------------
                                  0.83   slack (MET)


Startpoint: _2026_ (rising edge-triggered flip-flop clocked by i_clk)
Endpoint: _2101_ (rising edge-triggered flip-flop clocked by i_clk)
Path Group: i_clk
Path Type: min

Fanout     Cap    Slew   Delay    Time   Description
-----------------------------------------------------------------------------
                          0.00    0.00   clock i_clk (rise edge)
                          0.00    0.00   clock source latency
                  0.00    0.00    0.00 ^ i_clk (in)
     1    0.03                           i_clk (net)
                  0.00    0.00    0.00 ^ clkbuf_0_i_clk/A (sky130_fd_sc_hd__clkbuf_16)
                  0.14    0.19    0.19 ^ clkbuf_0_i_clk/X (sky130_fd_sc_hd__clkbuf_16)
    16    0.13                           clknet_0_i_clk (net)
                  0.14    0.00    0.19 ^ clkbuf_4_10_0_i_clk/A (sky130_fd_sc_hd__clkbuf_8)
                  0.06    0.17    0.37 ^ clkbuf_4_10_0_i_clk/X (sky130_fd_sc_hd__clkbuf_8)
     7    0.02                           clknet_4_10_0_i_clk (net)
                  0.06    0.00    0.37 ^ _2026_/CLK (sky130_fd_sc_hd__dfxtp_1)
                  0.11    0.37    0.74 v _2026_/Q (sky130_fd_sc_hd__dfxtp_1)
     7    0.02                           u_cordic.r_x[6] (net)
                  0.11    0.00    0.74 v _1669_/A (sky130_fd_sc_hd__and2_1)
                  0.04    0.17    0.91 v _1669_/X (sky130_fd_sc_hd__and2_1)
     1    0.00                           _0996_ (net)
                  0.04    0.00    0.91 v _1670_/B2 (sky130_fd_sc_hd__o221a_1)
                  0.03    0.20    1.10 v _1670_/X (sky130_fd_sc_hd__o221a_1)
     1    0.00                           _0077_ (net)
                  0.03    0.00    1.10 v hold50/A (sky130_fd_sc_hd__dlygate4sd3_1)
                  0.06    0.55    1.65 v hold50/X (sky130_fd_sc_hd__dlygate4sd3_1)
     1    0.00                           net56 (net)
                  0.06    0.00    1.65 v _2101_/D (sky130_fd_sc_hd__dfxtp_1)
                                  1.65   data arrival time

                          0.00    0.00   clock i_clk (rise edge)
                          0.00    0.00   clock source latency
                  0.00    0.00    0.00 ^ i_clk (in)
     1    0.03                           i_clk (net)
                  0.00    0.00    0.00 ^ clkbuf_0_i_clk/A (sky130_fd_sc_hd__clkbuf_16)
                  0.14    0.19    0.19 ^ clkbuf_0_i_clk/X (sky130_fd_sc_hd__clkbuf_16)
    16    0.13                           clknet_0_i_clk (net)
                  0.14    0.00    0.19 ^ clkbuf_4_8_0_i_clk/A (sky130_fd_sc_hd__clkbuf_8)
                  0.07    0.18    0.37 ^ clkbuf_4_8_0_i_clk/X (sky130_fd_sc_hd__clkbuf_8)
    10    0.03                           clknet_4_8_0_i_clk (net)
                  0.07    0.00    0.37 ^ _2101_/CLK (sky130_fd_sc_hd__dfxtp_1)
                          0.50    0.87   clock uncertainty
                          0.00    0.87   clock reconvergence pessimism
                         -0.05    0.82   library hold time
                                  0.82   data required time
-----------------------------------------------------------------------------
                                  0.82   data required time
                                 -1.65   data arrival time
-----------------------------------------------------------------------------
                                  0.83   slack (MET)


Startpoint: _2061_ (rising edge-triggered flip-flop clocked by i_clk)
Endpoint: _2103_ (rising edge-triggered flip-flop clocked by i_clk)
Path Group: i_clk
Path Type: min

Fanout     Cap    Slew   Delay    Time   Description
-----------------------------------------------------------------------------
                          0.00    0.00   clock i_clk (rise edge)
                          0.00    0.00   clock source latency
                  0.00    0.00    0.00 ^ i_clk (in)
     1    0.03                           i_clk (net)
                  0.00    0.00    0.00 ^ clkbuf_0_i_clk/A (sky130_fd_sc_hd__clkbuf_16)
                  0.14    0.19    0.19 ^ clkbuf_0_i_clk/X (sky130_fd_sc_hd__clkbuf_16)
    16    0.13                           clknet_0_i_clk (net)
                  0.14    0.00    0.19 ^ clkbuf_4_9_0_i_clk/A (sky130_fd_sc_hd__clkbuf_8)
                  0.08    0.18    0.38 ^ clkbuf_4_9_0_i_clk/X (sky130_fd_sc_hd__clkbuf_8)
    11    0.04                           clknet_4_9_0_i_clk (net)
                  0.08    0.00    0.38 ^ _2061_/CLK (sky130_fd_sc_hd__dfxtp_1)
                  0.10    0.37    0.75 v _2061_/Q (sky130_fd_sc_hd__dfxtp_1)
     8    0.02                           u_cordic.r_x[8] (net)
                  0.10    0.00    0.75 v _1673_/A (sky130_fd_sc_hd__and2_1)
                  0.04    0.17    0.92 v _1673_/X (sky130_fd_sc_hd__and2_1)
     1    0.00                           _0998_ (net)
                  0.04    0.00    0.92 v _1674_/B2 (sky130_fd_sc_hd__o221a_1)
                  0.03    0.20    1.12 v _1674_/X (sky130_fd_sc_hd__o221a_1)
     1    0.00                           _0079_ (net)
                  0.03    0.00    1.12 v hold15/A (sky130_fd_sc_hd__dlygate4sd3_1)
                  0.05    0.54    1.66 v hold15/X (sky130_fd_sc_hd__dlygate4sd3_1)
     1    0.00                           net21 (net)
                  0.05    0.00    1.66 v _2103_/D (sky130_fd_sc_hd__dfxtp_1)
                                  1.66   data arrival time

                          0.00    0.00   clock i_clk (rise edge)
                          0.00    0.00   clock source latency
                  0.00    0.00    0.00 ^ i_clk (in)
     1    0.03                           i_clk (net)
                  0.00    0.00    0.00 ^ clkbuf_0_i_clk/A (sky130_fd_sc_hd__clkbuf_16)
                  0.14    0.19    0.19 ^ clkbuf_0_i_clk/X (sky130_fd_sc_hd__clkbuf_16)
    16    0.13                           clknet_0_i_clk (net)
                  0.14    0.00    0.19 ^ clkbuf_4_8_0_i_clk/A (sky130_fd_sc_hd__clkbuf_8)
                  0.07    0.18    0.37 ^ clkbuf_4_8_0_i_clk/X (sky130_fd_sc_hd__clkbuf_8)
    10    0.03                           clknet_4_8_0_i_clk (net)
                  0.07    0.00    0.38 ^ _2103_/CLK (sky130_fd_sc_hd__dfxtp_1)
                          0.50    0.88   clock uncertainty
                          0.00    0.88   clock reconvergence pessimism
                         -0.05    0.82   library hold time
                                  0.82   data required time
-----------------------------------------------------------------------------
                                  0.82   data required time
                                 -1.66   data arrival time
-----------------------------------------------------------------------------
                                  0.83   slack (MET)


Startpoint: _2045_ (rising edge-triggered flip-flop clocked by i_clk)
Endpoint: _2091_ (rising edge-triggered flip-flop clocked by i_clk)
Path Group: i_clk
Path Type: min

Fanout     Cap    Slew   Delay    Time   Description
-----------------------------------------------------------------------------
                          0.00    0.00   clock i_clk (rise edge)
                          0.00    0.00   clock source latency
                  0.00    0.00    0.00 ^ i_clk (in)
     1    0.03                           i_clk (net)
                  0.00    0.00    0.00 ^ clkbuf_0_i_clk/A (sky130_fd_sc_hd__clkbuf_16)
                  0.14    0.19    0.19 ^ clkbuf_0_i_clk/X (sky130_fd_sc_hd__clkbuf_16)
    16    0.13                           clknet_0_i_clk (net)
                  0.14    0.00    0.19 ^ clkbuf_4_13_0_i_clk/A (sky130_fd_sc_hd__clkbuf_8)
                  0.07    0.18    0.37 ^ clkbuf_4_13_0_i_clk/X (sky130_fd_sc_hd__clkbuf_8)
     9    0.03                           clknet_4_13_0_i_clk (net)
                  0.07    0.00    0.37 ^ _2045_/CLK (sky130_fd_sc_hd__dfxtp_2)
                  0.09    0.38    0.75 v _2045_/Q (sky130_fd_sc_hd__dfxtp_2)
     8    0.04                           u_cordic.r_y[12] (net)
                  0.09    0.00    0.76 v _1641_/A (sky130_fd_sc_hd__and2_1)
                  0.05    0.17    0.92 v _1641_/X (sky130_fd_sc_hd__and2_1)
     1    0.01                           _0978_ (net)
                  0.05    0.00    0.92 v _1642_/B2 (sky130_fd_sc_hd__o221a_1)
                  0.03    0.19    1.11 v _1642_/X (sky130_fd_sc_hd__o221a_1)
     1    0.00                           _0067_ (net)
                  0.03    0.00    1.11 v hold56/A (sky130_fd_sc_hd__dlygate4sd3_1)
                  0.06    0.55    1.66 v hold56/X (sky130_fd_sc_hd__dlygate4sd3_1)
     1    0.00                           net62 (net)
                  0.06    0.00    1.66 v _2091_/D (sky130_fd_sc_hd__dfxtp_1)
                                  1.66   data arrival time

                          0.00    0.00   clock i_clk (rise edge)
                          0.00    0.00   clock source latency
                  0.00    0.00    0.00 ^ i_clk (in)
     1    0.03                           i_clk (net)
                  0.00    0.00    0.00 ^ clkbuf_0_i_clk/A (sky130_fd_sc_hd__clkbuf_16)
                  0.14    0.19    0.19 ^ clkbuf_0_i_clk/X (sky130_fd_sc_hd__clkbuf_16)
    16    0.13                           clknet_0_i_clk (net)
                  0.14    0.00    0.19 ^ clkbuf_4_9_0_i_clk/A (sky130_fd_sc_hd__clkbuf_8)
                  0.08    0.18    0.38 ^ clkbuf_4_9_0_i_clk/X (sky130_fd_sc_hd__clkbuf_8)
    11    0.04                           clknet_4_9_0_i_clk (net)
                  0.08    0.00    0.38 ^ _2091_/CLK (sky130_fd_sc_hd__dfxtp_1)
                          0.50    0.88   clock uncertainty
                          0.00    0.88   clock reconvergence pessimism
                         -0.05    0.83   library hold time
                                  0.83   data required time
-----------------------------------------------------------------------------
                                  0.83   data required time
                                 -1.66   data arrival time
-----------------------------------------------------------------------------
                                  0.83   slack (MET)


Startpoint: _2073_ (rising edge-triggered flip-flop clocked by i_clk)
Endpoint: _2079_ (rising edge-triggered flip-flop clocked by i_clk)
Path Group: i_clk
Path Type: min

Fanout     Cap    Slew   Delay    Time   Description
-----------------------------------------------------------------------------
                          0.00    0.00   clock i_clk (rise edge)
                          0.00    0.00   clock source latency
                  0.00    0.00    0.00 ^ i_clk (in)
     1    0.03                           i_clk (net)
                  0.00    0.00    0.00 ^ clkbuf_0_i_clk/A (sky130_fd_sc_hd__clkbuf_16)
                  0.14    0.19    0.19 ^ clkbuf_0_i_clk/X (sky130_fd_sc_hd__clkbuf_16)
    16    0.13                           clknet_0_i_clk (net)
                  0.14    0.00    0.19 ^ clkbuf_4_14_0_i_clk/A (sky130_fd_sc_hd__clkbuf_8)
                  0.05    0.17    0.36 ^ clkbuf_4_14_0_i_clk/X (sky130_fd_sc_hd__clkbuf_8)
     6    0.02                           clknet_4_14_0_i_clk (net)
                  0.05    0.00    0.36 ^ _2073_/CLK (sky130_fd_sc_hd__dfxtp_1)
                  0.21    0.42    0.79 ^ _2073_/Q (sky130_fd_sc_hd__dfxtp_1)
     3    0.02                           u_cordic.r_y[0] (net)
                  0.21    0.00    0.79 ^ _1610_/A (sky130_fd_sc_hd__and2_1)
                  0.06    0.17    0.96 ^ _1610_/X (sky130_fd_sc_hd__and2_1)
     1    0.00                           _0959_ (net)
                  0.06    0.00    0.96 ^ _1615_/B1 (sky130_fd_sc_hd__o221a_1)
                  0.06    0.18    1.13 ^ _1615_/X (sky130_fd_sc_hd__o221a_1)
     1    0.00                           _0055_ (net)
                  0.06    0.00    1.13 ^ hold67/A (sky130_fd_sc_hd__dlygate4sd3_1)
                  0.06    0.55    1.68 ^ hold67/X (sky130_fd_sc_hd__dlygate4sd3_1)
     1    0.00                           net73 (net)
                  0.06    0.00    1.68 ^ _2079_/D (sky130_fd_sc_hd__dfxtp_1)
                                  1.68   data arrival time

                          0.00    0.00   clock i_clk (rise edge)
                          0.00    0.00   clock source latency
                  0.00    0.00    0.00 ^ i_clk (in)
     1    0.03                           i_clk (net)
                  0.00    0.00    0.00 ^ clkbuf_0_i_clk/A (sky130_fd_sc_hd__clkbuf_16)
                  0.14    0.19    0.19 ^ clkbuf_0_i_clk/X (sky130_fd_sc_hd__clkbuf_16)
    16    0.13                           clknet_0_i_clk (net)
                  0.14    0.00    0.19 ^ clkbuf_4_9_0_i_clk/A (sky130_fd_sc_hd__clkbuf_8)
                  0.08    0.18    0.38 ^ clkbuf_4_9_0_i_clk/X (sky130_fd_sc_hd__clkbuf_8)
    11    0.04                           clknet_4_9_0_i_clk (net)
                  0.08    0.00    0.38 ^ _2079_/CLK (sky130_fd_sc_hd__dfxtp_1)
                          0.50    0.88   clock uncertainty
                          0.00    0.88   clock reconvergence pessimism
                         -0.03    0.85   library hold time
                                  0.85   data required time
-----------------------------------------------------------------------------
                                  0.85   data required time
                                 -1.68   data arrival time
-----------------------------------------------------------------------------
                                  0.84   slack (MET)


Startpoint: _2059_ (rising edge-triggered flip-flop clocked by i_clk)
Endpoint: _2100_ (rising edge-triggered flip-flop clocked by i_clk)
Path Group: i_clk
Path Type: min

Fanout     Cap    Slew   Delay    Time   Description
-----------------------------------------------------------------------------
                          0.00    0.00   clock i_clk (rise edge)
                          0.00    0.00   clock source latency
                  0.00    0.00    0.00 ^ i_clk (in)
     1    0.03                           i_clk (net)
                  0.00    0.00    0.00 ^ clkbuf_0_i_clk/A (sky130_fd_sc_hd__clkbuf_16)
                  0.14    0.19    0.19 ^ clkbuf_0_i_clk/X (sky130_fd_sc_hd__clkbuf_16)
    16    0.13                           clknet_0_i_clk (net)
                  0.14    0.00    0.19 ^ clkbuf_4_11_0_i_clk/A (sky130_fd_sc_hd__clkbuf_8)
                  0.07    0.18    0.37 ^ clkbuf_4_11_0_i_clk/X (sky130_fd_sc_hd__clkbuf_8)
    10    0.03                           clknet_4_11_0_i_clk (net)
                  0.07    0.00    0.37 ^ _2059_/CLK (sky130_fd_sc_hd__dfxtp_2)
                  0.14    0.40    0.77 ^ _2059_/Q (sky130_fd_sc_hd__dfxtp_2)
     8    0.03                           u_cordic.r_x[5] (net)
                  0.14    0.00    0.77 ^ _1667_/A (sky130_fd_sc_hd__and2_1)
                  0.07    0.16    0.93 ^ _1667_/X (sky130_fd_sc_hd__and2_1)
     1    0.01                           _0995_ (net)
                  0.07    0.00    0.93 ^ _1668_/B2 (sky130_fd_sc_hd__o221a_1)
                  0.07    0.18    1.11 ^ _1668_/X (sky130_fd_sc_hd__o221a_1)
     1    0.00                           _0076_ (net)
                  0.07    0.00    1.11 ^ hold17/A (sky130_fd_sc_hd__dlygate4sd3_1)
                  0.07    0.56    1.67 ^ hold17/X (sky130_fd_sc_hd__dlygate4sd3_1)
     1    0.00                           net23 (net)
                  0.07    0.00    1.67 ^ _2100_/D (sky130_fd_sc_hd__dfxtp_1)
                                  1.67   data arrival time

                          0.00    0.00   clock i_clk (rise edge)
                          0.00    0.00   clock source latency
                  0.00    0.00    0.00 ^ i_clk (in)
     1    0.03                           i_clk (net)
                  0.00    0.00    0.00 ^ clkbuf_0_i_clk/A (sky130_fd_sc_hd__clkbuf_16)
                  0.14    0.19    0.19 ^ clkbuf_0_i_clk/X (sky130_fd_sc_hd__clkbuf_16)
    16    0.13                           clknet_0_i_clk (net)
                  0.14    0.00    0.19 ^ clkbuf_4_10_0_i_clk/A (sky130_fd_sc_hd__clkbuf_8)
                  0.06    0.17    0.37 ^ clkbuf_4_10_0_i_clk/X (sky130_fd_sc_hd__clkbuf_8)
     7    0.02                           clknet_4_10_0_i_clk (net)
                  0.06    0.00    0.37 ^ _2100_/CLK (sky130_fd_sc_hd__dfxtp_1)
                          0.50    0.87   clock uncertainty
                          0.00    0.87   clock reconvergence pessimism
                         -0.03    0.83   library hold time
                                  0.83   data required time
-----------------------------------------------------------------------------
                                  0.83   data required time
                                 -1.67   data arrival time
-----------------------------------------------------------------------------
                                  0.84   slack (MET)


Startpoint: _2056_ (rising edge-triggered flip-flop clocked by i_clk)
Endpoint: _2096_ (rising edge-triggered flip-flop clocked by i_clk)
Path Group: i_clk
Path Type: min

Fanout     Cap    Slew   Delay    Time   Description
-----------------------------------------------------------------------------
                          0.00    0.00   clock i_clk (rise edge)
                          0.00    0.00   clock source latency
                  0.00    0.00    0.00 ^ i_clk (in)
     1    0.03                           i_clk (net)
                  0.00    0.00    0.00 ^ clkbuf_0_i_clk/A (sky130_fd_sc_hd__clkbuf_16)
                  0.14    0.19    0.19 ^ clkbuf_0_i_clk/X (sky130_fd_sc_hd__clkbuf_16)
    16    0.13                           clknet_0_i_clk (net)
                  0.14    0.00    0.19 ^ clkbuf_4_11_0_i_clk/A (sky130_fd_sc_hd__clkbuf_8)
                  0.07    0.18    0.37 ^ clkbuf_4_11_0_i_clk/X (sky130_fd_sc_hd__clkbuf_8)
    10    0.03                           clknet_4_11_0_i_clk (net)
                  0.07    0.00    0.37 ^ _2056_/CLK (sky130_fd_sc_hd__dfxtp_1)
                  0.12    0.38    0.75 v _2056_/Q (sky130_fd_sc_hd__dfxtp_1)
     4    0.02                           u_cordic.r_x[1] (net)
                  0.12    0.00    0.76 v _1657_/A (sky130_fd_sc_hd__and2_1)
                  0.04    0.17    0.93 v _1657_/X (sky130_fd_sc_hd__and2_1)
     1    0.00                           _0989_ (net)
                  0.04    0.00    0.93 v _1658_/B2 (sky130_fd_sc_hd__o221a_1)
                  0.03    0.19    1.12 v _1658_/X (sky130_fd_sc_hd__o221a_1)
     1    0.00                           _0072_ (net)
                  0.03    0.00    1.12 v hold46/A (sky130_fd_sc_hd__dlygate4sd3_1)
                  0.05    0.54    1.67 v hold46/X (sky130_fd_sc_hd__dlygate4sd3_1)
     1    0.00                           net52 (net)
                  0.05    0.00    1.67 v _2096_/D (sky130_fd_sc_hd__dfxtp_1)
                                  1.67   data arrival time

                          0.00    0.00   clock i_clk (rise edge)
                          0.00    0.00   clock source latency
                  0.00    0.00    0.00 ^ i_clk (in)
     1    0.03                           i_clk (net)
                  0.00    0.00    0.00 ^ clkbuf_0_i_clk/A (sky130_fd_sc_hd__clkbuf_16)
                  0.14    0.19    0.19 ^ clkbuf_0_i_clk/X (sky130_fd_sc_hd__clkbuf_16)
    16    0.13                           clknet_0_i_clk (net)
                  0.14    0.00    0.19 ^ clkbuf_4_9_0_i_clk/A (sky130_fd_sc_hd__clkbuf_8)
                  0.08    0.18    0.38 ^ clkbuf_4_9_0_i_clk/X (sky130_fd_sc_hd__clkbuf_8)
    11    0.04                           clknet_4_9_0_i_clk (net)
                  0.08    0.00    0.38 ^ _2096_/CLK (sky130_fd_sc_hd__dfxtp_1)
                          0.50    0.88   clock uncertainty
                          0.00    0.88   clock reconvergence pessimism
                         -0.05    0.83   library hold time
                                  0.83   data required time
-----------------------------------------------------------------------------
                                  0.83   data required time
                                 -1.67   data arrival time
-----------------------------------------------------------------------------
                                  0.84   slack (MET)


Startpoint: _2040_ (rising edge-triggered flip-flop clocked by i_clk)
Endpoint: _2086_ (rising edge-triggered flip-flop clocked by i_clk)
Path Group: i_clk
Path Type: min

Fanout     Cap    Slew   Delay    Time   Description
-----------------------------------------------------------------------------
                          0.00    0.00   clock i_clk (rise edge)
                          0.00    0.00   clock source latency
                  0.00    0.00    0.00 ^ i_clk (in)
     1    0.03                           i_clk (net)
                  0.00    0.00    0.00 ^ clkbuf_0_i_clk/A (sky130_fd_sc_hd__clkbuf_16)
                  0.14    0.19    0.19 ^ clkbuf_0_i_clk/X (sky130_fd_sc_hd__clkbuf_16)
    16    0.13                           clknet_0_i_clk (net)
                  0.14    0.00    0.19 ^ clkbuf_4_15_0_i_clk/A (sky130_fd_sc_hd__clkbuf_8)
                  0.06    0.17    0.36 ^ clkbuf_4_15_0_i_clk/X (sky130_fd_sc_hd__clkbuf_8)
     6    0.02                           clknet_4_15_0_i_clk (net)
                  0.06    0.00    0.36 ^ _2040_/CLK (sky130_fd_sc_hd__dfxtp_2)
                  0.09    0.38    0.74 v _2040_/Q (sky130_fd_sc_hd__dfxtp_2)
     8    0.04                           u_cordic.r_y[7] (net)
                  0.09    0.00    0.74 v _1629_/A (sky130_fd_sc_hd__and2_1)
                  0.04    0.16    0.90 v _1629_/X (sky130_fd_sc_hd__and2_1)
     1    0.00                           _0971_ (net)
                  0.04    0.00    0.90 v _1630_/B2 (sky130_fd_sc_hd__o221a_1)
                  0.04    0.21    1.11 v _1630_/X (sky130_fd_sc_hd__o221a_1)
     1    0.00                           _0062_ (net)
                  0.04    0.00    1.11 v hold37/A (sky130_fd_sc_hd__dlygate4sd3_1)
                  0.06    0.55    1.66 v hold37/X (sky130_fd_sc_hd__dlygate4sd3_1)
     1    0.00                           net43 (net)
                  0.06    0.00    1.66 v _2086_/D (sky130_fd_sc_hd__dfxtp_1)
                                  1.66   data arrival time

                          0.00    0.00   clock i_clk (rise edge)
                          0.00    0.00   clock source latency
                  0.00    0.00    0.00 ^ i_clk (in)
     1    0.03                           i_clk (net)
                  0.00    0.00    0.00 ^ clkbuf_0_i_clk/A (sky130_fd_sc_hd__clkbuf_16)
                  0.14    0.19    0.19 ^ clkbuf_0_i_clk/X (sky130_fd_sc_hd__clkbuf_16)
    16    0.13                           clknet_0_i_clk (net)
                  0.14    0.00    0.19 ^ clkbuf_4_11_0_i_clk/A (sky130_fd_sc_hd__clkbuf_8)
                  0.07    0.18    0.37 ^ clkbuf_4_11_0_i_clk/X (sky130_fd_sc_hd__clkbuf_8)
    10    0.03                           clknet_4_11_0_i_clk (net)
                  0.07    0.00    0.37 ^ _2086_/CLK (sky130_fd_sc_hd__dfxtp_1)
                          0.50    0.87   clock uncertainty
                          0.00    0.87   clock reconvergence pessimism
                         -0.05    0.82   library hold time
                                  0.82   data required time
-----------------------------------------------------------------------------
                                  0.82   data required time
                                 -1.66   data arrival time
-----------------------------------------------------------------------------
                                  0.84   slack (MET)


Startpoint: _2046_ (rising edge-triggered flip-flop clocked by i_clk)
Endpoint: _2092_ (rising edge-triggered flip-flop clocked by i_clk)
Path Group: i_clk
Path Type: min

Fanout     Cap    Slew   Delay    Time   Description
-----------------------------------------------------------------------------
                          0.00    0.00   clock i_clk (rise edge)
                          0.00    0.00   clock source latency
                  0.00    0.00    0.00 ^ i_clk (in)
     1    0.03                           i_clk (net)
                  0.00    0.00    0.00 ^ clkbuf_0_i_clk/A (sky130_fd_sc_hd__clkbuf_16)
                  0.14    0.19    0.19 ^ clkbuf_0_i_clk/X (sky130_fd_sc_hd__clkbuf_16)
    16    0.13                           clknet_0_i_clk (net)
                  0.14    0.00    0.19 ^ clkbuf_4_13_0_i_clk/A (sky130_fd_sc_hd__clkbuf_8)
                  0.07    0.18    0.37 ^ clkbuf_4_13_0_i_clk/X (sky130_fd_sc_hd__clkbuf_8)
     9    0.03                           clknet_4_13_0_i_clk (net)
                  0.07    0.00    0.37 ^ _2046_/CLK (sky130_fd_sc_hd__dfxtp_2)
                  0.10    0.39    0.76 v _2046_/Q (sky130_fd_sc_hd__dfxtp_2)
     9    0.04                           u_cordic.r_y[13] (net)
                  0.10    0.00    0.76 v _1643_/A (sky130_fd_sc_hd__and2_1)
                  0.04    0.16    0.92 v _1643_/X (sky130_fd_sc_hd__and2_1)
     1    0.00                           _0979_ (net)
                  0.04    0.00    0.92 v _1644_/B2 (sky130_fd_sc_hd__o221a_1)
                  0.03    0.20    1.12 v _1644_/X (sky130_fd_sc_hd__o221a_1)
     1    0.00                           _0068_ (net)
                  0.03    0.00    1.12 v hold77/A (sky130_fd_sc_hd__dlygate4sd3_1)
                  0.06    0.55    1.67 v hold77/X (sky130_fd_sc_hd__dlygate4sd3_1)
     1    0.00                           net83 (net)
                  0.06    0.00    1.67 v _2092_/D (sky130_fd_sc_hd__dfxtp_1)
                                  1.67   data arrival time

                          0.00    0.00   clock i_clk (rise edge)
                          0.00    0.00   clock source latency
                  0.00    0.00    0.00 ^ i_clk (in)
     1    0.03                           i_clk (net)
                  0.00    0.00    0.00 ^ clkbuf_0_i_clk/A (sky130_fd_sc_hd__clkbuf_16)
                  0.14    0.19    0.19 ^ clkbuf_0_i_clk/X (sky130_fd_sc_hd__clkbuf_16)
    16    0.13                           clknet_0_i_clk (net)
                  0.14    0.00    0.19 ^ clkbuf_4_9_0_i_clk/A (sky130_fd_sc_hd__clkbuf_8)
                  0.08    0.18    0.38 ^ clkbuf_4_9_0_i_clk/X (sky130_fd_sc_hd__clkbuf_8)
    11    0.04                           clknet_4_9_0_i_clk (net)
                  0.08    0.00    0.38 ^ _2092_/CLK (sky130_fd_sc_hd__dfxtp_1)
                          0.50    0.88   clock uncertainty
                          0.00    0.88   clock reconvergence pessimism
                         -0.05    0.83   library hold time
                                  0.83   data required time
-----------------------------------------------------------------------------
                                  0.83   data required time
                                 -1.67   data arrival time
-----------------------------------------------------------------------------
                                  0.84   slack (MET)


Startpoint: _2060_ (rising edge-triggered flip-flop clocked by i_clk)
Endpoint: _2102_ (rising edge-triggered flip-flop clocked by i_clk)
Path Group: i_clk
Path Type: min

Fanout     Cap    Slew   Delay    Time   Description
-----------------------------------------------------------------------------
                          0.00    0.00   clock i_clk (rise edge)
                          0.00    0.00   clock source latency
                  0.00    0.00    0.00 ^ i_clk (in)
     1    0.03                           i_clk (net)
                  0.00    0.00    0.00 ^ clkbuf_0_i_clk/A (sky130_fd_sc_hd__clkbuf_16)
                  0.14    0.19    0.19 ^ clkbuf_0_i_clk/X (sky130_fd_sc_hd__clkbuf_16)
    16    0.13                           clknet_0_i_clk (net)
                  0.14    0.00    0.19 ^ clkbuf_4_9_0_i_clk/A (sky130_fd_sc_hd__clkbuf_8)
                  0.08    0.18    0.38 ^ clkbuf_4_9_0_i_clk/X (sky130_fd_sc_hd__clkbuf_8)
    11    0.04                           clknet_4_9_0_i_clk (net)
                  0.08    0.00    0.38 ^ _2060_/CLK (sky130_fd_sc_hd__dfxtp_1)
                  0.11    0.38    0.75 v _2060_/Q (sky130_fd_sc_hd__dfxtp_1)
     8    0.02                           u_cordic.r_x[7] (net)
                  0.11    0.00    0.75 v _1671_/A (sky130_fd_sc_hd__and2_1)
                  0.04    0.17    0.92 v _1671_/X (sky130_fd_sc_hd__and2_1)
     1    0.00                           _0997_ (net)
                  0.04    0.00    0.92 v _1672_/B2 (sky130_fd_sc_hd__o221a_1)
                  0.03    0.20    1.12 v _1672_/X (sky130_fd_sc_hd__o221a_1)
     1    0.00                           _0078_ (net)
                  0.03    0.00    1.12 v hold40/A (sky130_fd_sc_hd__dlygate4sd3_1)
                  0.05    0.54    1.66 v hold40/X (sky130_fd_sc_hd__dlygate4sd3_1)
     1    0.00                           net46 (net)
                  0.05    0.00    1.66 v _2102_/D (sky130_fd_sc_hd__dfxtp_1)
                                  1.66   data arrival time

                          0.00    0.00   clock i_clk (rise edge)
                          0.00    0.00   clock source latency
                  0.00    0.00    0.00 ^ i_clk (in)
     1    0.03                           i_clk (net)
                  0.00    0.00    0.00 ^ clkbuf_0_i_clk/A (sky130_fd_sc_hd__clkbuf_16)
                  0.14    0.19    0.19 ^ clkbuf_0_i_clk/X (sky130_fd_sc_hd__clkbuf_16)
    16    0.13                           clknet_0_i_clk (net)
                  0.14    0.00    0.19 ^ clkbuf_4_11_0_i_clk/A (sky130_fd_sc_hd__clkbuf_8)
                  0.07    0.18    0.37 ^ clkbuf_4_11_0_i_clk/X (sky130_fd_sc_hd__clkbuf_8)
    10    0.03                           clknet_4_11_0_i_clk (net)
                  0.07    0.00    0.37 ^ _2102_/CLK (sky130_fd_sc_hd__dfxtp_1)
                          0.50    0.87   clock uncertainty
                          0.00    0.87   clock reconvergence pessimism
                         -0.05    0.82   library hold time
                                  0.82   data required time
-----------------------------------------------------------------------------
                                  0.82   data required time
                                 -1.66   data arrival time
-----------------------------------------------------------------------------
                                  0.84   slack (MET)


Startpoint: _2027_ (rising edge-triggered flip-flop clocked by i_clk)
Endpoint: _2104_ (rising edge-triggered flip-flop clocked by i_clk)
Path Group: i_clk
Path Type: min

Fanout     Cap    Slew   Delay    Time   Description
-----------------------------------------------------------------------------
                          0.00    0.00   clock i_clk (rise edge)
                          0.00    0.00   clock source latency
                  0.00    0.00    0.00 ^ i_clk (in)
     1    0.03                           i_clk (net)
                  0.00    0.00    0.00 ^ clkbuf_0_i_clk/A (sky130_fd_sc_hd__clkbuf_16)
                  0.14    0.19    0.19 ^ clkbuf_0_i_clk/X (sky130_fd_sc_hd__clkbuf_16)
    16    0.13                           clknet_0_i_clk (net)
                  0.14    0.01    0.19 ^ clkbuf_4_3_0_i_clk/A (sky130_fd_sc_hd__clkbuf_8)
                  0.08    0.19    0.38 ^ clkbuf_4_3_0_i_clk/X (sky130_fd_sc_hd__clkbuf_8)
    11    0.04                           clknet_4_3_0_i_clk (net)
                  0.08    0.00    0.38 ^ _2027_/CLK (sky130_fd_sc_hd__dfxtp_1)
                  0.11    0.37    0.75 v _2027_/Q (sky130_fd_sc_hd__dfxtp_1)
     7    0.02                           u_cordic.r_x[9] (net)
                  0.11    0.00    0.75 v _1675_/A (sky130_fd_sc_hd__and2_1)
                  0.05    0.17    0.93 v _1675_/X (sky130_fd_sc_hd__and2_1)
     1    0.01                           _0999_ (net)
                  0.05    0.00    0.93 v _1676_/B2 (sky130_fd_sc_hd__o221a_1)
                  0.03    0.20    1.13 v _1676_/X (sky130_fd_sc_hd__o221a_1)
     1    0.00                           _0080_ (net)
                  0.03    0.00    1.13 v hold23/A (sky130_fd_sc_hd__dlygate4sd3_1)
                  0.05    0.54    1.67 v hold23/X (sky130_fd_sc_hd__dlygate4sd3_1)
     1    0.00                           net29 (net)
                  0.05    0.00    1.67 v _2104_/D (sky130_fd_sc_hd__dfxtp_1)
                                  1.67   data arrival time

                          0.00    0.00   clock i_clk (rise edge)
                          0.00    0.00   clock source latency
                  0.00    0.00    0.00 ^ i_clk (in)
     1    0.03                           i_clk (net)
                  0.00    0.00    0.00 ^ clkbuf_0_i_clk/A (sky130_fd_sc_hd__clkbuf_16)
                  0.14    0.19    0.19 ^ clkbuf_0_i_clk/X (sky130_fd_sc_hd__clkbuf_16)
    16    0.13                           clknet_0_i_clk (net)
                  0.14    0.01    0.19 ^ clkbuf_4_2_0_i_clk/A (sky130_fd_sc_hd__clkbuf_8)
                  0.07    0.18    0.37 ^ clkbuf_4_2_0_i_clk/X (sky130_fd_sc_hd__clkbuf_8)
     8    0.03                           clknet_4_2_0_i_clk (net)
                  0.07    0.00    0.38 ^ _2104_/CLK (sky130_fd_sc_hd__dfxtp_1)
                          0.50    0.88   clock uncertainty
                          0.00    0.88   clock reconvergence pessimism
                         -0.05    0.83   library hold time
                                  0.83   data required time
-----------------------------------------------------------------------------
                                  0.83   data required time
                                 -1.67   data arrival time
-----------------------------------------------------------------------------
                                  0.84   slack (MET)


Startpoint: _2043_ (rising edge-triggered flip-flop clocked by i_clk)
Endpoint: _2089_ (rising edge-triggered flip-flop clocked by i_clk)
Path Group: i_clk
Path Type: min

Fanout     Cap    Slew   Delay    Time   Description
-----------------------------------------------------------------------------
                          0.00    0.00   clock i_clk (rise edge)
                          0.00    0.00   clock source latency
                  0.00    0.00    0.00 ^ i_clk (in)
     1    0.03                           i_clk (net)
                  0.00    0.00    0.00 ^ clkbuf_0_i_clk/A (sky130_fd_sc_hd__clkbuf_16)
                  0.14    0.19    0.19 ^ clkbuf_0_i_clk/X (sky130_fd_sc_hd__clkbuf_16)
    16    0.13                           clknet_0_i_clk (net)
                  0.14    0.00    0.19 ^ clkbuf_4_15_0_i_clk/A (sky130_fd_sc_hd__clkbuf_8)
                  0.06    0.17    0.36 ^ clkbuf_4_15_0_i_clk/X (sky130_fd_sc_hd__clkbuf_8)
     6    0.02                           clknet_4_15_0_i_clk (net)
                  0.06    0.00    0.36 ^ _2043_/CLK (sky130_fd_sc_hd__dfxtp_2)
                  0.09    0.38    0.74 v _2043_/Q (sky130_fd_sc_hd__dfxtp_2)
     6    0.04                           u_cordic.r_y[10] (net)
                  0.09    0.00    0.74 v _1637_/A (sky130_fd_sc_hd__and2_1)
                  0.05    0.18    0.92 v _1637_/X (sky130_fd_sc_hd__and2_1)
     1    0.01                           _0976_ (net)
                  0.05    0.00    0.92 v _1638_/B2 (sky130_fd_sc_hd__o221a_1)
                  0.03    0.20    1.12 v _1638_/X (sky130_fd_sc_hd__o221a_1)
     1    0.00                           _0065_ (net)
                  0.03    0.00    1.12 v hold42/A (sky130_fd_sc_hd__dlygate4sd3_1)
                  0.05    0.54    1.67 v hold42/X (sky130_fd_sc_hd__dlygate4sd3_1)
     1    0.00                           net48 (net)
                  0.05    0.00    1.67 v _2089_/D (sky130_fd_sc_hd__dfxtp_1)
                                  1.67   data arrival time

                          0.00    0.00   clock i_clk (rise edge)
                          0.00    0.00   clock source latency
                  0.00    0.00    0.00 ^ i_clk (in)
     1    0.03                           i_clk (net)
                  0.00    0.00    0.00 ^ clkbuf_0_i_clk/A (sky130_fd_sc_hd__clkbuf_16)
                  0.14    0.19    0.19 ^ clkbuf_0_i_clk/X (sky130_fd_sc_hd__clkbuf_16)
    16    0.13                           clknet_0_i_clk (net)
                  0.14    0.01    0.19 ^ clkbuf_4_2_0_i_clk/A (sky130_fd_sc_hd__clkbuf_8)
                  0.07    0.18    0.37 ^ clkbuf_4_2_0_i_clk/X (sky130_fd_sc_hd__clkbuf_8)
     8    0.03                           clknet_4_2_0_i_clk (net)
                  0.07    0.00    0.38 ^ _2089_/CLK (sky130_fd_sc_hd__dfxtp_1)
                          0.50    0.88   clock uncertainty
                          0.00    0.88   clock reconvergence pessimism
                         -0.05    0.82   library hold time
                                  0.82   data required time
-----------------------------------------------------------------------------
                                  0.82   data required time
                                 -1.67   data arrival time
-----------------------------------------------------------------------------
                                  0.84   slack (MET)


Startpoint: _2058_ (rising edge-triggered flip-flop clocked by i_clk)
Endpoint: _2099_ (rising edge-triggered flip-flop clocked by i_clk)
Path Group: i_clk
Path Type: min

Fanout     Cap    Slew   Delay    Time   Description
-----------------------------------------------------------------------------
                          0.00    0.00   clock i_clk (rise edge)
                          0.00    0.00   clock source latency
                  0.00    0.00    0.00 ^ i_clk (in)
     1    0.03                           i_clk (net)
                  0.00    0.00    0.00 ^ clkbuf_0_i_clk/A (sky130_fd_sc_hd__clkbuf_16)
                  0.14    0.19    0.19 ^ clkbuf_0_i_clk/X (sky130_fd_sc_hd__clkbuf_16)
    16    0.13                           clknet_0_i_clk (net)
                  0.14    0.00    0.19 ^ clkbuf_4_11_0_i_clk/A (sky130_fd_sc_hd__clkbuf_8)
                  0.07    0.18    0.37 ^ clkbuf_4_11_0_i_clk/X (sky130_fd_sc_hd__clkbuf_8)
    10    0.03                           clknet_4_11_0_i_clk (net)
                  0.07    0.00    0.37 ^ _2058_/CLK (sky130_fd_sc_hd__dfxtp_1)
                  0.12    0.38    0.76 v _2058_/Q (sky130_fd_sc_hd__dfxtp_1)
     7    0.03                           u_cordic.r_x[4] (net)
                  0.12    0.00    0.76 v _1665_/A (sky130_fd_sc_hd__and2_1)
                  0.04    0.17    0.93 v _1665_/X (sky130_fd_sc_hd__and2_1)
     1    0.00                           _0994_ (net)
                  0.04    0.00    0.93 v _1666_/B2 (sky130_fd_sc_hd__o221a_1)
                  0.03    0.19    1.12 v _1666_/X (sky130_fd_sc_hd__o221a_1)
     1    0.00                           _0075_ (net)
                  0.03    0.00    1.12 v hold11/A (sky130_fd_sc_hd__dlygate4sd3_1)
                  0.06    0.55    1.67 v hold11/X (sky130_fd_sc_hd__dlygate4sd3_1)
     1    0.00                           net17 (net)
                  0.06    0.00    1.67 v _2099_/D (sky130_fd_sc_hd__dfxtp_1)
                                  1.67   data arrival time

                          0.00    0.00   clock i_clk (rise edge)
                          0.00    0.00   clock source latency
                  0.00    0.00    0.00 ^ i_clk (in)
     1    0.03                           i_clk (net)
                  0.00    0.00    0.00 ^ clkbuf_0_i_clk/A (sky130_fd_sc_hd__clkbuf_16)
                  0.14    0.19    0.19 ^ clkbuf_0_i_clk/X (sky130_fd_sc_hd__clkbuf_16)
    16    0.13                           clknet_0_i_clk (net)
                  0.14    0.00    0.19 ^ clkbuf_4_8_0_i_clk/A (sky130_fd_sc_hd__clkbuf_8)
                  0.07    0.18    0.37 ^ clkbuf_4_8_0_i_clk/X (sky130_fd_sc_hd__clkbuf_8)
    10    0.03                           clknet_4_8_0_i_clk (net)
                  0.07    0.00    0.37 ^ _2099_/CLK (sky130_fd_sc_hd__dfxtp_1)
                          0.50    0.87   clock uncertainty
                          0.00    0.87   clock reconvergence pessimism
                         -0.05    0.82   library hold time
                                  0.82   data required time
-----------------------------------------------------------------------------
                                  0.82   data required time
                                 -1.67   data arrival time
-----------------------------------------------------------------------------
                                  0.85   slack (MET)


Startpoint: _2041_ (rising edge-triggered flip-flop clocked by i_clk)
Endpoint: _2087_ (rising edge-triggered flip-flop clocked by i_clk)
Path Group: i_clk
Path Type: min

Fanout     Cap    Slew   Delay    Time   Description
-----------------------------------------------------------------------------
                          0.00    0.00   clock i_clk (rise edge)
                          0.00    0.00   clock source latency
                  0.00    0.00    0.00 ^ i_clk (in)
     1    0.03                           i_clk (net)
                  0.00    0.00    0.00 ^ clkbuf_0_i_clk/A (sky130_fd_sc_hd__clkbuf_16)
                  0.14    0.19    0.19 ^ clkbuf_0_i_clk/X (sky130_fd_sc_hd__clkbuf_16)
    16    0.13                           clknet_0_i_clk (net)
                  0.14    0.00    0.19 ^ clkbuf_4_15_0_i_clk/A (sky130_fd_sc_hd__clkbuf_8)
                  0.06    0.17    0.36 ^ clkbuf_4_15_0_i_clk/X (sky130_fd_sc_hd__clkbuf_8)
     6    0.02                           clknet_4_15_0_i_clk (net)
                  0.06    0.00    0.36 ^ _2041_/CLK (sky130_fd_sc_hd__dfxtp_2)
                  0.10    0.38    0.74 v _2041_/Q (sky130_fd_sc_hd__dfxtp_2)
     7    0.04                           u_cordic.r_y[8] (net)
                  0.10    0.00    0.75 v _1631_/A (sky130_fd_sc_hd__and2_1)
                  0.04    0.16    0.91 v _1631_/X (sky130_fd_sc_hd__and2_1)
     1    0.00                           _0972_ (net)
                  0.04    0.00    0.91 v _1633_/B2 (sky130_fd_sc_hd__o221a_1)
                  0.04    0.20    1.11 v _1633_/X (sky130_fd_sc_hd__o221a_1)
     1    0.00                           _0063_ (net)
                  0.04    0.00    1.11 v hold44/A (sky130_fd_sc_hd__dlygate4sd3_1)
                  0.06    0.56    1.68 v hold44/X (sky130_fd_sc_hd__dlygate4sd3_1)
     1    0.01                           net50 (net)
                  0.06    0.00    1.68 v _2087_/D (sky130_fd_sc_hd__dfxtp_1)
                                  1.68   data arrival time

                          0.00    0.00   clock i_clk (rise edge)
                          0.00    0.00   clock source latency
                  0.00    0.00    0.00 ^ i_clk (in)
     1    0.03                           i_clk (net)
                  0.00    0.00    0.00 ^ clkbuf_0_i_clk/A (sky130_fd_sc_hd__clkbuf_16)
                  0.14    0.19    0.19 ^ clkbuf_0_i_clk/X (sky130_fd_sc_hd__clkbuf_16)
    16    0.13                           clknet_0_i_clk (net)
                  0.14    0.00    0.19 ^ clkbuf_4_9_0_i_clk/A (sky130_fd_sc_hd__clkbuf_8)
                  0.08    0.18    0.38 ^ clkbuf_4_9_0_i_clk/X (sky130_fd_sc_hd__clkbuf_8)
    11    0.04                           clknet_4_9_0_i_clk (net)
                  0.08    0.00    0.38 ^ _2087_/CLK (sky130_fd_sc_hd__dfxtp_1)
                          0.50    0.88   clock uncertainty
                          0.00    0.88   clock reconvergence pessimism
                         -0.06    0.82   library hold time
                                  0.82   data required time
-----------------------------------------------------------------------------
                                  0.82   data required time
                                 -1.68   data arrival time
-----------------------------------------------------------------------------
                                  0.85   slack (MET)


Startpoint: _2029_ (rising edge-triggered flip-flop clocked by i_clk)
Endpoint: _2108_ (rising edge-triggered flip-flop clocked by i_clk)
Path Group: i_clk
Path Type: min

Fanout     Cap    Slew   Delay    Time   Description
-----------------------------------------------------------------------------
                          0.00    0.00   clock i_clk (rise edge)
                          0.00    0.00   clock source latency
                  0.00    0.00    0.00 ^ i_clk (in)
     1    0.03                           i_clk (net)
                  0.00    0.00    0.00 ^ clkbuf_0_i_clk/A (sky130_fd_sc_hd__clkbuf_16)
                  0.14    0.19    0.19 ^ clkbuf_0_i_clk/X (sky130_fd_sc_hd__clkbuf_16)
    16    0.13                           clknet_0_i_clk (net)
                  0.14    0.01    0.19 ^ clkbuf_4_2_0_i_clk/A (sky130_fd_sc_hd__clkbuf_8)
                  0.07    0.18    0.37 ^ clkbuf_4_2_0_i_clk/X (sky130_fd_sc_hd__clkbuf_8)
     8    0.03                           clknet_4_2_0_i_clk (net)
                  0.07    0.00    0.38 ^ _2029_/CLK (sky130_fd_sc_hd__dfxtp_2)
                  0.09    0.38    0.76 v _2029_/Q (sky130_fd_sc_hd__dfxtp_2)
     8    0.04                           u_cordic.r_x[13] (net)
                  0.09    0.00    0.76 v _1683_/A (sky130_fd_sc_hd__and2_1)
                  0.04    0.17    0.92 v _1683_/X (sky130_fd_sc_hd__and2_1)
     1    0.01                           _1003_ (net)
                  0.04    0.00    0.92 v _1684_/B2 (sky130_fd_sc_hd__o221a_1)
                  0.04    0.21    1.14 v _1684_/X (sky130_fd_sc_hd__o221a_1)
     1    0.00                           _0084_ (net)
                  0.04    0.00    1.14 v hold25/A (sky130_fd_sc_hd__dlygate4sd3_1)
                  0.05    0.55    1.69 v hold25/X (sky130_fd_sc_hd__dlygate4sd3_1)
     1    0.00                           net31 (net)
                  0.05    0.00    1.69 v _2108_/D (sky130_fd_sc_hd__dfxtp_1)
                                  1.69   data arrival time

                          0.00    0.00   clock i_clk (rise edge)
                          0.00    0.00   clock source latency
                  0.00    0.00    0.00 ^ i_clk (in)
     1    0.03                           i_clk (net)
                  0.00    0.00    0.00 ^ clkbuf_0_i_clk/A (sky130_fd_sc_hd__clkbuf_16)
                  0.14    0.19    0.19 ^ clkbuf_0_i_clk/X (sky130_fd_sc_hd__clkbuf_16)
    16    0.13                           clknet_0_i_clk (net)
                  0.14    0.01    0.19 ^ clkbuf_4_3_0_i_clk/A (sky130_fd_sc_hd__clkbuf_8)
                  0.08    0.19    0.38 ^ clkbuf_4_3_0_i_clk/X (sky130_fd_sc_hd__clkbuf_8)
    11    0.04                           clknet_4_3_0_i_clk (net)
                  0.08    0.00    0.38 ^ _2108_/CLK (sky130_fd_sc_hd__dfxtp_1)
                          0.50    0.88   clock uncertainty
                          0.00    0.88   clock reconvergence pessimism
                         -0.05    0.83   library hold time
                                  0.83   data required time
-----------------------------------------------------------------------------
                                  0.83   data required time
                                 -1.69   data arrival time
-----------------------------------------------------------------------------
                                  0.85   slack (MET)


Startpoint: _2041_ (rising edge-triggered flip-flop clocked by i_clk)
Endpoint: _2041_ (rising edge-triggered flip-flop clocked by i_clk)
Path Group: i_clk
Path Type: min

Fanout     Cap    Slew   Delay    Time   Description
-----------------------------------------------------------------------------
                          0.00    0.00   clock i_clk (rise edge)
                          0.00    0.00   clock source latency
                  0.00    0.00    0.00 ^ i_clk (in)
     1    0.03                           i_clk (net)
                  0.00    0.00    0.00 ^ clkbuf_0_i_clk/A (sky130_fd_sc_hd__clkbuf_16)
                  0.14    0.19    0.19 ^ clkbuf_0_i_clk/X (sky130_fd_sc_hd__clkbuf_16)
    16    0.13                           clknet_0_i_clk (net)
                  0.14    0.00    0.19 ^ clkbuf_4_15_0_i_clk/A (sky130_fd_sc_hd__clkbuf_8)
                  0.06    0.17    0.36 ^ clkbuf_4_15_0_i_clk/X (sky130_fd_sc_hd__clkbuf_8)
     6    0.02                           clknet_4_15_0_i_clk (net)
                  0.06    0.00    0.36 ^ _2041_/CLK (sky130_fd_sc_hd__dfxtp_2)
                  0.10    0.38    0.74 v _2041_/Q (sky130_fd_sc_hd__dfxtp_2)
     7    0.04                           u_cordic.r_y[8] (net)
                  0.10    0.00    0.74 v hold173/A (sky130_fd_sc_hd__buf_1)
                  0.09    0.16    0.91 v hold173/X (sky130_fd_sc_hd__buf_1)
     2    0.01                           net179 (net)
                  0.09    0.00    0.91 v _1441_/A1 (sky130_fd_sc_hd__o22a_1)
                  0.04    0.22    1.13 v _1441_/X (sky130_fd_sc_hd__o22a_1)
     1    0.00                           _0026_ (net)
                  0.04    0.00    1.13 v hold174/A (sky130_fd_sc_hd__dlygate4sd3_1)
                  0.05    0.54    1.67 v hold174/X (sky130_fd_sc_hd__dlygate4sd3_1)
     1    0.00                           net180 (net)
                  0.05    0.00    1.67 v _2041_/D (sky130_fd_sc_hd__dfxtp_2)
                                  1.67   data arrival time

                          0.00    0.00   clock i_clk (rise edge)
                          0.00    0.00   clock source latency
                  0.00    0.00    0.00 ^ i_clk (in)
     1    0.03                           i_clk (net)
                  0.00    0.00    0.00 ^ clkbuf_0_i_clk/A (sky130_fd_sc_hd__clkbuf_16)
                  0.14    0.19    0.19 ^ clkbuf_0_i_clk/X (sky130_fd_sc_hd__clkbuf_16)
    16    0.13                           clknet_0_i_clk (net)
                  0.14    0.00    0.19 ^ clkbuf_4_15_0_i_clk/A (sky130_fd_sc_hd__clkbuf_8)
                  0.06    0.17    0.36 ^ clkbuf_4_15_0_i_clk/X (sky130_fd_sc_hd__clkbuf_8)
     6    0.02                           clknet_4_15_0_i_clk (net)
                  0.06    0.00    0.36 ^ _2041_/CLK (sky130_fd_sc_hd__dfxtp_2)
                          0.50    0.86   clock uncertainty
                          0.00    0.86   clock reconvergence pessimism
                         -0.05    0.82   library hold time
                                  0.82   data required time
-----------------------------------------------------------------------------
                                  0.82   data required time
                                 -1.67   data arrival time
-----------------------------------------------------------------------------
                                  0.86   slack (MET)


Startpoint: _2043_ (rising edge-triggered flip-flop clocked by i_clk)
Endpoint: _2043_ (rising edge-triggered flip-flop clocked by i_clk)
Path Group: i_clk
Path Type: min

Fanout     Cap    Slew   Delay    Time   Description
-----------------------------------------------------------------------------
                          0.00    0.00   clock i_clk (rise edge)
                          0.00    0.00   clock source latency
                  0.00    0.00    0.00 ^ i_clk (in)
     1    0.03                           i_clk (net)
                  0.00    0.00    0.00 ^ clkbuf_0_i_clk/A (sky130_fd_sc_hd__clkbuf_16)
                  0.14    0.19    0.19 ^ clkbuf_0_i_clk/X (sky130_fd_sc_hd__clkbuf_16)
    16    0.13                           clknet_0_i_clk (net)
                  0.14    0.00    0.19 ^ clkbuf_4_15_0_i_clk/A (sky130_fd_sc_hd__clkbuf_8)
                  0.06    0.17    0.36 ^ clkbuf_4_15_0_i_clk/X (sky130_fd_sc_hd__clkbuf_8)
     6    0.02                           clknet_4_15_0_i_clk (net)
                  0.06    0.00    0.36 ^ _2043_/CLK (sky130_fd_sc_hd__dfxtp_2)
                  0.09    0.38    0.74 v _2043_/Q (sky130_fd_sc_hd__dfxtp_2)
     6    0.04                           u_cordic.r_y[10] (net)
                  0.09    0.00    0.74 v hold162/A (sky130_fd_sc_hd__buf_1)
                  0.10    0.17    0.91 v hold162/X (sky130_fd_sc_hd__buf_1)
     3    0.02                           net168 (net)
                  0.10    0.00    0.91 v _1468_/A1 (sky130_fd_sc_hd__o22a_1)
                  0.03    0.22    1.13 v _1468_/X (sky130_fd_sc_hd__o22a_1)
     1    0.00                           _0028_ (net)
                  0.03    0.00    1.13 v hold163/A (sky130_fd_sc_hd__dlygate4sd3_1)
                  0.05    0.54    1.67 v hold163/X (sky130_fd_sc_hd__dlygate4sd3_1)
     1    0.00                           net169 (net)
                  0.05    0.00    1.67 v _2043_/D (sky130_fd_sc_hd__dfxtp_2)
                                  1.67   data arrival time

                          0.00    0.00   clock i_clk (rise edge)
                          0.00    0.00   clock source latency
                  0.00    0.00    0.00 ^ i_clk (in)
     1    0.03                           i_clk (net)
                  0.00    0.00    0.00 ^ clkbuf_0_i_clk/A (sky130_fd_sc_hd__clkbuf_16)
                  0.14    0.19    0.19 ^ clkbuf_0_i_clk/X (sky130_fd_sc_hd__clkbuf_16)
    16    0.13                           clknet_0_i_clk (net)
                  0.14    0.00    0.19 ^ clkbuf_4_15_0_i_clk/A (sky130_fd_sc_hd__clkbuf_8)
                  0.06    0.17    0.36 ^ clkbuf_4_15_0_i_clk/X (sky130_fd_sc_hd__clkbuf_8)
     6    0.02                           clknet_4_15_0_i_clk (net)
                  0.06    0.00    0.36 ^ _2043_/CLK (sky130_fd_sc_hd__dfxtp_2)
                          0.50    0.86   clock uncertainty
                          0.00    0.86   clock reconvergence pessimism
                         -0.05    0.82   library hold time
                                  0.82   data required time
-----------------------------------------------------------------------------
                                  0.82   data required time
                                 -1.67   data arrival time
-----------------------------------------------------------------------------
                                  0.86   slack (MET)


Startpoint: _2047_ (rising edge-triggered flip-flop clocked by i_clk)
Endpoint: _2047_ (rising edge-triggered flip-flop clocked by i_clk)
Path Group: i_clk
Path Type: min

Fanout     Cap    Slew   Delay    Time   Description
-----------------------------------------------------------------------------
                          0.00    0.00   clock i_clk (rise edge)
                          0.00    0.00   clock source latency
                  0.00    0.00    0.00 ^ i_clk (in)
     1    0.03                           i_clk (net)
                  0.00    0.00    0.00 ^ clkbuf_0_i_clk/A (sky130_fd_sc_hd__clkbuf_16)
                  0.14    0.19    0.19 ^ clkbuf_0_i_clk/X (sky130_fd_sc_hd__clkbuf_16)
    16    0.13                           clknet_0_i_clk (net)
                  0.14    0.00    0.19 ^ clkbuf_4_13_0_i_clk/A (sky130_fd_sc_hd__clkbuf_8)
                  0.07    0.18    0.37 ^ clkbuf_4_13_0_i_clk/X (sky130_fd_sc_hd__clkbuf_8)
     9    0.03                           clknet_4_13_0_i_clk (net)
                  0.07    0.00    0.37 ^ _2047_/CLK (sky130_fd_sc_hd__dfxtp_2)
                  0.16    0.41    0.79 ^ _2047_/Q (sky130_fd_sc_hd__dfxtp_2)
     7    0.03                           u_cordic.r_y[14] (net)
                  0.16    0.00    0.79 ^ hold181/A (sky130_fd_sc_hd__dlymetal6s2s_1)
                  0.19    0.22    1.01 ^ hold181/X (sky130_fd_sc_hd__dlymetal6s2s_1)
     2    0.02                           net187 (net)
                  0.19    0.00    1.01 ^ _1520_/A1 (sky130_fd_sc_hd__o22a_1)
                  0.04    0.17    1.18 ^ _1520_/X (sky130_fd_sc_hd__o22a_1)
     1    0.00                           _0032_ (net)
                  0.04    0.00    1.18 ^ hold182/A (sky130_fd_sc_hd__dlygate4sd3_1)
                  0.05    0.53    1.70 ^ hold182/X (sky130_fd_sc_hd__dlygate4sd3_1)
     1    0.00                           net188 (net)
                  0.05    0.00    1.70 ^ _2047_/D (sky130_fd_sc_hd__dfxtp_2)
                                  1.70   data arrival time

                          0.00    0.00   clock i_clk (rise edge)
                          0.00    0.00   clock source latency
                  0.00    0.00    0.00 ^ i_clk (in)
     1    0.03                           i_clk (net)
                  0.00    0.00    0.00 ^ clkbuf_0_i_clk/A (sky130_fd_sc_hd__clkbuf_16)
                  0.14    0.19    0.19 ^ clkbuf_0_i_clk/X (sky130_fd_sc_hd__clkbuf_16)
    16    0.13                           clknet_0_i_clk (net)
                  0.14    0.00    0.19 ^ clkbuf_4_13_0_i_clk/A (sky130_fd_sc_hd__clkbuf_8)
                  0.07    0.18    0.37 ^ clkbuf_4_13_0_i_clk/X (sky130_fd_sc_hd__clkbuf_8)
     9    0.03                           clknet_4_13_0_i_clk (net)
                  0.07    0.00    0.37 ^ _2047_/CLK (sky130_fd_sc_hd__dfxtp_2)
                          0.50    0.87   clock uncertainty
                          0.00    0.87   clock reconvergence pessimism
                         -0.03    0.85   library hold time
                                  0.85   data required time
-----------------------------------------------------------------------------
                                  0.85   data required time
                                 -1.70   data arrival time
-----------------------------------------------------------------------------
                                  0.86   slack (MET)


Startpoint: _2025_ (rising edge-triggered flip-flop clocked by i_clk)
Endpoint: _2097_ (rising edge-triggered flip-flop clocked by i_clk)
Path Group: i_clk
Path Type: min

Fanout     Cap    Slew   Delay    Time   Description
-----------------------------------------------------------------------------
                          0.00    0.00   clock i_clk (rise edge)
                          0.00    0.00   clock source latency
                  0.00    0.00    0.00 ^ i_clk (in)
     1    0.03                           i_clk (net)
                  0.00    0.00    0.00 ^ clkbuf_0_i_clk/A (sky130_fd_sc_hd__clkbuf_16)
                  0.14    0.19    0.19 ^ clkbuf_0_i_clk/X (sky130_fd_sc_hd__clkbuf_16)
    16    0.13                           clknet_0_i_clk (net)
                  0.14    0.00    0.19 ^ clkbuf_4_11_0_i_clk/A (sky130_fd_sc_hd__clkbuf_8)
                  0.07    0.18    0.37 ^ clkbuf_4_11_0_i_clk/X (sky130_fd_sc_hd__clkbuf_8)
    10    0.03                           clknet_4_11_0_i_clk (net)
                  0.07    0.00    0.37 ^ _2025_/CLK (sky130_fd_sc_hd__dfxtp_1)
                  0.12    0.38    0.76 v _2025_/Q (sky130_fd_sc_hd__dfxtp_1)
     5    0.03                           u_cordic.r_x[2] (net)
                  0.12    0.00    0.76 v _1659_/A (sky130_fd_sc_hd__and2_1)
                  0.04    0.17    0.93 v _1659_/X (sky130_fd_sc_hd__and2_1)
     1    0.00                           _0990_ (net)
                  0.04    0.00    0.93 v _1660_/B2 (sky130_fd_sc_hd__o221a_1)
                  0.04    0.20    1.14 v _1660_/X (sky130_fd_sc_hd__o221a_1)
     1    0.00                           _0073_ (net)
                  0.04    0.00    1.14 v hold31/A (sky130_fd_sc_hd__dlygate4sd3_1)
                  0.06    0.55    1.69 v hold31/X (sky130_fd_sc_hd__dlygate4sd3_1)
     1    0.00                           net37 (net)
                  0.06    0.00    1.69 v _2097_/D (sky130_fd_sc_hd__dfxtp_1)
                                  1.69   data arrival time

                          0.00    0.00   clock i_clk (rise edge)
                          0.00    0.00   clock source latency
                  0.00    0.00    0.00 ^ i_clk (in)
     1    0.03                           i_clk (net)
                  0.00    0.00    0.00 ^ clkbuf_0_i_clk/A (sky130_fd_sc_hd__clkbuf_16)
                  0.14    0.19    0.19 ^ clkbuf_0_i_clk/X (sky130_fd_sc_hd__clkbuf_16)
    16    0.13                           clknet_0_i_clk (net)
                  0.14    0.00    0.19 ^ clkbuf_4_9_0_i_clk/A (sky130_fd_sc_hd__clkbuf_8)
                  0.08    0.18    0.38 ^ clkbuf_4_9_0_i_clk/X (sky130_fd_sc_hd__clkbuf_8)
    11    0.04                           clknet_4_9_0_i_clk (net)
                  0.08    0.00    0.38 ^ _2097_/CLK (sky130_fd_sc_hd__dfxtp_1)
                          0.50    0.88   clock uncertainty
                          0.00    0.88   clock reconvergence pessimism
                         -0.05    0.83   library hold time
                                  0.83   data required time
-----------------------------------------------------------------------------
                                  0.83   data required time
                                 -1.69   data arrival time
-----------------------------------------------------------------------------
                                  0.86   slack (MET)


Startpoint: _2036_ (rising edge-triggered flip-flop clocked by i_clk)
Endpoint: _2082_ (rising edge-triggered flip-flop clocked by i_clk)
Path Group: i_clk
Path Type: min

Fanout     Cap    Slew   Delay    Time   Description
-----------------------------------------------------------------------------
                          0.00    0.00   clock i_clk (rise edge)
                          0.00    0.00   clock source latency
                  0.00    0.00    0.00 ^ i_clk (in)
     1    0.03                           i_clk (net)
                  0.00    0.00    0.00 ^ clkbuf_0_i_clk/A (sky130_fd_sc_hd__clkbuf_16)
                  0.14    0.19    0.19 ^ clkbuf_0_i_clk/X (sky130_fd_sc_hd__clkbuf_16)
    16    0.13                           clknet_0_i_clk (net)
                  0.14    0.00    0.19 ^ clkbuf_4_14_0_i_clk/A (sky130_fd_sc_hd__clkbuf_8)
                  0.05    0.17    0.36 ^ clkbuf_4_14_0_i_clk/X (sky130_fd_sc_hd__clkbuf_8)
     6    0.02                           clknet_4_14_0_i_clk (net)
                  0.05    0.00    0.36 ^ _2036_/CLK (sky130_fd_sc_hd__dfxtp_1)
                  0.13    0.38    0.75 v _2036_/Q (sky130_fd_sc_hd__dfxtp_1)
     6    0.03                           u_cordic.r_y[3] (net)
                  0.13    0.00    0.75 v _1621_/A (sky130_fd_sc_hd__and2_1)
                  0.04    0.18    0.93 v _1621_/X (sky130_fd_sc_hd__and2_1)
     1    0.01                           _0967_ (net)
                  0.04    0.00    0.93 v _1622_/B2 (sky130_fd_sc_hd__o221a_1)
                  0.03    0.19    1.12 v _1622_/X (sky130_fd_sc_hd__o221a_1)
     1    0.00                           _0058_ (net)
                  0.03    0.00    1.12 v hold65/A (sky130_fd_sc_hd__dlygate4sd3_1)
                  0.06    0.55    1.67 v hold65/X (sky130_fd_sc_hd__dlygate4sd3_1)
     1    0.00                           net71 (net)
                  0.06    0.00    1.67 v _2082_/D (sky130_fd_sc_hd__dfxtp_1)
                                  1.67   data arrival time

                          0.00    0.00   clock i_clk (rise edge)
                          0.00    0.00   clock source latency
                  0.00    0.00    0.00 ^ i_clk (in)
     1    0.03                           i_clk (net)
                  0.00    0.00    0.00 ^ clkbuf_0_i_clk/A (sky130_fd_sc_hd__clkbuf_16)
                  0.14    0.19    0.19 ^ clkbuf_0_i_clk/X (sky130_fd_sc_hd__clkbuf_16)
    16    0.13                           clknet_0_i_clk (net)
                  0.14    0.00    0.19 ^ clkbuf_4_10_0_i_clk/A (sky130_fd_sc_hd__clkbuf_8)
                  0.06    0.17    0.37 ^ clkbuf_4_10_0_i_clk/X (sky130_fd_sc_hd__clkbuf_8)
     7    0.02                           clknet_4_10_0_i_clk (net)
                  0.06    0.00    0.37 ^ _2082_/CLK (sky130_fd_sc_hd__dfxtp_1)
                          0.50    0.87   clock uncertainty
                          0.00    0.87   clock reconvergence pessimism
                         -0.06    0.81   library hold time
                                  0.81   data required time
-----------------------------------------------------------------------------
                                  0.81   data required time
                                 -1.67   data arrival time
-----------------------------------------------------------------------------
                                  0.86   slack (MET)


Startpoint: _2039_ (rising edge-triggered flip-flop clocked by i_clk)
Endpoint: _2085_ (rising edge-triggered flip-flop clocked by i_clk)
Path Group: i_clk
Path Type: min

Fanout     Cap    Slew   Delay    Time   Description
-----------------------------------------------------------------------------
                          0.00    0.00   clock i_clk (rise edge)
                          0.00    0.00   clock source latency
                  0.00    0.00    0.00 ^ i_clk (in)
     1    0.03                           i_clk (net)
                  0.00    0.00    0.00 ^ clkbuf_0_i_clk/A (sky130_fd_sc_hd__clkbuf_16)
                  0.14    0.19    0.19 ^ clkbuf_0_i_clk/X (sky130_fd_sc_hd__clkbuf_16)
    16    0.13                           clknet_0_i_clk (net)
                  0.14    0.00    0.19 ^ clkbuf_4_15_0_i_clk/A (sky130_fd_sc_hd__clkbuf_8)
                  0.06    0.17    0.36 ^ clkbuf_4_15_0_i_clk/X (sky130_fd_sc_hd__clkbuf_8)
     6    0.02                           clknet_4_15_0_i_clk (net)
                  0.06    0.00    0.36 ^ _2039_/CLK (sky130_fd_sc_hd__dfxtp_2)
                  0.09    0.37    0.74 v _2039_/Q (sky130_fd_sc_hd__dfxtp_2)
     8    0.04                           u_cordic.r_y[6] (net)
                  0.09    0.00    0.74 v _1627_/A (sky130_fd_sc_hd__and2_1)
                  0.03    0.15    0.89 v _1627_/X (sky130_fd_sc_hd__and2_1)
     1    0.00                           _0970_ (net)
                  0.03    0.00    0.89 v _1628_/B2 (sky130_fd_sc_hd__o221a_1)
                  0.04    0.20    1.10 v _1628_/X (sky130_fd_sc_hd__o221a_1)
     1    0.00                           _0061_ (net)
                  0.04    0.00    1.10 v hold27/A (sky130_fd_sc_hd__dlygate4sd3_1)
                  0.07    0.57    1.67 v hold27/X (sky130_fd_sc_hd__dlygate4sd3_1)
     1    0.01                           net33 (net)
                  0.07    0.00    1.67 v _2085_/D (sky130_fd_sc_hd__dfxtp_1)
                                  1.67   data arrival time

                          0.00    0.00   clock i_clk (rise edge)
                          0.00    0.00   clock source latency
                  0.00    0.00    0.00 ^ i_clk (in)
     1    0.03                           i_clk (net)
                  0.00    0.00    0.00 ^ clkbuf_0_i_clk/A (sky130_fd_sc_hd__clkbuf_16)
                  0.14    0.19    0.19 ^ clkbuf_0_i_clk/X (sky130_fd_sc_hd__clkbuf_16)
    16    0.13                           clknet_0_i_clk (net)
                  0.14    0.00    0.19 ^ clkbuf_4_10_0_i_clk/A (sky130_fd_sc_hd__clkbuf_8)
                  0.06    0.17    0.37 ^ clkbuf_4_10_0_i_clk/X (sky130_fd_sc_hd__clkbuf_8)
     7    0.02                           clknet_4_10_0_i_clk (net)
                  0.06    0.00    0.37 ^ _2085_/CLK (sky130_fd_sc_hd__dfxtp_1)
                          0.50    0.87   clock uncertainty
                          0.00    0.87   clock reconvergence pessimism
                         -0.06    0.80   library hold time
                                  0.80   data required time
-----------------------------------------------------------------------------
                                  0.80   data required time
                                 -1.67   data arrival time
-----------------------------------------------------------------------------
                                  0.86   slack (MET)


Startpoint: _2025_ (rising edge-triggered flip-flop clocked by i_clk)
Endpoint: _2025_ (rising edge-triggered flip-flop clocked by i_clk)
Path Group: i_clk
Path Type: min

Fanout     Cap    Slew   Delay    Time   Description
-----------------------------------------------------------------------------
                          0.00    0.00   clock i_clk (rise edge)
                          0.00    0.00   clock source latency
                  0.00    0.00    0.00 ^ i_clk (in)
     1    0.03                           i_clk (net)
                  0.00    0.00    0.00 ^ clkbuf_0_i_clk/A (sky130_fd_sc_hd__clkbuf_16)
                  0.14    0.19    0.19 ^ clkbuf_0_i_clk/X (sky130_fd_sc_hd__clkbuf_16)
    16    0.13                           clknet_0_i_clk (net)
                  0.14    0.00    0.19 ^ clkbuf_4_11_0_i_clk/A (sky130_fd_sc_hd__clkbuf_8)
                  0.07    0.18    0.37 ^ clkbuf_4_11_0_i_clk/X (sky130_fd_sc_hd__clkbuf_8)
    10    0.03                           clknet_4_11_0_i_clk (net)
                  0.07    0.00    0.37 ^ _2025_/CLK (sky130_fd_sc_hd__dfxtp_1)
                  0.12    0.38    0.76 v _2025_/Q (sky130_fd_sc_hd__dfxtp_1)
     5    0.03                           u_cordic.r_x[2] (net)
                  0.12    0.00    0.76 v hold99/A (sky130_fd_sc_hd__buf_1)
                  0.08    0.17    0.93 v hold99/X (sky130_fd_sc_hd__buf_1)
     3    0.01                           net105 (net)
                  0.08    0.00    0.93 v _1127_/B2 (sky130_fd_sc_hd__a32o_1)
                  0.04    0.22    1.14 v _1127_/X (sky130_fd_sc_hd__a32o_1)
     1    0.00                           _0010_ (net)
                  0.04    0.00    1.14 v hold100/A (sky130_fd_sc_hd__dlygate4sd3_1)
                  0.06    0.55    1.69 v hold100/X (sky130_fd_sc_hd__dlygate4sd3_1)
     1    0.00                           net106 (net)
                  0.06    0.00    1.69 v _2025_/D (sky130_fd_sc_hd__dfxtp_1)
                                  1.69   data arrival time

                          0.00    0.00   clock i_clk (rise edge)
                          0.00    0.00   clock source latency
                  0.00    0.00    0.00 ^ i_clk (in)
     1    0.03                           i_clk (net)
                  0.00    0.00    0.00 ^ clkbuf_0_i_clk/A (sky130_fd_sc_hd__clkbuf_16)
                  0.14    0.19    0.19 ^ clkbuf_0_i_clk/X (sky130_fd_sc_hd__clkbuf_16)
    16    0.13                           clknet_0_i_clk (net)
                  0.14    0.00    0.19 ^ clkbuf_4_11_0_i_clk/A (sky130_fd_sc_hd__clkbuf_8)
                  0.07    0.18    0.37 ^ clkbuf_4_11_0_i_clk/X (sky130_fd_sc_hd__clkbuf_8)
    10    0.03                           clknet_4_11_0_i_clk (net)
                  0.07    0.00    0.37 ^ _2025_/CLK (sky130_fd_sc_hd__dfxtp_1)
                          0.50    0.87   clock uncertainty
                          0.00    0.87   clock reconvergence pessimism
                         -0.05    0.82   library hold time
                                  0.82   data required time
-----------------------------------------------------------------------------
                                  0.82   data required time
                                 -1.69   data arrival time
-----------------------------------------------------------------------------
                                  0.87   slack (MET)


Startpoint: _2062_ (rising edge-triggered flip-flop clocked by i_clk)
Endpoint: _2105_ (rising edge-triggered flip-flop clocked by i_clk)
Path Group: i_clk
Path Type: min

Fanout     Cap    Slew   Delay    Time   Description
-----------------------------------------------------------------------------
                          0.00    0.00   clock i_clk (rise edge)
                          0.00    0.00   clock source latency
                  0.00    0.00    0.00 ^ i_clk (in)
     1    0.03                           i_clk (net)
                  0.00    0.00    0.00 ^ clkbuf_0_i_clk/A (sky130_fd_sc_hd__clkbuf_16)
                  0.14    0.19    0.19 ^ clkbuf_0_i_clk/X (sky130_fd_sc_hd__clkbuf_16)
    16    0.13                           clknet_0_i_clk (net)
                  0.14    0.01    0.19 ^ clkbuf_4_3_0_i_clk/A (sky130_fd_sc_hd__clkbuf_8)
                  0.08    0.19    0.38 ^ clkbuf_4_3_0_i_clk/X (sky130_fd_sc_hd__clkbuf_8)
    11    0.04                           clknet_4_3_0_i_clk (net)
                  0.08    0.00    0.38 ^ _2062_/CLK (sky130_fd_sc_hd__dfxtp_1)
                  0.12    0.38    0.76 v _2062_/Q (sky130_fd_sc_hd__dfxtp_1)
     7    0.03                           u_cordic.r_x[10] (net)
                  0.12    0.00    0.77 v _1677_/A (sky130_fd_sc_hd__and2_1)
                  0.04    0.17    0.94 v _1677_/X (sky130_fd_sc_hd__and2_1)
     1    0.00                           _1000_ (net)
                  0.04    0.00    0.94 v _1678_/B2 (sky130_fd_sc_hd__o221a_1)
                  0.04    0.21    1.14 v _1678_/X (sky130_fd_sc_hd__o221a_1)
     1    0.00                           _0081_ (net)
                  0.04    0.00    1.14 v hold35/A (sky130_fd_sc_hd__dlygate4sd3_1)
                  0.06    0.56    1.70 v hold35/X (sky130_fd_sc_hd__dlygate4sd3_1)
     1    0.00                           net41 (net)
                  0.06    0.00    1.70 v _2105_/D (sky130_fd_sc_hd__dfxtp_1)
                                  1.70   data arrival time

                          0.00    0.00   clock i_clk (rise edge)
                          0.00    0.00   clock source latency
                  0.00    0.00    0.00 ^ i_clk (in)
     1    0.03                           i_clk (net)
                  0.00    0.00    0.00 ^ clkbuf_0_i_clk/A (sky130_fd_sc_hd__clkbuf_16)
                  0.14    0.19    0.19 ^ clkbuf_0_i_clk/X (sky130_fd_sc_hd__clkbuf_16)
    16    0.13                           clknet_0_i_clk (net)
                  0.14    0.01    0.19 ^ clkbuf_4_3_0_i_clk/A (sky130_fd_sc_hd__clkbuf_8)
                  0.08    0.19    0.38 ^ clkbuf_4_3_0_i_clk/X (sky130_fd_sc_hd__clkbuf_8)
    11    0.04                           clknet_4_3_0_i_clk (net)
                  0.08    0.00    0.38 ^ _2105_/CLK (sky130_fd_sc_hd__dfxtp_1)
                          0.50    0.88   clock uncertainty
                          0.00    0.88   clock reconvergence pessimism
                         -0.05    0.83   library hold time
                                  0.83   data required time
-----------------------------------------------------------------------------
                                  0.83   data required time
                                 -1.70   data arrival time
-----------------------------------------------------------------------------
                                  0.87   slack (MET)


Startpoint: _2064_ (rising edge-triggered flip-flop clocked by i_clk)
Endpoint: _2109_ (rising edge-triggered flip-flop clocked by i_clk)
Path Group: i_clk
Path Type: min

Fanout     Cap    Slew   Delay    Time   Description
-----------------------------------------------------------------------------
                          0.00    0.00   clock i_clk (rise edge)
                          0.00    0.00   clock source latency
                  0.00    0.00    0.00 ^ i_clk (in)
     1    0.03                           i_clk (net)
                  0.00    0.00    0.00 ^ clkbuf_0_i_clk/A (sky130_fd_sc_hd__clkbuf_16)
                  0.14    0.19    0.19 ^ clkbuf_0_i_clk/X (sky130_fd_sc_hd__clkbuf_16)
    16    0.13                           clknet_0_i_clk (net)
                  0.14    0.01    0.19 ^ clkbuf_4_2_0_i_clk/A (sky130_fd_sc_hd__clkbuf_8)
                  0.07    0.18    0.37 ^ clkbuf_4_2_0_i_clk/X (sky130_fd_sc_hd__clkbuf_8)
     8    0.03                           clknet_4_2_0_i_clk (net)
                  0.07    0.00    0.38 ^ _2064_/CLK (sky130_fd_sc_hd__dfxtp_1)
                  0.13    0.39    0.76 v _2064_/Q (sky130_fd_sc_hd__dfxtp_1)
     6    0.03                           u_cordic.r_x[14] (net)
                  0.13    0.00    0.76 v _1685_/A (sky130_fd_sc_hd__and2_1)
                  0.05    0.19    0.95 v _1685_/X (sky130_fd_sc_hd__and2_1)
     1    0.01                           _1004_ (net)
                  0.05    0.00    0.95 v _1686_/B2 (sky130_fd_sc_hd__o221a_1)
                  0.04    0.21    1.16 v _1686_/X (sky130_fd_sc_hd__o221a_1)
     1    0.00                           _0085_ (net)
                  0.04    0.00    1.16 v hold19/A (sky130_fd_sc_hd__dlygate4sd3_1)
                  0.05    0.54    1.70 v hold19/X (sky130_fd_sc_hd__dlygate4sd3_1)
     1    0.00                           net25 (net)
                  0.05    0.00    1.70 v _2109_/D (sky130_fd_sc_hd__dfxtp_1)
                                  1.70   data arrival time

                          0.00    0.00   clock i_clk (rise edge)
                          0.00    0.00   clock source latency
                  0.00    0.00    0.00 ^ i_clk (in)
     1    0.03                           i_clk (net)
                  0.00    0.00    0.00 ^ clkbuf_0_i_clk/A (sky130_fd_sc_hd__clkbuf_16)
                  0.14    0.19    0.19 ^ clkbuf_0_i_clk/X (sky130_fd_sc_hd__clkbuf_16)
    16    0.13                           clknet_0_i_clk (net)
                  0.14    0.01    0.19 ^ clkbuf_4_2_0_i_clk/A (sky130_fd_sc_hd__clkbuf_8)
                  0.07    0.18    0.37 ^ clkbuf_4_2_0_i_clk/X (sky130_fd_sc_hd__clkbuf_8)
     8    0.03                           clknet_4_2_0_i_clk (net)
                  0.07    0.00    0.38 ^ _2109_/CLK (sky130_fd_sc_hd__dfxtp_1)
                          0.50    0.88   clock uncertainty
                          0.00    0.88   clock reconvergence pessimism
                         -0.05    0.83   library hold time
                                  0.83   data required time
-----------------------------------------------------------------------------
                                  0.83   data required time
                                 -1.70   data arrival time
-----------------------------------------------------------------------------
                                  0.88   slack (MET)


Startpoint: _2057_ (rising edge-triggered flip-flop clocked by i_clk)
Endpoint: _2098_ (rising edge-triggered flip-flop clocked by i_clk)
Path Group: i_clk
Path Type: min

Fanout     Cap    Slew   Delay    Time   Description
-----------------------------------------------------------------------------
                          0.00    0.00   clock i_clk (rise edge)
                          0.00    0.00   clock source latency
                  0.00    0.00    0.00 ^ i_clk (in)
     1    0.03                           i_clk (net)
                  0.00    0.00    0.00 ^ clkbuf_0_i_clk/A (sky130_fd_sc_hd__clkbuf_16)
                  0.14    0.19    0.19 ^ clkbuf_0_i_clk/X (sky130_fd_sc_hd__clkbuf_16)
    16    0.13                           clknet_0_i_clk (net)
                  0.14    0.00    0.19 ^ clkbuf_4_11_0_i_clk/A (sky130_fd_sc_hd__clkbuf_8)
                  0.07    0.18    0.37 ^ clkbuf_4_11_0_i_clk/X (sky130_fd_sc_hd__clkbuf_8)
    10    0.03                           clknet_4_11_0_i_clk (net)
                  0.07    0.00    0.37 ^ _2057_/CLK (sky130_fd_sc_hd__dfxtp_1)
                  0.13    0.38    0.76 v _2057_/Q (sky130_fd_sc_hd__dfxtp_1)
     7    0.03                           u_cordic.r_x[3] (net)
                  0.13    0.00    0.76 v _1661_/A (sky130_fd_sc_hd__and2_1)
                  0.04    0.18    0.94 v _1661_/X (sky130_fd_sc_hd__and2_1)
     1    0.00                           _0991_ (net)
                  0.04    0.00    0.94 v _1663_/B2 (sky130_fd_sc_hd__o221a_1)
                  0.04    0.20    1.14 v _1663_/X (sky130_fd_sc_hd__o221a_1)
     1    0.00                           _0074_ (net)
                  0.04    0.00    1.14 v hold13/A (sky130_fd_sc_hd__dlygate4sd3_1)
                  0.06    0.56    1.70 v hold13/X (sky130_fd_sc_hd__dlygate4sd3_1)
     1    0.00                           net19 (net)
                  0.06    0.00    1.70 v _2098_/D (sky130_fd_sc_hd__dfxtp_1)
                                  1.70   data arrival time

                          0.00    0.00   clock i_clk (rise edge)
                          0.00    0.00   clock source latency
                  0.00    0.00    0.00 ^ i_clk (in)
     1    0.03                           i_clk (net)
                  0.00    0.00    0.00 ^ clkbuf_0_i_clk/A (sky130_fd_sc_hd__clkbuf_16)
                  0.14    0.19    0.19 ^ clkbuf_0_i_clk/X (sky130_fd_sc_hd__clkbuf_16)
    16    0.13                           clknet_0_i_clk (net)
                  0.14    0.00    0.19 ^ clkbuf_4_8_0_i_clk/A (sky130_fd_sc_hd__clkbuf_8)
                  0.07    0.18    0.37 ^ clkbuf_4_8_0_i_clk/X (sky130_fd_sc_hd__clkbuf_8)
    10    0.03                           clknet_4_8_0_i_clk (net)
                  0.07    0.00    0.37 ^ _2098_/CLK (sky130_fd_sc_hd__dfxtp_1)
                          0.50    0.87   clock uncertainty
                          0.00    0.87   clock reconvergence pessimism
                         -0.06    0.82   library hold time
                                  0.82   data required time
-----------------------------------------------------------------------------
                                  0.82   data required time
                                 -1.70   data arrival time
-----------------------------------------------------------------------------
                                  0.88   slack (MET)


Startpoint: _2024_ (rising edge-triggered flip-flop clocked by i_clk)
Endpoint: _2095_ (rising edge-triggered flip-flop clocked by i_clk)
Path Group: i_clk
Path Type: min

Fanout     Cap    Slew   Delay    Time   Description
-----------------------------------------------------------------------------
                          0.00    0.00   clock i_clk (rise edge)
                          0.00    0.00   clock source latency
                  0.00    0.00    0.00 ^ i_clk (in)
     1    0.03                           i_clk (net)
                  0.00    0.00    0.00 ^ clkbuf_0_i_clk/A (sky130_fd_sc_hd__clkbuf_16)
                  0.14    0.19    0.19 ^ clkbuf_0_i_clk/X (sky130_fd_sc_hd__clkbuf_16)
    16    0.13                           clknet_0_i_clk (net)
                  0.14    0.00    0.19 ^ clkbuf_4_14_0_i_clk/A (sky130_fd_sc_hd__clkbuf_8)
                  0.05    0.17    0.36 ^ clkbuf_4_14_0_i_clk/X (sky130_fd_sc_hd__clkbuf_8)
     6    0.02                           clknet_4_14_0_i_clk (net)
                  0.05    0.00    0.36 ^ _2024_/CLK (sky130_fd_sc_hd__dfxtp_1)
                  0.15    0.40    0.76 v _2024_/Q (sky130_fd_sc_hd__dfxtp_1)
     4    0.03                           u_cordic.r_x[0] (net)
                  0.15    0.00    0.77 v _1651_/A (sky130_fd_sc_hd__and2_1)
                  0.04    0.19    0.95 v _1651_/X (sky130_fd_sc_hd__and2_1)
     1    0.00                           _0984_ (net)
                  0.04    0.00    0.95 v _1655_/B1 (sky130_fd_sc_hd__o221a_1)
                  0.03    0.22    1.17 v _1655_/X (sky130_fd_sc_hd__o221a_1)
     1    0.00                           _0071_ (net)
                  0.03    0.00    1.17 v hold33/A (sky130_fd_sc_hd__dlygate4sd3_1)
                  0.05    0.54    1.71 v hold33/X (sky130_fd_sc_hd__dlygate4sd3_1)
     1    0.00                           net39 (net)
                  0.05    0.00    1.71 v _2095_/D (sky130_fd_sc_hd__dfxtp_1)
                                  1.71   data arrival time

                          0.00    0.00   clock i_clk (rise edge)
                          0.00    0.00   clock source latency
                  0.00    0.00    0.00 ^ i_clk (in)
     1    0.03                           i_clk (net)
                  0.00    0.00    0.00 ^ clkbuf_0_i_clk/A (sky130_fd_sc_hd__clkbuf_16)
                  0.14    0.19    0.19 ^ clkbuf_0_i_clk/X (sky130_fd_sc_hd__clkbuf_16)
    16    0.13                           clknet_0_i_clk (net)
                  0.14    0.01    0.19 ^ clkbuf_4_3_0_i_clk/A (sky130_fd_sc_hd__clkbuf_8)
                  0.08    0.19    0.38 ^ clkbuf_4_3_0_i_clk/X (sky130_fd_sc_hd__clkbuf_8)
    11    0.04                           clknet_4_3_0_i_clk (net)
                  0.08    0.00    0.38 ^ _2095_/CLK (sky130_fd_sc_hd__dfxtp_1)
                          0.50    0.88   clock uncertainty
                          0.00    0.88   clock reconvergence pessimism
                         -0.05    0.83   library hold time
                                  0.83   data required time
-----------------------------------------------------------------------------
                                  0.83   data required time
                                 -1.71   data arrival time
-----------------------------------------------------------------------------
                                  0.88   slack (MET)


Startpoint: _2112_ (rising edge-triggered flip-flop clocked by i_clk)
Endpoint: _2053_ (rising edge-triggered flip-flop clocked by i_clk)
Path Group: i_clk
Path Type: min

Fanout     Cap    Slew   Delay    Time   Description
-----------------------------------------------------------------------------
                          0.00    0.00   clock i_clk (rise edge)
                          0.00    0.00   clock source latency
                  0.00    0.00    0.00 ^ i_clk (in)
     1    0.03                           i_clk (net)
                  0.00    0.00    0.00 ^ clkbuf_0_i_clk/A (sky130_fd_sc_hd__clkbuf_16)
                  0.14    0.19    0.19 ^ clkbuf_0_i_clk/X (sky130_fd_sc_hd__clkbuf_16)
    16    0.13                           clknet_0_i_clk (net)
                  0.14    0.00    0.19 ^ clkbuf_4_1_0_i_clk/A (sky130_fd_sc_hd__clkbuf_8)
                  0.08    0.19    0.38 ^ clkbuf_4_1_0_i_clk/X (sky130_fd_sc_hd__clkbuf_8)
    13    0.04                           clknet_4_1_0_i_clk (net)
                  0.08    0.00    0.39 ^ _2112_/CLK (sky130_fd_sc_hd__dfxtp_2)
                  0.10    0.39    0.78 v _2112_/Q (sky130_fd_sc_hd__dfxtp_2)
     8    0.04                           r_word_sel (net)
                  0.10    0.00    0.78 v _1013_/A (sky130_fd_sc_hd__inv_2)
                  0.06    0.09    0.87 ^ _1013_/Y (sky130_fd_sc_hd__inv_2)
     3    0.01                           _0417_ (net)
                  0.06    0.00    0.87 ^ _1026_/A1 (sky130_fd_sc_hd__a32o_1)
                  0.05    0.14    1.01 ^ _1026_/X (sky130_fd_sc_hd__a32o_1)
     1    0.00                           _0430_ (net)
                  0.05    0.00    1.01 ^ hold223/A (sky130_fd_sc_hd__dlygate4sd3_1)
                  0.05    0.53    1.54 ^ hold223/X (sky130_fd_sc_hd__dlygate4sd3_1)
     1    0.00                           net229 (net)
                  0.05    0.00    1.54 ^ _1027_/B (sky130_fd_sc_hd__and2_1)
                  0.05    0.12    1.66 ^ _1027_/X (sky130_fd_sc_hd__and2_1)
     1    0.00                           _0431_ (net)
                  0.05    0.00    1.66 ^ _1028_/A (sky130_fd_sc_hd__clkbuf_1)
                  0.04    0.08    1.74 ^ _1028_/X (sky130_fd_sc_hd__clkbuf_1)
     1    0.00                           _0008_ (net)
                  0.04    0.00    1.74 ^ _2053_/D (sky130_fd_sc_hd__dfxtp_1)
                                  1.74   data arrival time

                          0.00    0.00   clock i_clk (rise edge)
                          0.00    0.00   clock source latency
                  0.00    0.00    0.00 ^ i_clk (in)
     1    0.03                           i_clk (net)
                  0.00    0.00    0.00 ^ clkbuf_0_i_clk/A (sky130_fd_sc_hd__clkbuf_16)
                  0.14    0.19    0.19 ^ clkbuf_0_i_clk/X (sky130_fd_sc_hd__clkbuf_16)
    16    0.13                           clknet_0_i_clk (net)
                  0.14    0.00    0.19 ^ clkbuf_4_1_0_i_clk/A (sky130_fd_sc_hd__clkbuf_8)
                  0.08    0.19    0.38 ^ clkbuf_4_1_0_i_clk/X (sky130_fd_sc_hd__clkbuf_8)
    13    0.04                           clknet_4_1_0_i_clk (net)
                  0.08    0.00    0.39 ^ _2053_/CLK (sky130_fd_sc_hd__dfxtp_1)
                          0.50    0.89   clock uncertainty
                          0.00    0.89   clock reconvergence pessimism
                         -0.03    0.86   library hold time
                                  0.86   data required time
-----------------------------------------------------------------------------
                                  0.86   data required time
                                 -1.74   data arrival time
-----------------------------------------------------------------------------
                                  0.88   slack (MET)


Startpoint: _2114_ (rising edge-triggered flip-flop clocked by i_clk)
Endpoint: _2116_ (rising edge-triggered flip-flop clocked by i_clk)
Path Group: i_clk
Path Type: min

Fanout     Cap    Slew   Delay    Time   Description
-----------------------------------------------------------------------------
                          0.00    0.00   clock i_clk (rise edge)
                          0.00    0.00   clock source latency
                  0.00    0.00    0.00 ^ i_clk (in)
     1    0.03                           i_clk (net)
                  0.00    0.00    0.00 ^ clkbuf_0_i_clk/A (sky130_fd_sc_hd__clkbuf_16)
                  0.14    0.19    0.19 ^ clkbuf_0_i_clk/X (sky130_fd_sc_hd__clkbuf_16)
    16    0.13                           clknet_0_i_clk (net)
                  0.14    0.00    0.19 ^ clkbuf_4_0_0_i_clk/A (sky130_fd_sc_hd__clkbuf_8)
                  0.07    0.18    0.38 ^ clkbuf_4_0_0_i_clk/X (sky130_fd_sc_hd__clkbuf_8)
    11    0.03                           clknet_4_0_0_i_clk (net)
                  0.07    0.00    0.38 ^ _2114_/CLK (sky130_fd_sc_hd__dfxtp_1)
                  0.04    0.31    0.69 v _2114_/Q (sky130_fd_sc_hd__dfxtp_1)
     2    0.00                           u_spi_target.r_bit_cnt[1] (net)
                  0.04    0.00    0.69 v hold82/A (sky130_fd_sc_hd__buf_1)
                  0.09    0.14    0.82 v hold82/X (sky130_fd_sc_hd__buf_1)
     4    0.02                           net88 (net)
                  0.09    0.00    0.82 v _1702_/B (sky130_fd_sc_hd__and4_1)
                  0.07    0.23    1.05 v _1702_/X (sky130_fd_sc_hd__and4_1)
     4    0.01                           _0156_ (net)
                  0.07    0.00    1.05 v _1707_/A2 (sky130_fd_sc_hd__a21oi_1)
                  0.08    0.14    1.19 ^ _1707_/Y (sky130_fd_sc_hd__a21oi_1)
     1    0.00                           _0092_ (net)
                  0.08    0.00    1.19 ^ hold4/A (sky130_fd_sc_hd__dlygate4sd3_1)
                  0.06    0.55    1.74 ^ hold4/X (sky130_fd_sc_hd__dlygate4sd3_1)
     1    0.00                           net10 (net)
                  0.06    0.00    1.74 ^ _2116_/D (sky130_fd_sc_hd__dfxtp_1)
                                  1.74   data arrival time

                          0.00    0.00   clock i_clk (rise edge)
                          0.00    0.00   clock source latency
                  0.00    0.00    0.00 ^ i_clk (in)
     1    0.03                           i_clk (net)
                  0.00    0.00    0.00 ^ clkbuf_0_i_clk/A (sky130_fd_sc_hd__clkbuf_16)
                  0.14    0.19    0.19 ^ clkbuf_0_i_clk/X (sky130_fd_sc_hd__clkbuf_16)
    16    0.13                           clknet_0_i_clk (net)
                  0.14    0.00    0.19 ^ clkbuf_4_1_0_i_clk/A (sky130_fd_sc_hd__clkbuf_8)
                  0.08    0.19    0.38 ^ clkbuf_4_1_0_i_clk/X (sky130_fd_sc_hd__clkbuf_8)
    13    0.04                           clknet_4_1_0_i_clk (net)
                  0.08    0.00    0.39 ^ _2116_/CLK (sky130_fd_sc_hd__dfxtp_1)
                          0.50    0.89   clock uncertainty
                          0.00    0.89   clock reconvergence pessimism
                         -0.03    0.86   library hold time
                                  0.86   data required time
-----------------------------------------------------------------------------
                                  0.86   data required time
                                 -1.74   data arrival time
-----------------------------------------------------------------------------
                                  0.89   slack (MET)


Startpoint: _2036_ (rising edge-triggered flip-flop clocked by i_clk)
Endpoint: _2036_ (rising edge-triggered flip-flop clocked by i_clk)
Path Group: i_clk
Path Type: min

Fanout     Cap    Slew   Delay    Time   Description
-----------------------------------------------------------------------------
                          0.00    0.00   clock i_clk (rise edge)
                          0.00    0.00   clock source latency
                  0.00    0.00    0.00 ^ i_clk (in)
     1    0.03                           i_clk (net)
                  0.00    0.00    0.00 ^ clkbuf_0_i_clk/A (sky130_fd_sc_hd__clkbuf_16)
                  0.14    0.19    0.19 ^ clkbuf_0_i_clk/X (sky130_fd_sc_hd__clkbuf_16)
    16    0.13                           clknet_0_i_clk (net)
                  0.14    0.00    0.19 ^ clkbuf_4_14_0_i_clk/A (sky130_fd_sc_hd__clkbuf_8)
                  0.05    0.17    0.36 ^ clkbuf_4_14_0_i_clk/X (sky130_fd_sc_hd__clkbuf_8)
     6    0.02                           clknet_4_14_0_i_clk (net)
                  0.05    0.00    0.36 ^ _2036_/CLK (sky130_fd_sc_hd__dfxtp_1)
                  0.13    0.38    0.75 v _2036_/Q (sky130_fd_sc_hd__dfxtp_1)
     6    0.03                           u_cordic.r_y[3] (net)
                  0.13    0.00    0.75 v hold124/A (sky130_fd_sc_hd__buf_1)
                  0.10    0.18    0.93 v hold124/X (sky130_fd_sc_hd__buf_1)
     4    0.02                           net130 (net)
                  0.10    0.00    0.93 v _1364_/A1 (sky130_fd_sc_hd__o22a_1)
                  0.04    0.22    1.15 v _1364_/X (sky130_fd_sc_hd__o22a_1)
     1    0.00                           _0021_ (net)
                  0.04    0.00    1.15 v hold125/A (sky130_fd_sc_hd__dlygate4sd3_1)
                  0.05    0.54    1.70 v hold125/X (sky130_fd_sc_hd__dlygate4sd3_1)
     1    0.00                           net131 (net)
                  0.05    0.00    1.70 v _2036_/D (sky130_fd_sc_hd__dfxtp_1)
                                  1.70   data arrival time

                          0.00    0.00   clock i_clk (rise edge)
                          0.00    0.00   clock source latency
                  0.00    0.00    0.00 ^ i_clk (in)
     1    0.03                           i_clk (net)
                  0.00    0.00    0.00 ^ clkbuf_0_i_clk/A (sky130_fd_sc_hd__clkbuf_16)
                  0.14    0.19    0.19 ^ clkbuf_0_i_clk/X (sky130_fd_sc_hd__clkbuf_16)
    16    0.13                           clknet_0_i_clk (net)
                  0.14    0.00    0.19 ^ clkbuf_4_14_0_i_clk/A (sky130_fd_sc_hd__clkbuf_8)
                  0.05    0.17    0.36 ^ clkbuf_4_14_0_i_clk/X (sky130_fd_sc_hd__clkbuf_8)
     6    0.02                           clknet_4_14_0_i_clk (net)
                  0.05    0.00    0.36 ^ _2036_/CLK (sky130_fd_sc_hd__dfxtp_1)
                          0.50    0.86   clock uncertainty
                          0.00    0.86   clock reconvergence pessimism
                         -0.05    0.81   library hold time
                                  0.81   data required time
-----------------------------------------------------------------------------
                                  0.81   data required time
                                 -1.70   data arrival time
-----------------------------------------------------------------------------
                                  0.89   slack (MET)


Startpoint: _2150_ (rising edge-triggered flip-flop clocked by i_clk)
Endpoint: _2131_ (rising edge-triggered flip-flop clocked by i_clk)
Path Group: i_clk
Path Type: min

Fanout     Cap    Slew   Delay    Time   Description
-----------------------------------------------------------------------------
                          0.00    0.00   clock i_clk (rise edge)
                          0.00    0.00   clock source latency
                  0.00    0.00    0.00 ^ i_clk (in)
     1    0.03                           i_clk (net)
                  0.00    0.00    0.00 ^ clkbuf_0_i_clk/A (sky130_fd_sc_hd__clkbuf_16)
                  0.14    0.19    0.19 ^ clkbuf_0_i_clk/X (sky130_fd_sc_hd__clkbuf_16)
    16    0.13                           clknet_0_i_clk (net)
                  0.14    0.00    0.19 ^ clkbuf_4_13_0_i_clk/A (sky130_fd_sc_hd__clkbuf_8)
                  0.07    0.18    0.37 ^ clkbuf_4_13_0_i_clk/X (sky130_fd_sc_hd__clkbuf_8)
     9    0.03                           clknet_4_13_0_i_clk (net)
                  0.07    0.00    0.37 ^ _2150_/CLK (sky130_fd_sc_hd__dfxtp_1)
                  0.13    0.37    0.75 ^ _2150_/Q (sky130_fd_sc_hd__dfxtp_1)
     5    0.01                           u_cordic.i_angle[15] (net)
                  0.13    0.00    0.75 ^ _1858_/B1 (sky130_fd_sc_hd__a21o_1)
                  0.06    0.11    0.86 ^ _1858_/X (sky130_fd_sc_hd__a21o_1)
     1    0.01                           _0296_ (net)
                  0.06    0.00    0.86 ^ _1869_/A2 (sky130_fd_sc_hd__a22o_1)
                  0.05    0.13    0.99 ^ _1869_/X (sky130_fd_sc_hd__a22o_1)
     1    0.00                           _0307_ (net)
                  0.05    0.00    0.99 ^ _1870_/A1 (sky130_fd_sc_hd__mux2_1)
                  0.04    0.12    1.11 ^ _1870_/X (sky130_fd_sc_hd__mux2_1)
     1    0.00                           _0308_ (net)
                  0.04    0.00    1.11 ^ hold184/A (sky130_fd_sc_hd__dlygate4sd3_1)
                  0.05    0.53    1.65 ^ hold184/X (sky130_fd_sc_hd__dlygate4sd3_1)
     1    0.00                           net190 (net)
                  0.05    0.00    1.65 ^ _1871_/A (sky130_fd_sc_hd__clkbuf_1)
                  0.05    0.09    1.73 ^ _1871_/X (sky130_fd_sc_hd__clkbuf_1)
     1    0.00                           _0107_ (net)
                  0.05    0.00    1.73 ^ _2131_/D (sky130_fd_sc_hd__dfxtp_1)
                                  1.73   data arrival time

                          0.00    0.00   clock i_clk (rise edge)
                          0.00    0.00   clock source latency
                  0.00    0.00    0.00 ^ i_clk (in)
     1    0.03                           i_clk (net)
                  0.00    0.00    0.00 ^ clkbuf_0_i_clk/A (sky130_fd_sc_hd__clkbuf_16)
                  0.14    0.19    0.19 ^ clkbuf_0_i_clk/X (sky130_fd_sc_hd__clkbuf_16)
    16    0.13                           clknet_0_i_clk (net)
                  0.14    0.00    0.19 ^ clkbuf_4_12_0_i_clk/A (sky130_fd_sc_hd__clkbuf_8)
                  0.06    0.17    0.37 ^ clkbuf_4_12_0_i_clk/X (sky130_fd_sc_hd__clkbuf_8)
     6    0.03                           clknet_4_12_0_i_clk (net)
                  0.06    0.00    0.37 ^ _2131_/CLK (sky130_fd_sc_hd__dfxtp_1)
                          0.50    0.87   clock uncertainty
                          0.00    0.87   clock reconvergence pessimism
                         -0.03    0.84   library hold time
                                  0.84   data required time
-----------------------------------------------------------------------------
                                  0.84   data required time
                                 -1.73   data arrival time
-----------------------------------------------------------------------------
                                  0.89   slack (MET)


Startpoint: _2032_ (rising edge-triggered flip-flop clocked by i_clk)
Endpoint: _2032_ (rising edge-triggered flip-flop clocked by i_clk)
Path Group: i_clk
Path Type: min

Fanout     Cap    Slew   Delay    Time   Description
-----------------------------------------------------------------------------
                          0.00    0.00   clock i_clk (rise edge)
                          0.00    0.00   clock source latency
                  0.00    0.00    0.00 ^ i_clk (in)
     1    0.03                           i_clk (net)
                  0.00    0.00    0.00 ^ clkbuf_0_i_clk/A (sky130_fd_sc_hd__clkbuf_16)
                  0.14    0.19    0.19 ^ clkbuf_0_i_clk/X (sky130_fd_sc_hd__clkbuf_16)
    16    0.13                           clknet_0_i_clk (net)
                  0.14    0.00    0.19 ^ clkbuf_4_6_0_i_clk/A (sky130_fd_sc_hd__clkbuf_8)
                  0.07    0.18    0.38 ^ clkbuf_4_6_0_i_clk/X (sky130_fd_sc_hd__clkbuf_8)
    11    0.03                           clknet_4_6_0_i_clk (net)
                  0.07    0.00    0.38 ^ _2032_/CLK (sky130_fd_sc_hd__dfxtp_1)
                  0.19    0.42    0.80 ^ _2032_/Q (sky130_fd_sc_hd__dfxtp_1)
     6    0.02                           u_cordic.r_x[17] (net)
                  0.19    0.00    0.80 ^ _1289_/A (sky130_fd_sc_hd__buf_4)
                  0.17    0.25    1.06 ^ _1289_/X (sky130_fd_sc_hd__buf_4)
    10    0.06                           _0671_ (net)
                  0.17    0.00    1.06 ^ _1294_/B2 (sky130_fd_sc_hd__a32o_1)
                  0.06    0.16    1.22 ^ _1294_/X (sky130_fd_sc_hd__a32o_1)
     1    0.00                           _0017_ (net)
                  0.06    0.00    1.22 ^ hold227/A (sky130_fd_sc_hd__dlygate4sd3_1)
                  0.05    0.53    1.75 ^ hold227/X (sky130_fd_sc_hd__dlygate4sd3_1)
     1    0.00                           net233 (net)
                  0.05    0.00    1.75 ^ _2032_/D (sky130_fd_sc_hd__dfxtp_1)
                                  1.75   data arrival time

                          0.00    0.00   clock i_clk (rise edge)
                          0.00    0.00   clock source latency
                  0.00    0.00    0.00 ^ i_clk (in)
     1    0.03                           i_clk (net)
                  0.00    0.00    0.00 ^ clkbuf_0_i_clk/A (sky130_fd_sc_hd__clkbuf_16)
                  0.14    0.19    0.19 ^ clkbuf_0_i_clk/X (sky130_fd_sc_hd__clkbuf_16)
    16    0.13                           clknet_0_i_clk (net)
                  0.14    0.00    0.19 ^ clkbuf_4_6_0_i_clk/A (sky130_fd_sc_hd__clkbuf_8)
                  0.07    0.18    0.38 ^ clkbuf_4_6_0_i_clk/X (sky130_fd_sc_hd__clkbuf_8)
    11    0.03                           clknet_4_6_0_i_clk (net)
                  0.07    0.00    0.38 ^ _2032_/CLK (sky130_fd_sc_hd__dfxtp_1)
                          0.50    0.88   clock uncertainty
                          0.00    0.88   clock reconvergence pessimism
                         -0.03    0.85   library hold time
                                  0.85   data required time
-----------------------------------------------------------------------------
                                  0.85   data required time
                                 -1.75   data arrival time
-----------------------------------------------------------------------------
                                  0.90   slack (MET)


Startpoint: _2028_ (rising edge-triggered flip-flop clocked by i_clk)
Endpoint: _2028_ (rising edge-triggered flip-flop clocked by i_clk)
Path Group: i_clk
Path Type: min

Fanout     Cap    Slew   Delay    Time   Description
-----------------------------------------------------------------------------
                          0.00    0.00   clock i_clk (rise edge)
                          0.00    0.00   clock source latency
                  0.00    0.00    0.00 ^ i_clk (in)
     1    0.03                           i_clk (net)
                  0.00    0.00    0.00 ^ clkbuf_0_i_clk/A (sky130_fd_sc_hd__clkbuf_16)
                  0.14    0.19    0.19 ^ clkbuf_0_i_clk/X (sky130_fd_sc_hd__clkbuf_16)
    16    0.13                           clknet_0_i_clk (net)
                  0.14    0.00    0.19 ^ clkbuf_4_1_0_i_clk/A (sky130_fd_sc_hd__clkbuf_8)
                  0.08    0.19    0.38 ^ clkbuf_4_1_0_i_clk/X (sky130_fd_sc_hd__clkbuf_8)
    13    0.04                           clknet_4_1_0_i_clk (net)
                  0.08    0.00    0.39 ^ _2028_/CLK (sky130_fd_sc_hd__dfxtp_1)
                  0.16    0.41    0.80 v _2028_/Q (sky130_fd_sc_hd__dfxtp_1)
     6    0.03                           u_cordic.r_x[12] (net)
                  0.16    0.00    0.80 v hold134/A (sky130_fd_sc_hd__buf_1)
                  0.08    0.18    0.97 v hold134/X (sky130_fd_sc_hd__buf_1)
     4    0.01                           net140 (net)
                  0.08    0.00    0.97 v _1243_/B2 (sky130_fd_sc_hd__a32o_1)
                  0.04    0.22    1.20 v _1243_/X (sky130_fd_sc_hd__a32o_1)
     1    0.00                           _0013_ (net)
                  0.04    0.00    1.20 v hold135/A (sky130_fd_sc_hd__dlygate4sd3_1)
                  0.05    0.55    1.74 v hold135/X (sky130_fd_sc_hd__dlygate4sd3_1)
     1    0.00                           net141 (net)
                  0.05    0.00    1.74 v _2028_/D (sky130_fd_sc_hd__dfxtp_1)
                                  1.74   data arrival time

                          0.00    0.00   clock i_clk (rise edge)
                          0.00    0.00   clock source latency
                  0.00    0.00    0.00 ^ i_clk (in)
     1    0.03                           i_clk (net)
                  0.00    0.00    0.00 ^ clkbuf_0_i_clk/A (sky130_fd_sc_hd__clkbuf_16)
                  0.14    0.19    0.19 ^ clkbuf_0_i_clk/X (sky130_fd_sc_hd__clkbuf_16)
    16    0.13                           clknet_0_i_clk (net)
                  0.14    0.00    0.19 ^ clkbuf_4_1_0_i_clk/A (sky130_fd_sc_hd__clkbuf_8)
                  0.08    0.19    0.38 ^ clkbuf_4_1_0_i_clk/X (sky130_fd_sc_hd__clkbuf_8)
    13    0.04                           clknet_4_1_0_i_clk (net)
                  0.08    0.00    0.39 ^ _2028_/CLK (sky130_fd_sc_hd__dfxtp_1)
                          0.50    0.89   clock uncertainty
                          0.00    0.89   clock reconvergence pessimism
                         -0.05    0.84   library hold time
                                  0.84   data required time
-----------------------------------------------------------------------------
                                  0.84   data required time
                                 -1.74   data arrival time
-----------------------------------------------------------------------------
                                  0.91   slack (MET)


Startpoint: _2028_ (rising edge-triggered flip-flop clocked by i_clk)
Endpoint: _2107_ (rising edge-triggered flip-flop clocked by i_clk)
Path Group: i_clk
Path Type: min

Fanout     Cap    Slew   Delay    Time   Description
-----------------------------------------------------------------------------
                          0.00    0.00   clock i_clk (rise edge)
                          0.00    0.00   clock source latency
                  0.00    0.00    0.00 ^ i_clk (in)
     1    0.03                           i_clk (net)
                  0.00    0.00    0.00 ^ clkbuf_0_i_clk/A (sky130_fd_sc_hd__clkbuf_16)
                  0.14    0.19    0.19 ^ clkbuf_0_i_clk/X (sky130_fd_sc_hd__clkbuf_16)
    16    0.13                           clknet_0_i_clk (net)
                  0.14    0.00    0.19 ^ clkbuf_4_1_0_i_clk/A (sky130_fd_sc_hd__clkbuf_8)
                  0.08    0.19    0.38 ^ clkbuf_4_1_0_i_clk/X (sky130_fd_sc_hd__clkbuf_8)
    13    0.04                           clknet_4_1_0_i_clk (net)
                  0.08    0.00    0.39 ^ _2028_/CLK (sky130_fd_sc_hd__dfxtp_1)
                  0.16    0.41    0.80 v _2028_/Q (sky130_fd_sc_hd__dfxtp_1)
     6    0.03                           u_cordic.r_x[12] (net)
                  0.16    0.00    0.80 v _1681_/A (sky130_fd_sc_hd__and2_1)
                  0.05    0.20    0.99 v _1681_/X (sky130_fd_sc_hd__and2_1)
     1    0.01                           _1002_ (net)
                  0.05    0.00    0.99 v _1682_/B2 (sky130_fd_sc_hd__o221a_1)
                  0.03    0.20    1.19 v _1682_/X (sky130_fd_sc_hd__o221a_1)
     1    0.00                           _0083_ (net)
                  0.03    0.00    1.19 v hold21/A (sky130_fd_sc_hd__dlygate4sd3_1)
                  0.06    0.55    1.74 v hold21/X (sky130_fd_sc_hd__dlygate4sd3_1)
     1    0.00                           net27 (net)
                  0.06    0.00    1.74 v _2107_/D (sky130_fd_sc_hd__dfxtp_1)
                                  1.74   data arrival time

                          0.00    0.00   clock i_clk (rise edge)
                          0.00    0.00   clock source latency
                  0.00    0.00    0.00 ^ i_clk (in)
     1    0.03                           i_clk (net)
                  0.00    0.00    0.00 ^ clkbuf_0_i_clk/A (sky130_fd_sc_hd__clkbuf_16)
                  0.14    0.19    0.19 ^ clkbuf_0_i_clk/X (sky130_fd_sc_hd__clkbuf_16)
    16    0.13                           clknet_0_i_clk (net)
                  0.14    0.01    0.19 ^ clkbuf_4_3_0_i_clk/A (sky130_fd_sc_hd__clkbuf_8)
                  0.08    0.19    0.38 ^ clkbuf_4_3_0_i_clk/X (sky130_fd_sc_hd__clkbuf_8)
    11    0.04                           clknet_4_3_0_i_clk (net)
                  0.08    0.00    0.38 ^ _2107_/CLK (sky130_fd_sc_hd__dfxtp_1)
                          0.50    0.88   clock uncertainty
                          0.00    0.88   clock reconvergence pessimism
                         -0.05    0.83   library hold time
                                  0.83   data required time
-----------------------------------------------------------------------------
                                  0.83   data required time
                                 -1.74   data arrival time
-----------------------------------------------------------------------------
                                  0.91   slack (MET)


Startpoint: _2026_ (rising edge-triggered flip-flop clocked by i_clk)
Endpoint: _2060_ (rising edge-triggered flip-flop clocked by i_clk)
Path Group: i_clk
Path Type: min

Fanout     Cap    Slew   Delay    Time   Description
-----------------------------------------------------------------------------
                          0.00    0.00   clock i_clk (rise edge)
                          0.00    0.00   clock source latency
                  0.00    0.00    0.00 ^ i_clk (in)
     1    0.03                           i_clk (net)
                  0.00    0.00    0.00 ^ clkbuf_0_i_clk/A (sky130_fd_sc_hd__clkbuf_16)
                  0.14    0.19    0.19 ^ clkbuf_0_i_clk/X (sky130_fd_sc_hd__clkbuf_16)
    16    0.13                           clknet_0_i_clk (net)
                  0.14    0.00    0.19 ^ clkbuf_4_10_0_i_clk/A (sky130_fd_sc_hd__clkbuf_8)
                  0.06    0.17    0.37 ^ clkbuf_4_10_0_i_clk/X (sky130_fd_sc_hd__clkbuf_8)
     7    0.02                           clknet_4_10_0_i_clk (net)
                  0.06    0.00    0.37 ^ _2026_/CLK (sky130_fd_sc_hd__dfxtp_1)
                  0.11    0.37    0.74 v _2026_/Q (sky130_fd_sc_hd__dfxtp_1)
     7    0.02                           u_cordic.r_x[6] (net)
                  0.11    0.00    0.74 v _1188_/A (sky130_fd_sc_hd__nand2_1)
                  0.10    0.13    0.86 ^ _1188_/Y (sky130_fd_sc_hd__nand2_1)
     3    0.01                           _0575_ (net)
                  0.10    0.00    0.86 ^ _1583_/A (sky130_fd_sc_hd__and3_1)
                  0.05    0.15    1.02 ^ _1583_/X (sky130_fd_sc_hd__and3_1)
     1    0.00                           _0940_ (net)
                  0.05    0.00    1.02 ^ _1584_/A2 (sky130_fd_sc_hd__o21a_1)
                  0.05    0.11    1.13 ^ _1584_/X (sky130_fd_sc_hd__o21a_1)
     1    0.00                           _0941_ (net)
                  0.05    0.00    1.13 ^ _1585_/B2 (sky130_fd_sc_hd__o22a_1)
                  0.04    0.11    1.24 ^ _1585_/X (sky130_fd_sc_hd__o22a_1)
     1    0.00                           _0042_ (net)
                  0.04    0.00    1.24 ^ hold128/A (sky130_fd_sc_hd__dlygate4sd3_1)
                  0.05    0.53    1.77 ^ hold128/X (sky130_fd_sc_hd__dlygate4sd3_1)
     1    0.00                           net134 (net)
                  0.05    0.00    1.77 ^ _2060_/D (sky130_fd_sc_hd__dfxtp_1)
                                  1.77   data arrival time

                          0.00    0.00   clock i_clk (rise edge)
                          0.00    0.00   clock source latency
                  0.00    0.00    0.00 ^ i_clk (in)
     1    0.03                           i_clk (net)
                  0.00    0.00    0.00 ^ clkbuf_0_i_clk/A (sky130_fd_sc_hd__clkbuf_16)
                  0.14    0.19    0.19 ^ clkbuf_0_i_clk/X (sky130_fd_sc_hd__clkbuf_16)
    16    0.13                           clknet_0_i_clk (net)
                  0.14    0.00    0.19 ^ clkbuf_4_9_0_i_clk/A (sky130_fd_sc_hd__clkbuf_8)
                  0.08    0.18    0.38 ^ clkbuf_4_9_0_i_clk/X (sky130_fd_sc_hd__clkbuf_8)
    11    0.04                           clknet_4_9_0_i_clk (net)
                  0.08    0.00    0.38 ^ _2060_/CLK (sky130_fd_sc_hd__dfxtp_1)
                          0.50    0.88   clock uncertainty
                          0.00    0.88   clock reconvergence pessimism
                         -0.03    0.85   library hold time
                                  0.85   data required time
-----------------------------------------------------------------------------
                                  0.85   data required time
                                 -1.77   data arrival time
-----------------------------------------------------------------------------
                                  0.92   slack (MET)


Startpoint: _2112_ (rising edge-triggered flip-flop clocked by i_clk)
Endpoint: _2162_ (rising edge-triggered flip-flop clocked by i_clk)
Path Group: i_clk
Path Type: min

Fanout     Cap    Slew   Delay    Time   Description
-----------------------------------------------------------------------------
                          0.00    0.00   clock i_clk (rise edge)
                          0.00    0.00   clock source latency
                  0.00    0.00    0.00 ^ i_clk (in)
     1    0.03                           i_clk (net)
                  0.00    0.00    0.00 ^ clkbuf_0_i_clk/A (sky130_fd_sc_hd__clkbuf_16)
                  0.14    0.19    0.19 ^ clkbuf_0_i_clk/X (sky130_fd_sc_hd__clkbuf_16)
    16    0.13                           clknet_0_i_clk (net)
                  0.14    0.00    0.19 ^ clkbuf_4_1_0_i_clk/A (sky130_fd_sc_hd__clkbuf_8)
                  0.08    0.19    0.38 ^ clkbuf_4_1_0_i_clk/X (sky130_fd_sc_hd__clkbuf_8)
    13    0.04                           clknet_4_1_0_i_clk (net)
                  0.08    0.00    0.39 ^ _2112_/CLK (sky130_fd_sc_hd__dfxtp_2)
                  0.10    0.39    0.78 v _2112_/Q (sky130_fd_sc_hd__dfxtp_2)
     8    0.04                           r_word_sel (net)
                  0.10    0.00    0.78 v _1986_/S (sky130_fd_sc_hd__mux2_1)
                  0.04    0.22    1.00 ^ _1986_/X (sky130_fd_sc_hd__mux2_1)
     1    0.00                           _0393_ (net)
                  0.04    0.00    1.00 ^ _1987_/A1 (sky130_fd_sc_hd__mux2_1)
                  0.05    0.13    1.12 ^ _1987_/X (sky130_fd_sc_hd__mux2_1)
     1    0.00                           _0394_ (net)
                  0.05    0.00    1.12 ^ _1989_/A2 (sky130_fd_sc_hd__o211a_1)
                  0.04    0.13    1.25 ^ _1989_/X (sky130_fd_sc_hd__o211a_1)
     1    0.00                           _0138_ (net)
                  0.04    0.00    1.25 ^ hold119/A (sky130_fd_sc_hd__dlygate4sd3_1)
                  0.06    0.53    1.78 ^ hold119/X (sky130_fd_sc_hd__dlygate4sd3_1)
     1    0.00                           net125 (net)
                  0.06    0.00    1.78 ^ _2162_/D (sky130_fd_sc_hd__dfxtp_1)
                                  1.78   data arrival time

                          0.00    0.00   clock i_clk (rise edge)
                          0.00    0.00   clock source latency
                  0.00    0.00    0.00 ^ i_clk (in)
     1    0.03                           i_clk (net)
                  0.00    0.00    0.00 ^ clkbuf_0_i_clk/A (sky130_fd_sc_hd__clkbuf_16)
                  0.14    0.19    0.19 ^ clkbuf_0_i_clk/X (sky130_fd_sc_hd__clkbuf_16)
    16    0.13                           clknet_0_i_clk (net)
                  0.14    0.01    0.19 ^ clkbuf_4_3_0_i_clk/A (sky130_fd_sc_hd__clkbuf_8)
                  0.08    0.19    0.38 ^ clkbuf_4_3_0_i_clk/X (sky130_fd_sc_hd__clkbuf_8)
    11    0.04                           clknet_4_3_0_i_clk (net)
                  0.08    0.00    0.38 ^ _2162_/CLK (sky130_fd_sc_hd__dfxtp_1)
                          0.50    0.88   clock uncertainty
                          0.00    0.88   clock reconvergence pessimism
                         -0.03    0.85   library hold time
                                  0.85   data required time
-----------------------------------------------------------------------------
                                  0.85   data required time
                                 -1.78   data arrival time
-----------------------------------------------------------------------------
                                  0.93   slack (MET)


Startpoint: _2112_ (rising edge-triggered flip-flop clocked by i_clk)
Endpoint: _2165_ (rising edge-triggered flip-flop clocked by i_clk)
Path Group: i_clk
Path Type: min

Fanout     Cap    Slew   Delay    Time   Description
-----------------------------------------------------------------------------
                          0.00    0.00   clock i_clk (rise edge)
                          0.00    0.00   clock source latency
                  0.00    0.00    0.00 ^ i_clk (in)
     1    0.03                           i_clk (net)
                  0.00    0.00    0.00 ^ clkbuf_0_i_clk/A (sky130_fd_sc_hd__clkbuf_16)
                  0.14    0.19    0.19 ^ clkbuf_0_i_clk/X (sky130_fd_sc_hd__clkbuf_16)
    16    0.13                           clknet_0_i_clk (net)
                  0.14    0.00    0.19 ^ clkbuf_4_1_0_i_clk/A (sky130_fd_sc_hd__clkbuf_8)
                  0.08    0.19    0.38 ^ clkbuf_4_1_0_i_clk/X (sky130_fd_sc_hd__clkbuf_8)
    13    0.04                           clknet_4_1_0_i_clk (net)
                  0.08    0.00    0.39 ^ _2112_/CLK (sky130_fd_sc_hd__dfxtp_2)
                  0.10    0.39    0.78 v _2112_/Q (sky130_fd_sc_hd__dfxtp_2)
     8    0.04                           r_word_sel (net)
                  0.10    0.00    0.78 v _1998_/S (sky130_fd_sc_hd__mux2_1)
                  0.04    0.22    1.00 ^ _1998_/X (sky130_fd_sc_hd__mux2_1)
     1    0.00                           _0402_ (net)
                  0.04    0.00    1.00 ^ _1999_/A1 (sky130_fd_sc_hd__mux2_1)
                  0.04    0.12    1.12 ^ _1999_/X (sky130_fd_sc_hd__mux2_1)
     1    0.00                           _0403_ (net)
                  0.04    0.00    1.12 ^ _2001_/A2 (sky130_fd_sc_hd__o211a_1)
                  0.04    0.12    1.24 ^ _2001_/X (sky130_fd_sc_hd__o211a_1)
     1    0.00                           _0141_ (net)
                  0.04    0.00    1.24 ^ hold123/A (sky130_fd_sc_hd__dlygate4sd3_1)
                  0.06    0.54    1.78 ^ hold123/X (sky130_fd_sc_hd__dlygate4sd3_1)
     1    0.00                           net129 (net)
                  0.06    0.00    1.78 ^ _2165_/D (sky130_fd_sc_hd__dfxtp_1)
                                  1.78   data arrival time

                          0.00    0.00   clock i_clk (rise edge)
                          0.00    0.00   clock source latency
                  0.00    0.00    0.00 ^ i_clk (in)
     1    0.03                           i_clk (net)
                  0.00    0.00    0.00 ^ clkbuf_0_i_clk/A (sky130_fd_sc_hd__clkbuf_16)
                  0.14    0.19    0.19 ^ clkbuf_0_i_clk/X (sky130_fd_sc_hd__clkbuf_16)
    16    0.13                           clknet_0_i_clk (net)
                  0.14    0.00    0.19 ^ clkbuf_4_0_0_i_clk/A (sky130_fd_sc_hd__clkbuf_8)
                  0.07    0.18    0.38 ^ clkbuf_4_0_0_i_clk/X (sky130_fd_sc_hd__clkbuf_8)
    11    0.03                           clknet_4_0_0_i_clk (net)
                  0.07    0.00    0.38 ^ _2165_/CLK (sky130_fd_sc_hd__dfxtp_1)
                          0.50    0.88   clock uncertainty
                          0.00    0.88   clock reconvergence pessimism
                         -0.03    0.85   library hold time
                                  0.85   data required time
-----------------------------------------------------------------------------
                                  0.85   data required time
                                 -1.78   data arrival time
-----------------------------------------------------------------------------
                                  0.94   slack (MET)


Startpoint: _2112_ (rising edge-triggered flip-flop clocked by i_clk)
Endpoint: _2164_ (rising edge-triggered flip-flop clocked by i_clk)
Path Group: i_clk
Path Type: min

Fanout     Cap    Slew   Delay    Time   Description
-----------------------------------------------------------------------------
                          0.00    0.00   clock i_clk (rise edge)
                          0.00    0.00   clock source latency
                  0.00    0.00    0.00 ^ i_clk (in)
     1    0.03                           i_clk (net)
                  0.00    0.00    0.00 ^ clkbuf_0_i_clk/A (sky130_fd_sc_hd__clkbuf_16)
                  0.14    0.19    0.19 ^ clkbuf_0_i_clk/X (sky130_fd_sc_hd__clkbuf_16)
    16    0.13                           clknet_0_i_clk (net)
                  0.14    0.00    0.19 ^ clkbuf_4_1_0_i_clk/A (sky130_fd_sc_hd__clkbuf_8)
                  0.08    0.19    0.38 ^ clkbuf_4_1_0_i_clk/X (sky130_fd_sc_hd__clkbuf_8)
    13    0.04                           clknet_4_1_0_i_clk (net)
                  0.08    0.00    0.39 ^ _2112_/CLK (sky130_fd_sc_hd__dfxtp_2)
                  0.10    0.39    0.78 v _2112_/Q (sky130_fd_sc_hd__dfxtp_2)
     8    0.04                           r_word_sel (net)
                  0.10    0.00    0.78 v _1994_/S (sky130_fd_sc_hd__mux2_1)
                  0.06    0.23    1.01 ^ _1994_/X (sky130_fd_sc_hd__mux2_1)
     1    0.00                           _0399_ (net)
                  0.06    0.00    1.01 ^ _1995_/A1 (sky130_fd_sc_hd__mux2_1)
                  0.05    0.13    1.14 ^ _1995_/X (sky130_fd_sc_hd__mux2_1)
     1    0.00                           _0400_ (net)
                  0.05    0.00    1.14 ^ _1997_/A2 (sky130_fd_sc_hd__o211a_1)
                  0.04    0.12    1.27 ^ _1997_/X (sky130_fd_sc_hd__o211a_1)
     1    0.00                           _0140_ (net)
                  0.04    0.00    1.27 ^ hold121/A (sky130_fd_sc_hd__dlygate4sd3_1)
                  0.06    0.54    1.80 ^ hold121/X (sky130_fd_sc_hd__dlygate4sd3_1)
     1    0.00                           net127 (net)
                  0.06    0.00    1.80 ^ _2164_/D (sky130_fd_sc_hd__dfxtp_1)
                                  1.80   data arrival time

                          0.00    0.00   clock i_clk (rise edge)
                          0.00    0.00   clock source latency
                  0.00    0.00    0.00 ^ i_clk (in)
     1    0.03                           i_clk (net)
                  0.00    0.00    0.00 ^ clkbuf_0_i_clk/A (sky130_fd_sc_hd__clkbuf_16)
                  0.14    0.19    0.19 ^ clkbuf_0_i_clk/X (sky130_fd_sc_hd__clkbuf_16)
    16    0.13                           clknet_0_i_clk (net)
                  0.14    0.01    0.19 ^ clkbuf_4_2_0_i_clk/A (sky130_fd_sc_hd__clkbuf_8)
                  0.07    0.18    0.37 ^ clkbuf_4_2_0_i_clk/X (sky130_fd_sc_hd__clkbuf_8)
     8    0.03                           clknet_4_2_0_i_clk (net)
                  0.07    0.00    0.38 ^ _2164_/CLK (sky130_fd_sc_hd__dfxtp_1)
                          0.50    0.88   clock uncertainty
                          0.00    0.88   clock reconvergence pessimism
                         -0.03    0.85   library hold time
                                  0.85   data required time
-----------------------------------------------------------------------------
                                  0.85   data required time
                                 -1.80   data arrival time
-----------------------------------------------------------------------------
                                  0.96   slack (MET)


Startpoint: _2169_ (rising edge-triggered flip-flop clocked by i_clk)
Endpoint: _2145_ (rising edge-triggered flip-flop clocked by i_clk)
Path Group: i_clk
Path Type: min

Fanout     Cap    Slew   Delay    Time   Description
-----------------------------------------------------------------------------
                          0.00    0.00   clock i_clk (rise edge)
                          0.00    0.00   clock source latency
                  0.00    0.00    0.00 ^ i_clk (in)
     1    0.03                           i_clk (net)
                  0.00    0.00    0.00 ^ clkbuf_0_i_clk/A (sky130_fd_sc_hd__clkbuf_16)
                  0.14    0.19    0.19 ^ clkbuf_0_i_clk/X (sky130_fd_sc_hd__clkbuf_16)
    16    0.13                           clknet_0_i_clk (net)
                  0.14    0.00    0.19 ^ clkbuf_4_0_0_i_clk/A (sky130_fd_sc_hd__clkbuf_8)
                  0.07    0.18    0.38 ^ clkbuf_4_0_0_i_clk/X (sky130_fd_sc_hd__clkbuf_8)
    11    0.03                           clknet_4_0_0_i_clk (net)
                  0.07    0.00    0.38 ^ _2169_/CLK (sky130_fd_sc_hd__dfxtp_1)
                  0.11    0.36    0.74 ^ _2169_/Q (sky130_fd_sc_hd__dfxtp_1)
     3    0.01                           u_spi_target.r_sck_sync[2] (net)
                  0.11    0.00    0.74 ^ _1893_/B (sky130_fd_sc_hd__or3b_1)
                  0.12    0.18    0.92 ^ _1893_/X (sky130_fd_sc_hd__or3b_1)
     1    0.01                           _0327_ (net)
                  0.12    0.00    0.92 ^ _1894_/A (sky130_fd_sc_hd__buf_2)
                  0.19    0.24    1.16 ^ _1894_/X (sky130_fd_sc_hd__buf_2)
     7    0.04                           _0328_ (net)
                  0.19    0.00    1.16 ^ _1919_/A2 (sky130_fd_sc_hd__o211a_1)
                  0.04    0.15    1.31 ^ _1919_/X (sky130_fd_sc_hd__o211a_1)
     1    0.00                           _0121_ (net)
                  0.04    0.00    1.31 ^ hold96/A (sky130_fd_sc_hd__dlygate4sd3_1)
                  0.05    0.53    1.85 ^ hold96/X (sky130_fd_sc_hd__dlygate4sd3_1)
     1    0.00                           net102 (net)
                  0.05    0.00    1.85 ^ _2145_/D (sky130_fd_sc_hd__dfxtp_1)
                                  1.85   data arrival time

                          0.00    0.00   clock i_clk (rise edge)
                          0.00    0.00   clock source latency
                  0.00    0.00    0.00 ^ i_clk (in)
     1    0.03                           i_clk (net)
                  0.00    0.00    0.00 ^ clkbuf_0_i_clk/A (sky130_fd_sc_hd__clkbuf_16)
                  0.14    0.19    0.19 ^ clkbuf_0_i_clk/X (sky130_fd_sc_hd__clkbuf_16)
    16    0.13                           clknet_0_i_clk (net)
                  0.14    0.00    0.19 ^ clkbuf_4_7_0_i_clk/A (sky130_fd_sc_hd__clkbuf_8)
                  0.11    0.21    0.40 ^ clkbuf_4_7_0_i_clk/X (sky130_fd_sc_hd__clkbuf_8)
    16    0.06                           clknet_4_7_0_i_clk (net)
                  0.11    0.00    0.40 ^ _2145_/CLK (sky130_fd_sc_hd__dfxtp_1)
                          0.50    0.90   clock uncertainty
                          0.00    0.90   clock reconvergence pessimism
                         -0.02    0.88   library hold time
                                  0.88   data required time
-----------------------------------------------------------------------------
                                  0.88   data required time
                                 -1.85   data arrival time
-----------------------------------------------------------------------------
                                  0.97   slack (MET)


Startpoint: _2061_ (rising edge-triggered flip-flop clocked by i_clk)
Endpoint: _2027_ (rising edge-triggered flip-flop clocked by i_clk)
Path Group: i_clk
Path Type: min

Fanout     Cap    Slew   Delay    Time   Description
-----------------------------------------------------------------------------
                          0.00    0.00   clock i_clk (rise edge)
                          0.00    0.00   clock source latency
                  0.00    0.00    0.00 ^ i_clk (in)
     1    0.03                           i_clk (net)
                  0.00    0.00    0.00 ^ clkbuf_0_i_clk/A (sky130_fd_sc_hd__clkbuf_16)
                  0.14    0.19    0.19 ^ clkbuf_0_i_clk/X (sky130_fd_sc_hd__clkbuf_16)
    16    0.13                           clknet_0_i_clk (net)
                  0.14    0.00    0.19 ^ clkbuf_4_9_0_i_clk/A (sky130_fd_sc_hd__clkbuf_8)
                  0.08    0.18    0.38 ^ clkbuf_4_9_0_i_clk/X (sky130_fd_sc_hd__clkbuf_8)
    11    0.04                           clknet_4_9_0_i_clk (net)
                  0.08    0.00    0.38 ^ _2061_/CLK (sky130_fd_sc_hd__dfxtp_1)
                  0.10    0.37    0.75 v _2061_/Q (sky130_fd_sc_hd__dfxtp_1)
     8    0.02                           u_cordic.r_x[8] (net)
                  0.10    0.00    0.75 v _1187_/B (sky130_fd_sc_hd__and2b_1)
                  0.09    0.24    0.99 v _1187_/X (sky130_fd_sc_hd__and2b_1)
     4    0.02                           _0574_ (net)
                  0.09    0.00    0.99 v _1204_/A (sky130_fd_sc_hd__inv_2)
                  0.04    0.06    1.05 ^ _1204_/Y (sky130_fd_sc_hd__inv_2)
     1    0.00                           _0591_ (net)
                  0.04    0.00    1.05 ^ _1205_/A1 (sky130_fd_sc_hd__a21bo_1)
                  0.04    0.10    1.15 ^ _1205_/X (sky130_fd_sc_hd__a21bo_1)
     1    0.00                           _0592_ (net)
                  0.04    0.00    1.15 ^ _1206_/A3 (sky130_fd_sc_hd__a32o_1)
                  0.04    0.15    1.29 ^ _1206_/X (sky130_fd_sc_hd__a32o_1)
     1    0.00                           _0012_ (net)
                  0.04    0.00    1.29 ^ hold172/A (sky130_fd_sc_hd__dlygate4sd3_1)
                  0.05    0.53    1.82 ^ hold172/X (sky130_fd_sc_hd__dlygate4sd3_1)
     1    0.00                           net178 (net)
                  0.05    0.00    1.82 ^ _2027_/D (sky130_fd_sc_hd__dfxtp_1)
                                  1.82   data arrival time

                          0.00    0.00   clock i_clk (rise edge)
                          0.00    0.00   clock source latency
                  0.00    0.00    0.00 ^ i_clk (in)
     1    0.03                           i_clk (net)
                  0.00    0.00    0.00 ^ clkbuf_0_i_clk/A (sky130_fd_sc_hd__clkbuf_16)
                  0.14    0.19    0.19 ^ clkbuf_0_i_clk/X (sky130_fd_sc_hd__clkbuf_16)
    16    0.13                           clknet_0_i_clk (net)
                  0.14    0.01    0.19 ^ clkbuf_4_3_0_i_clk/A (sky130_fd_sc_hd__clkbuf_8)
                  0.08    0.19    0.38 ^ clkbuf_4_3_0_i_clk/X (sky130_fd_sc_hd__clkbuf_8)
    11    0.04                           clknet_4_3_0_i_clk (net)
                  0.08    0.00    0.38 ^ _2027_/CLK (sky130_fd_sc_hd__dfxtp_1)
                          0.50    0.88   clock uncertainty
                          0.00    0.88   clock reconvergence pessimism
                         -0.03    0.85   library hold time
                                  0.85   data required time
-----------------------------------------------------------------------------
                                  0.85   data required time
                                 -1.82   data arrival time
-----------------------------------------------------------------------------
                                  0.97   slack (MET)


Startpoint: _2132_ (rising edge-triggered flip-flop clocked by i_clk)
Endpoint: _2133_ (rising edge-triggered flip-flop clocked by i_clk)
Path Group: i_clk
Path Type: min

Fanout     Cap    Slew   Delay    Time   Description
-----------------------------------------------------------------------------
                          0.00    0.00   clock i_clk (rise edge)
                          0.00    0.00   clock source latency
                  0.00    0.00    0.00 ^ i_clk (in)
     1    0.03                           i_clk (net)
                  0.00    0.00    0.00 ^ clkbuf_0_i_clk/A (sky130_fd_sc_hd__clkbuf_16)
                  0.14    0.19    0.19 ^ clkbuf_0_i_clk/X (sky130_fd_sc_hd__clkbuf_16)
    16    0.13                           clknet_0_i_clk (net)
                  0.14    0.00    0.19 ^ clkbuf_4_12_0_i_clk/A (sky130_fd_sc_hd__clkbuf_8)
                  0.06    0.17    0.37 ^ clkbuf_4_12_0_i_clk/X (sky130_fd_sc_hd__clkbuf_8)
     6    0.03                           clknet_4_12_0_i_clk (net)
                  0.06    0.00    0.37 ^ _2132_/CLK (sky130_fd_sc_hd__dfxtp_1)
                  0.07    0.33    0.70 ^ _2132_/Q (sky130_fd_sc_hd__dfxtp_1)
     2    0.01                           u_cordic.r_z[15] (net)
                  0.07    0.00    0.70 ^ _1880_/A1 (sky130_fd_sc_hd__o21ai_1)
                  0.05    0.08    0.78 v _1880_/Y (sky130_fd_sc_hd__o21ai_1)
     2    0.01                           _0316_ (net)
                  0.05    0.00    0.78 v _1885_/A3 (sky130_fd_sc_hd__a31oi_1)
                  0.10    0.16    0.95 ^ _1885_/Y (sky130_fd_sc_hd__a31oi_1)
     1    0.00                           _0321_ (net)
                  0.10    0.00    0.95 ^ _1886_/A2 (sky130_fd_sc_hd__a21o_1)
                  0.04    0.13    1.07 ^ _1886_/X (sky130_fd_sc_hd__a21o_1)
     1    0.00                           _0322_ (net)
                  0.04    0.00    1.07 ^ _1887_/A1 (sky130_fd_sc_hd__mux2_1)
                  0.05    0.12    1.20 ^ _1887_/X (sky130_fd_sc_hd__mux2_1)
     1    0.00                           _0323_ (net)
                  0.05    0.00    1.20 ^ hold146/A (sky130_fd_sc_hd__dlygate4sd3_1)
                  0.05    0.54    1.73 ^ hold146/X (sky130_fd_sc_hd__dlygate4sd3_1)
     1    0.00                           net152 (net)
                  0.05    0.00    1.73 ^ _1888_/A (sky130_fd_sc_hd__clkbuf_1)
                  0.04    0.08    1.81 ^ _1888_/X (sky130_fd_sc_hd__clkbuf_1)
     1    0.00                           _0109_ (net)
                  0.04    0.00    1.81 ^ _2133_/D (sky130_fd_sc_hd__dfxtp_1)
                                  1.81   data arrival time

                          0.00    0.00   clock i_clk (rise edge)
                          0.00    0.00   clock source latency
                  0.00    0.00    0.00 ^ i_clk (in)
     1    0.03                           i_clk (net)
                  0.00    0.00    0.00 ^ clkbuf_0_i_clk/A (sky130_fd_sc_hd__clkbuf_16)
                  0.14    0.19    0.19 ^ clkbuf_0_i_clk/X (sky130_fd_sc_hd__clkbuf_16)
    16    0.13                           clknet_0_i_clk (net)
                  0.14    0.00    0.19 ^ clkbuf_4_12_0_i_clk/A (sky130_fd_sc_hd__clkbuf_8)
                  0.06    0.17    0.37 ^ clkbuf_4_12_0_i_clk/X (sky130_fd_sc_hd__clkbuf_8)
     6    0.03                           clknet_4_12_0_i_clk (net)
                  0.06    0.00    0.37 ^ _2133_/CLK (sky130_fd_sc_hd__dfxtp_1)
                          0.50    0.87   clock uncertainty
                          0.00    0.87   clock reconvergence pessimism
                         -0.03    0.84   library hold time
                                  0.84   data required time
-----------------------------------------------------------------------------
                                  0.84   data required time
                                 -1.81   data arrival time
-----------------------------------------------------------------------------
                                  0.98   slack (MET)


Startpoint: _2064_ (rising edge-triggered flip-flop clocked by i_clk)
Endpoint: _2030_ (rising edge-triggered flip-flop clocked by i_clk)
Path Group: i_clk
Path Type: min

Fanout     Cap    Slew   Delay    Time   Description
-----------------------------------------------------------------------------
                          0.00    0.00   clock i_clk (rise edge)
                          0.00    0.00   clock source latency
                  0.00    0.00    0.00 ^ i_clk (in)
     1    0.03                           i_clk (net)
                  0.00    0.00    0.00 ^ clkbuf_0_i_clk/A (sky130_fd_sc_hd__clkbuf_16)
                  0.14    0.19    0.19 ^ clkbuf_0_i_clk/X (sky130_fd_sc_hd__clkbuf_16)
    16    0.13                           clknet_0_i_clk (net)
                  0.14    0.01    0.19 ^ clkbuf_4_2_0_i_clk/A (sky130_fd_sc_hd__clkbuf_8)
                  0.07    0.18    0.37 ^ clkbuf_4_2_0_i_clk/X (sky130_fd_sc_hd__clkbuf_8)
     8    0.03                           clknet_4_2_0_i_clk (net)
                  0.07    0.00    0.38 ^ _2064_/CLK (sky130_fd_sc_hd__dfxtp_1)
                  0.13    0.39    0.76 v _2064_/Q (sky130_fd_sc_hd__dfxtp_1)
     6    0.03                           u_cordic.r_x[14] (net)
                  0.13    0.00    0.76 v hold136/A (sky130_fd_sc_hd__buf_1)
                  0.07    0.16    0.93 v hold136/X (sky130_fd_sc_hd__buf_1)
     3    0.01                           net142 (net)
                  0.07    0.00    0.93 v _1257_/A (sky130_fd_sc_hd__nand2_1)
                  0.10    0.11    1.04 ^ _1257_/Y (sky130_fd_sc_hd__nand2_1)
     3    0.01                           _0641_ (net)
                  0.10    0.00    1.04 ^ _1272_/A1 (sky130_fd_sc_hd__a21bo_1)
                  0.04    0.12    1.16 ^ _1272_/X (sky130_fd_sc_hd__a21bo_1)
     1    0.00                           _0656_ (net)
                  0.04    0.00    1.16 ^ _1274_/A2 (sky130_fd_sc_hd__a32o_1)
                  0.04    0.14    1.30 ^ _1274_/X (sky130_fd_sc_hd__a32o_1)
     1    0.00                           _0015_ (net)
                  0.04    0.00    1.30 ^ hold150/A (sky130_fd_sc_hd__dlygate4sd3_1)
                  0.05    0.54    1.84 ^ hold150/X (sky130_fd_sc_hd__dlygate4sd3_1)
     1    0.00                           net156 (net)
                  0.05    0.00    1.84 ^ _2030_/D (sky130_fd_sc_hd__dfxtp_2)
                                  1.84   data arrival time

                          0.00    0.00   clock i_clk (rise edge)
                          0.00    0.00   clock source latency
                  0.00    0.00    0.00 ^ i_clk (in)
     1    0.03                           i_clk (net)
                  0.00    0.00    0.00 ^ clkbuf_0_i_clk/A (sky130_fd_sc_hd__clkbuf_16)
                  0.14    0.19    0.19 ^ clkbuf_0_i_clk/X (sky130_fd_sc_hd__clkbuf_16)
    16    0.13                           clknet_0_i_clk (net)
                  0.14    0.00    0.19 ^ clkbuf_4_1_0_i_clk/A (sky130_fd_sc_hd__clkbuf_8)
                  0.08    0.19    0.38 ^ clkbuf_4_1_0_i_clk/X (sky130_fd_sc_hd__clkbuf_8)
    13    0.04                           clknet_4_1_0_i_clk (net)
                  0.08    0.00    0.39 ^ _2030_/CLK (sky130_fd_sc_hd__dfxtp_2)
                          0.50    0.89   clock uncertainty
                          0.00    0.89   clock reconvergence pessimism
                         -0.03    0.86   library hold time
                                  0.86   data required time
-----------------------------------------------------------------------------
                                  0.86   data required time
                                 -1.84   data arrival time
-----------------------------------------------------------------------------
                                  0.98   slack (MET)


Startpoint: _2114_ (rising edge-triggered flip-flop clocked by i_clk)
Endpoint: _2115_ (rising edge-triggered flip-flop clocked by i_clk)
Path Group: i_clk
Path Type: min

Fanout     Cap    Slew   Delay    Time   Description
-----------------------------------------------------------------------------
                          0.00    0.00   clock i_clk (rise edge)
                          0.00    0.00   clock source latency
                  0.00    0.00    0.00 ^ i_clk (in)
     1    0.03                           i_clk (net)
                  0.00    0.00    0.00 ^ clkbuf_0_i_clk/A (sky130_fd_sc_hd__clkbuf_16)
                  0.14    0.19    0.19 ^ clkbuf_0_i_clk/X (sky130_fd_sc_hd__clkbuf_16)
    16    0.13                           clknet_0_i_clk (net)
                  0.14    0.00    0.19 ^ clkbuf_4_0_0_i_clk/A (sky130_fd_sc_hd__clkbuf_8)
                  0.07    0.18    0.38 ^ clkbuf_4_0_0_i_clk/X (sky130_fd_sc_hd__clkbuf_8)
    11    0.03                           clknet_4_0_0_i_clk (net)
                  0.07    0.00    0.38 ^ _2114_/CLK (sky130_fd_sc_hd__dfxtp_1)
                  0.04    0.31    0.69 v _2114_/Q (sky130_fd_sc_hd__dfxtp_1)
     2    0.00                           u_spi_target.r_bit_cnt[1] (net)
                  0.04    0.00    0.69 v hold82/A (sky130_fd_sc_hd__buf_1)
                  0.09    0.14    0.82 v hold82/X (sky130_fd_sc_hd__buf_1)
     4    0.02                           net88 (net)
                  0.09    0.00    0.82 v _1703_/A1 (sky130_fd_sc_hd__a31o_1)
                  0.04    0.19    1.02 v _1703_/X (sky130_fd_sc_hd__a31o_1)
     1    0.00                           _0157_ (net)
                  0.04    0.00    1.02 v _1704_/C (sky130_fd_sc_hd__and3b_1)
                  0.04    0.17    1.19 v _1704_/X (sky130_fd_sc_hd__and3b_1)
     1    0.00                           _0158_ (net)
                  0.04    0.00    1.19 v hold218/A (sky130_fd_sc_hd__dlygate4sd3_1)
                  0.05    0.54    1.73 v hold218/X (sky130_fd_sc_hd__dlygate4sd3_1)
     1    0.00                           net224 (net)
                  0.05    0.00    1.73 v _1705_/A (sky130_fd_sc_hd__clkbuf_1)
                  0.03    0.09    1.83 v _1705_/X (sky130_fd_sc_hd__clkbuf_1)
     1    0.00                           _0091_ (net)
                  0.03    0.00    1.83 v _2115_/D (sky130_fd_sc_hd__dfxtp_1)
                                  1.83   data arrival time

                          0.00    0.00   clock i_clk (rise edge)
                          0.00    0.00   clock source latency
                  0.00    0.00    0.00 ^ i_clk (in)
     1    0.03                           i_clk (net)
                  0.00    0.00    0.00 ^ clkbuf_0_i_clk/A (sky130_fd_sc_hd__clkbuf_16)
                  0.14    0.19    0.19 ^ clkbuf_0_i_clk/X (sky130_fd_sc_hd__clkbuf_16)
    16    0.13                           clknet_0_i_clk (net)
                  0.14    0.00    0.19 ^ clkbuf_4_1_0_i_clk/A (sky130_fd_sc_hd__clkbuf_8)
                  0.08    0.19    0.38 ^ clkbuf_4_1_0_i_clk/X (sky130_fd_sc_hd__clkbuf_8)
    13    0.04                           clknet_4_1_0_i_clk (net)
                  0.08    0.00    0.39 ^ _2115_/CLK (sky130_fd_sc_hd__dfxtp_1)
                          0.50    0.89   clock uncertainty
                          0.00    0.89   clock reconvergence pessimism
                         -0.04    0.85   library hold time
                                  0.85   data required time
-----------------------------------------------------------------------------
                                  0.85   data required time
                                 -1.83   data arrival time
-----------------------------------------------------------------------------
                                  0.98   slack (MET)


Startpoint: _2024_ (rising edge-triggered flip-flop clocked by i_clk)
Endpoint: _2056_ (rising edge-triggered flip-flop clocked by i_clk)
Path Group: i_clk
Path Type: min

Fanout     Cap    Slew   Delay    Time   Description
-----------------------------------------------------------------------------
                          0.00    0.00   clock i_clk (rise edge)
                          0.00    0.00   clock source latency
                  0.00    0.00    0.00 ^ i_clk (in)
     1    0.03                           i_clk (net)
                  0.00    0.00    0.00 ^ clkbuf_0_i_clk/A (sky130_fd_sc_hd__clkbuf_16)
                  0.14    0.19    0.19 ^ clkbuf_0_i_clk/X (sky130_fd_sc_hd__clkbuf_16)
    16    0.13                           clknet_0_i_clk (net)
                  0.14    0.00    0.19 ^ clkbuf_4_14_0_i_clk/A (sky130_fd_sc_hd__clkbuf_8)
                  0.05    0.17    0.36 ^ clkbuf_4_14_0_i_clk/X (sky130_fd_sc_hd__clkbuf_8)
     6    0.02                           clknet_4_14_0_i_clk (net)
                  0.05    0.00    0.36 ^ _2024_/CLK (sky130_fd_sc_hd__dfxtp_1)
                  0.15    0.40    0.76 v _2024_/Q (sky130_fd_sc_hd__dfxtp_1)
     4    0.03                           u_cordic.r_x[0] (net)
                  0.15    0.00    0.76 v _1113_/A_N (sky130_fd_sc_hd__and2b_1)
                  0.08    0.26    1.02 ^ _1113_/X (sky130_fd_sc_hd__and2b_1)
     2    0.01                           _0502_ (net)
                  0.08    0.00    1.02 ^ _1568_/A (sky130_fd_sc_hd__nand2_1)
                  0.04    0.06    1.08 v _1568_/Y (sky130_fd_sc_hd__nand2_1)
     1    0.00                           _0929_ (net)
                  0.04    0.00    1.08 v _1570_/A1 (sky130_fd_sc_hd__a21oi_1)
                  0.10    0.13    1.21 ^ _1570_/Y (sky130_fd_sc_hd__a21oi_1)
     1    0.00                           _0931_ (net)
                  0.10    0.00    1.21 ^ _1571_/B1 (sky130_fd_sc_hd__a21oi_1)
                  0.04    0.05    1.26 v _1571_/Y (sky130_fd_sc_hd__a21oi_1)
     1    0.00                           _0038_ (net)
                  0.04    0.00    1.26 v hold131/A (sky130_fd_sc_hd__dlygate4sd3_1)
                  0.06    0.55    1.81 v hold131/X (sky130_fd_sc_hd__dlygate4sd3_1)
     1    0.00                           net137 (net)
                  0.06    0.00    1.81 v _2056_/D (sky130_fd_sc_hd__dfxtp_1)
                                  1.81   data arrival time

                          0.00    0.00   clock i_clk (rise edge)
                          0.00    0.00   clock source latency
                  0.00    0.00    0.00 ^ i_clk (in)
     1    0.03                           i_clk (net)
                  0.00    0.00    0.00 ^ clkbuf_0_i_clk/A (sky130_fd_sc_hd__clkbuf_16)
                  0.14    0.19    0.19 ^ clkbuf_0_i_clk/X (sky130_fd_sc_hd__clkbuf_16)
    16    0.13                           clknet_0_i_clk (net)
                  0.14    0.00    0.19 ^ clkbuf_4_11_0_i_clk/A (sky130_fd_sc_hd__clkbuf_8)
                  0.07    0.18    0.37 ^ clkbuf_4_11_0_i_clk/X (sky130_fd_sc_hd__clkbuf_8)
    10    0.03                           clknet_4_11_0_i_clk (net)
                  0.07    0.00    0.37 ^ _2056_/CLK (sky130_fd_sc_hd__dfxtp_1)
                          0.50    0.87   clock uncertainty
                          0.00    0.87   clock reconvergence pessimism
                         -0.05    0.82   library hold time
                                  0.82   data required time
-----------------------------------------------------------------------------
                                  0.82   data required time
                                 -1.81   data arrival time
-----------------------------------------------------------------------------
                                  0.99   slack (MET)


Startpoint: _2124_ (rising edge-triggered flip-flop clocked by i_clk)
Endpoint: _2125_ (rising edge-triggered flip-flop clocked by i_clk)
Path Group: i_clk
Path Type: min

Fanout     Cap    Slew   Delay    Time   Description
-----------------------------------------------------------------------------
                          0.00    0.00   clock i_clk (rise edge)
                          0.00    0.00   clock source latency
                  0.00    0.00    0.00 ^ i_clk (in)
     1    0.03                           i_clk (net)
                  0.00    0.00    0.00 ^ clkbuf_0_i_clk/A (sky130_fd_sc_hd__clkbuf_16)
                  0.14    0.19    0.19 ^ clkbuf_0_i_clk/X (sky130_fd_sc_hd__clkbuf_16)
    16    0.13                           clknet_0_i_clk (net)
                  0.14    0.00    0.19 ^ clkbuf_4_5_0_i_clk/A (sky130_fd_sc_hd__clkbuf_8)
                  0.08    0.19    0.38 ^ clkbuf_4_5_0_i_clk/X (sky130_fd_sc_hd__clkbuf_8)
    11    0.04                           clknet_4_5_0_i_clk (net)
                  0.08    0.00    0.38 ^ _2124_/CLK (sky130_fd_sc_hd__dfxtp_1)
                  0.09    0.35    0.74 ^ _2124_/Q (sky130_fd_sc_hd__dfxtp_1)
     3    0.01                           u_cordic.r_z[7] (net)
                  0.09    0.00    0.74 ^ _1786_/A (sky130_fd_sc_hd__nor2_1)
                  0.04    0.07    0.80 v _1786_/Y (sky130_fd_sc_hd__nor2_1)
     2    0.01                           _0230_ (net)
                  0.04    0.00    0.80 v _1794_/A1 (sky130_fd_sc_hd__o21ai_1)
                  0.07    0.12    0.93 ^ _1794_/Y (sky130_fd_sc_hd__o21ai_1)
     1    0.00                           _0238_ (net)
                  0.07    0.00    0.93 ^ _1795_/C (sky130_fd_sc_hd__and3_1)
                  0.05    0.16    1.08 ^ _1795_/X (sky130_fd_sc_hd__and3_1)
     1    0.00                           _0239_ (net)
                  0.05    0.00    1.08 ^ _1796_/B1 (sky130_fd_sc_hd__a21o_1)
                  0.04    0.08    1.16 ^ _1796_/X (sky130_fd_sc_hd__a21o_1)
     1    0.00                           _0240_ (net)
                  0.04    0.00    1.16 ^ _1797_/A1 (sky130_fd_sc_hd__mux2_1)
                  0.04    0.11    1.27 ^ _1797_/X (sky130_fd_sc_hd__mux2_1)
     1    0.00                           _0241_ (net)
                  0.04    0.00    1.27 ^ hold158/A (sky130_fd_sc_hd__dlygate4sd3_1)
                  0.05    0.53    1.80 ^ hold158/X (sky130_fd_sc_hd__dlygate4sd3_1)
     1    0.00                           net164 (net)
                  0.05    0.00    1.80 ^ _1798_/A (sky130_fd_sc_hd__clkbuf_1)
                  0.04    0.08    1.88 ^ _1798_/X (sky130_fd_sc_hd__clkbuf_1)
     1    0.00                           _0101_ (net)
                  0.04    0.00    1.88 ^ _2125_/D (sky130_fd_sc_hd__dfxtp_1)
                                  1.88   data arrival time

                          0.00    0.00   clock i_clk (rise edge)
                          0.00    0.00   clock source latency
                  0.00    0.00    0.00 ^ i_clk (in)
     1    0.03                           i_clk (net)
                  0.00    0.00    0.00 ^ clkbuf_0_i_clk/A (sky130_fd_sc_hd__clkbuf_16)
                  0.14    0.19    0.19 ^ clkbuf_0_i_clk/X (sky130_fd_sc_hd__clkbuf_16)
    16    0.13                           clknet_0_i_clk (net)
                  0.14    0.00    0.19 ^ clkbuf_4_7_0_i_clk/A (sky130_fd_sc_hd__clkbuf_8)
                  0.11    0.21    0.40 ^ clkbuf_4_7_0_i_clk/X (sky130_fd_sc_hd__clkbuf_8)
    16    0.06                           clknet_4_7_0_i_clk (net)
                  0.11    0.00    0.40 ^ _2125_/CLK (sky130_fd_sc_hd__dfxtp_1)
                          0.50    0.90   clock uncertainty
                          0.00    0.90   clock reconvergence pessimism
                         -0.02    0.88   library hold time
                                  0.88   data required time
-----------------------------------------------------------------------------
                                  0.88   data required time
                                 -1.88   data arrival time
-----------------------------------------------------------------------------
                                  1.00   slack (MET)


Startpoint: _2123_ (rising edge-triggered flip-flop clocked by i_clk)
Endpoint: _2123_ (rising edge-triggered flip-flop clocked by i_clk)
Path Group: i_clk
Path Type: min

Fanout     Cap    Slew   Delay    Time   Description
-----------------------------------------------------------------------------
                          0.00    0.00   clock i_clk (rise edge)
                          0.00    0.00   clock source latency
                  0.00    0.00    0.00 ^ i_clk (in)
     1    0.03                           i_clk (net)
                  0.00    0.00    0.00 ^ clkbuf_0_i_clk/A (sky130_fd_sc_hd__clkbuf_16)
                  0.14    0.19    0.19 ^ clkbuf_0_i_clk/X (sky130_fd_sc_hd__clkbuf_16)
    16    0.13                           clknet_0_i_clk (net)
                  0.14    0.00    0.19 ^ clkbuf_4_5_0_i_clk/A (sky130_fd_sc_hd__clkbuf_8)
                  0.08    0.19    0.38 ^ clkbuf_4_5_0_i_clk/X (sky130_fd_sc_hd__clkbuf_8)
    11    0.04                           clknet_4_5_0_i_clk (net)
                  0.08    0.00    0.38 ^ _2123_/CLK (sky130_fd_sc_hd__dfxtp_1)
                  0.05    0.32    0.71 ^ _2123_/Q (sky130_fd_sc_hd__dfxtp_1)
     2    0.00                           u_cordic.r_z[6] (net)
                  0.05    0.00    0.71 ^ _1766_/A (sky130_fd_sc_hd__or2_1)
                  0.04    0.09    0.80 ^ _1766_/X (sky130_fd_sc_hd__or2_1)
     1    0.00                           _0212_ (net)
                  0.04    0.00    0.80 ^ _1767_/B (sky130_fd_sc_hd__nand2_1)
                  0.05    0.07    0.87 v _1767_/Y (sky130_fd_sc_hd__nand2_1)
     2    0.01                           _0213_ (net)
                  0.05    0.00    0.87 v _1770_/A2 (sky130_fd_sc_hd__a21oi_1)
                  0.09    0.14    1.01 ^ _1770_/Y (sky130_fd_sc_hd__a21oi_1)
     1    0.00                           _0216_ (net)
                  0.09    0.00    1.01 ^ _1771_/B2 (sky130_fd_sc_hd__a22o_1)
                  0.04    0.13    1.13 ^ _1771_/X (sky130_fd_sc_hd__a22o_1)
     1    0.00                           _0217_ (net)
                  0.04    0.00    1.13 ^ _1773_/A1 (sky130_fd_sc_hd__mux2_1)
                  0.04    0.12    1.25 ^ _1773_/X (sky130_fd_sc_hd__mux2_1)
     1    0.00                           _0219_ (net)
                  0.04    0.00    1.25 ^ hold148/A (sky130_fd_sc_hd__dlygate4sd3_1)
                  0.06    0.54    1.78 ^ hold148/X (sky130_fd_sc_hd__dlygate4sd3_1)
     1    0.00                           net154 (net)
                  0.06    0.00    1.78 ^ _1774_/A (sky130_fd_sc_hd__clkbuf_1)
                  0.04    0.08    1.86 ^ _1774_/X (sky130_fd_sc_hd__clkbuf_1)
     1    0.00                           _0099_ (net)
                  0.04    0.00    1.87 ^ _2123_/D (sky130_fd_sc_hd__dfxtp_1)
                                  1.87   data arrival time

                          0.00    0.00   clock i_clk (rise edge)
                          0.00    0.00   clock source latency
                  0.00    0.00    0.00 ^ i_clk (in)
     1    0.03                           i_clk (net)
                  0.00    0.00    0.00 ^ clkbuf_0_i_clk/A (sky130_fd_sc_hd__clkbuf_16)
                  0.14    0.19    0.19 ^ clkbuf_0_i_clk/X (sky130_fd_sc_hd__clkbuf_16)
    16    0.13                           clknet_0_i_clk (net)
                  0.14    0.00    0.19 ^ clkbuf_4_5_0_i_clk/A (sky130_fd_sc_hd__clkbuf_8)
                  0.08    0.19    0.38 ^ clkbuf_4_5_0_i_clk/X (sky130_fd_sc_hd__clkbuf_8)
    11    0.04                           clknet_4_5_0_i_clk (net)
                  0.08    0.00    0.38 ^ _2123_/CLK (sky130_fd_sc_hd__dfxtp_1)
                          0.50    0.88   clock uncertainty
                          0.00    0.88   clock reconvergence pessimism
                         -0.03    0.86   library hold time
                                  0.86   data required time
-----------------------------------------------------------------------------
                                  0.86   data required time
                                 -1.87   data arrival time
-----------------------------------------------------------------------------
                                  1.01   slack (MET)


Startpoint: _2059_ (rising edge-triggered flip-flop clocked by i_clk)
Endpoint: _2026_ (rising edge-triggered flip-flop clocked by i_clk)
Path Group: i_clk
Path Type: min

Fanout     Cap    Slew   Delay    Time   Description
-----------------------------------------------------------------------------
                          0.00    0.00   clock i_clk (rise edge)
                          0.00    0.00   clock source latency
                  0.00    0.00    0.00 ^ i_clk (in)
     1    0.03                           i_clk (net)
                  0.00    0.00    0.00 ^ clkbuf_0_i_clk/A (sky130_fd_sc_hd__clkbuf_16)
                  0.14    0.19    0.19 ^ clkbuf_0_i_clk/X (sky130_fd_sc_hd__clkbuf_16)
    16    0.13                           clknet_0_i_clk (net)
                  0.14    0.00    0.19 ^ clkbuf_4_11_0_i_clk/A (sky130_fd_sc_hd__clkbuf_8)
                  0.07    0.18    0.37 ^ clkbuf_4_11_0_i_clk/X (sky130_fd_sc_hd__clkbuf_8)
    10    0.03                           clknet_4_11_0_i_clk (net)
                  0.07    0.00    0.37 ^ _2059_/CLK (sky130_fd_sc_hd__dfxtp_2)
                  0.07    0.36    0.74 v _2059_/Q (sky130_fd_sc_hd__dfxtp_2)
     8    0.03                           u_cordic.r_x[5] (net)
                  0.07    0.00    0.74 v _1165_/A (sky130_fd_sc_hd__nor2_1)
                  0.14    0.15    0.89 ^ _1165_/Y (sky130_fd_sc_hd__nor2_1)
     2    0.01                           _0553_ (net)
                  0.14    0.00    0.89 ^ _1166_/B1 (sky130_fd_sc_hd__a31o_1)
                  0.07    0.14    1.03 ^ _1166_/X (sky130_fd_sc_hd__a31o_1)
     2    0.01                           _0554_ (net)
                  0.07    0.00    1.03 ^ _1168_/A2 (sky130_fd_sc_hd__a21boi_1)
                  0.04    0.06    1.09 v _1168_/Y (sky130_fd_sc_hd__a21boi_1)
     1    0.00                           _0556_ (net)
                  0.04    0.00    1.09 v _1169_/B2 (sky130_fd_sc_hd__a22o_1)
                  0.04    0.19    1.28 v _1169_/X (sky130_fd_sc_hd__a22o_1)
     1    0.00                           _0011_ (net)
                  0.04    0.00    1.28 v hold198/A (sky130_fd_sc_hd__dlygate4sd3_1)
                  0.06    0.55    1.83 v hold198/X (sky130_fd_sc_hd__dlygate4sd3_1)
     1    0.00                           net204 (net)
                  0.06    0.00    1.83 v _2026_/D (sky130_fd_sc_hd__dfxtp_1)
                                  1.83   data arrival time

                          0.00    0.00   clock i_clk (rise edge)
                          0.00    0.00   clock source latency
                  0.00    0.00    0.00 ^ i_clk (in)
     1    0.03                           i_clk (net)
                  0.00    0.00    0.00 ^ clkbuf_0_i_clk/A (sky130_fd_sc_hd__clkbuf_16)
                  0.14    0.19    0.19 ^ clkbuf_0_i_clk/X (sky130_fd_sc_hd__clkbuf_16)
    16    0.13                           clknet_0_i_clk (net)
                  0.14    0.00    0.19 ^ clkbuf_4_10_0_i_clk/A (sky130_fd_sc_hd__clkbuf_8)
                  0.06    0.17    0.37 ^ clkbuf_4_10_0_i_clk/X (sky130_fd_sc_hd__clkbuf_8)
     7    0.02                           clknet_4_10_0_i_clk (net)
                  0.06    0.00    0.37 ^ _2026_/CLK (sky130_fd_sc_hd__dfxtp_1)
                          0.50    0.87   clock uncertainty
                          0.00    0.87   clock reconvergence pessimism
                         -0.06    0.81   library hold time
                                  0.81   data required time
-----------------------------------------------------------------------------
                                  0.81   data required time
                                 -1.83   data arrival time
-----------------------------------------------------------------------------
                                  1.02   slack (MET)


Startpoint: _2035_ (rising edge-triggered flip-flop clocked by i_clk)
Endpoint: _2037_ (rising edge-triggered flip-flop clocked by i_clk)
Path Group: i_clk
Path Type: min

Fanout     Cap    Slew   Delay    Time   Description
-----------------------------------------------------------------------------
                          0.00    0.00   clock i_clk (rise edge)
                          0.00    0.00   clock source latency
                  0.00    0.00    0.00 ^ i_clk (in)
     1    0.03                           i_clk (net)
                  0.00    0.00    0.00 ^ clkbuf_0_i_clk/A (sky130_fd_sc_hd__clkbuf_16)
                  0.14    0.19    0.19 ^ clkbuf_0_i_clk/X (sky130_fd_sc_hd__clkbuf_16)
    16    0.13                           clknet_0_i_clk (net)
                  0.14    0.00    0.19 ^ clkbuf_4_14_0_i_clk/A (sky130_fd_sc_hd__clkbuf_8)
                  0.05    0.17    0.36 ^ clkbuf_4_14_0_i_clk/X (sky130_fd_sc_hd__clkbuf_8)
     6    0.02                           clknet_4_14_0_i_clk (net)
                  0.05    0.00    0.36 ^ _2035_/CLK (sky130_fd_sc_hd__dfxtp_1)
                  0.12    0.37    0.74 v _2035_/Q (sky130_fd_sc_hd__dfxtp_1)
     6    0.02                           u_cordic.r_y[2] (net)
                  0.12    0.00    0.74 v _1346_/A (sky130_fd_sc_hd__nand2_2)
                  0.11    0.14    0.88 ^ _1346_/Y (sky130_fd_sc_hd__nand2_2)
     4    0.02                           _0724_ (net)
                  0.11    0.00    0.88 ^ _1374_/A1 (sky130_fd_sc_hd__a311oi_4)
                  0.05    0.12    0.99 v _1374_/Y (sky130_fd_sc_hd__a311oi_4)
     3    0.01                           _0751_ (net)
                  0.05    0.00    0.99 v _1377_/A_N (sky130_fd_sc_hd__and3b_1)
                  0.06    0.21    1.21 ^ _1377_/X (sky130_fd_sc_hd__and3b_1)
     1    0.00                           _0754_ (net)
                  0.06    0.00    1.21 ^ _1378_/B2 (sky130_fd_sc_hd__o22a_1)
                  0.04    0.11    1.32 ^ _1378_/X (sky130_fd_sc_hd__o22a_1)
     1    0.00                           _0022_ (net)
                  0.04    0.00    1.32 ^ hold189/A (sky130_fd_sc_hd__dlygate4sd3_1)
                  0.06    0.54    1.85 ^ hold189/X (sky130_fd_sc_hd__dlygate4sd3_1)
     1    0.00                           net195 (net)
                  0.06    0.00    1.85 ^ _2037_/D (sky130_fd_sc_hd__dfxtp_2)
                                  1.85   data arrival time

                          0.00    0.00   clock i_clk (rise edge)
                          0.00    0.00   clock source latency
                  0.00    0.00    0.00 ^ i_clk (in)
     1    0.03                           i_clk (net)
                  0.00    0.00    0.00 ^ clkbuf_0_i_clk/A (sky130_fd_sc_hd__clkbuf_16)
                  0.14    0.19    0.19 ^ clkbuf_0_i_clk/X (sky130_fd_sc_hd__clkbuf_16)
    16    0.13                           clknet_0_i_clk (net)
                  0.14    0.00    0.19 ^ clkbuf_4_14_0_i_clk/A (sky130_fd_sc_hd__clkbuf_8)
                  0.05    0.17    0.36 ^ clkbuf_4_14_0_i_clk/X (sky130_fd_sc_hd__clkbuf_8)
     6    0.02                           clknet_4_14_0_i_clk (net)
                  0.05    0.00    0.36 ^ _2037_/CLK (sky130_fd_sc_hd__dfxtp_2)
                          0.50    0.86   clock uncertainty
                          0.00    0.86   clock reconvergence pessimism
                         -0.03    0.83   library hold time
                                  0.83   data required time
-----------------------------------------------------------------------------
                                  0.83   data required time
                                 -1.85   data arrival time
-----------------------------------------------------------------------------
                                  1.02   slack (MET)


Startpoint: _2169_ (rising edge-triggered flip-flop clocked by i_clk)
Endpoint: _2147_ (rising edge-triggered flip-flop clocked by i_clk)
Path Group: i_clk
Path Type: min

Fanout     Cap    Slew   Delay    Time   Description
-----------------------------------------------------------------------------
                          0.00    0.00   clock i_clk (rise edge)
                          0.00    0.00   clock source latency
                  0.00    0.00    0.00 ^ i_clk (in)
     1    0.03                           i_clk (net)
                  0.00    0.00    0.00 ^ clkbuf_0_i_clk/A (sky130_fd_sc_hd__clkbuf_16)
                  0.14    0.19    0.19 ^ clkbuf_0_i_clk/X (sky130_fd_sc_hd__clkbuf_16)
    16    0.13                           clknet_0_i_clk (net)
                  0.14    0.00    0.19 ^ clkbuf_4_0_0_i_clk/A (sky130_fd_sc_hd__clkbuf_8)
                  0.07    0.18    0.38 ^ clkbuf_4_0_0_i_clk/X (sky130_fd_sc_hd__clkbuf_8)
    11    0.03                           clknet_4_0_0_i_clk (net)
                  0.07    0.00    0.38 ^ _2169_/CLK (sky130_fd_sc_hd__dfxtp_1)
                  0.11    0.36    0.74 ^ _2169_/Q (sky130_fd_sc_hd__dfxtp_1)
     3    0.01                           u_spi_target.r_sck_sync[2] (net)
                  0.11    0.00    0.74 ^ _1893_/B (sky130_fd_sc_hd__or3b_1)
                  0.12    0.18    0.92 ^ _1893_/X (sky130_fd_sc_hd__or3b_1)
     1    0.01                           _0327_ (net)
                  0.12    0.00    0.92 ^ _1894_/A (sky130_fd_sc_hd__buf_2)
                  0.19    0.24    1.16 ^ _1894_/X (sky130_fd_sc_hd__buf_2)
     7    0.04                           _0328_ (net)
                  0.19    0.00    1.16 ^ _1923_/A2 (sky130_fd_sc_hd__o211a_1)
                  0.05    0.16    1.33 ^ _1923_/X (sky130_fd_sc_hd__o211a_1)
     1    0.00                           _0123_ (net)
                  0.05    0.00    1.33 ^ hold170/A (sky130_fd_sc_hd__dlygate4sd3_1)
                  0.06    0.54    1.86 ^ hold170/X (sky130_fd_sc_hd__dlygate4sd3_1)
     1    0.00                           net176 (net)
                  0.06    0.00    1.86 ^ _2147_/D (sky130_fd_sc_hd__dfxtp_1)
                                  1.86   data arrival time

                          0.00    0.00   clock i_clk (rise edge)
                          0.00    0.00   clock source latency
                  0.00    0.00    0.00 ^ i_clk (in)
     1    0.03                           i_clk (net)
                  0.00    0.00    0.00 ^ clkbuf_0_i_clk/A (sky130_fd_sc_hd__clkbuf_16)
                  0.14    0.19    0.19 ^ clkbuf_0_i_clk/X (sky130_fd_sc_hd__clkbuf_16)
    16    0.13                           clknet_0_i_clk (net)
                  0.14    0.00    0.19 ^ clkbuf_4_12_0_i_clk/A (sky130_fd_sc_hd__clkbuf_8)
                  0.06    0.17    0.37 ^ clkbuf_4_12_0_i_clk/X (sky130_fd_sc_hd__clkbuf_8)
     6    0.03                           clknet_4_12_0_i_clk (net)
                  0.06    0.00    0.37 ^ _2147_/CLK (sky130_fd_sc_hd__dfxtp_1)
                          0.50    0.87   clock uncertainty
                          0.00    0.87   clock reconvergence pessimism
                         -0.03    0.84   library hold time
                                  0.84   data required time
-----------------------------------------------------------------------------
                                  0.84   data required time
                                 -1.86   data arrival time
-----------------------------------------------------------------------------
                                  1.03   slack (MET)


Startpoint: _2030_ (rising edge-triggered flip-flop clocked by i_clk)
Endpoint: _2031_ (rising edge-triggered flip-flop clocked by i_clk)
Path Group: i_clk
Path Type: min

Fanout     Cap    Slew   Delay    Time   Description
-----------------------------------------------------------------------------
                          0.00    0.00   clock i_clk (rise edge)
                          0.00    0.00   clock source latency
                  0.00    0.00    0.00 ^ i_clk (in)
     1    0.03                           i_clk (net)
                  0.00    0.00    0.00 ^ clkbuf_0_i_clk/A (sky130_fd_sc_hd__clkbuf_16)
                  0.14    0.19    0.19 ^ clkbuf_0_i_clk/X (sky130_fd_sc_hd__clkbuf_16)
    16    0.13                           clknet_0_i_clk (net)
                  0.14    0.00    0.19 ^ clkbuf_4_1_0_i_clk/A (sky130_fd_sc_hd__clkbuf_8)
                  0.08    0.19    0.38 ^ clkbuf_4_1_0_i_clk/X (sky130_fd_sc_hd__clkbuf_8)
    13    0.04                           clknet_4_1_0_i_clk (net)
                  0.08    0.00    0.39 ^ _2030_/CLK (sky130_fd_sc_hd__dfxtp_2)
                  0.20    0.45    0.83 ^ _2030_/Q (sky130_fd_sc_hd__dfxtp_2)
     8    0.04                           u_cordic.r_x[15] (net)
                  0.20    0.00    0.83 ^ _1269_/A (sky130_fd_sc_hd__nor2_1)
                  0.05    0.10    0.93 v _1269_/Y (sky130_fd_sc_hd__nor2_1)
     2    0.01                           _0653_ (net)
                  0.05    0.00    0.93 v _1278_/B1 (sky130_fd_sc_hd__a21o_1)
                  0.04    0.16    1.09 v _1278_/X (sky130_fd_sc_hd__a21o_1)
     2    0.01                           _0661_ (net)
                  0.04    0.00    1.09 v _1286_/D (sky130_fd_sc_hd__nand4_1)
                  0.06    0.09    1.18 ^ _1286_/Y (sky130_fd_sc_hd__nand4_1)
     1    0.00                           _0669_ (net)
                  0.06    0.00    1.18 ^ _1287_/A3 (sky130_fd_sc_hd__a32o_1)
                  0.05    0.16    1.34 ^ _1287_/X (sky130_fd_sc_hd__a32o_1)
     1    0.00                           _0016_ (net)
                  0.05    0.00    1.34 ^ hold144/A (sky130_fd_sc_hd__dlygate4sd3_1)
                  0.06    0.54    1.89 ^ hold144/X (sky130_fd_sc_hd__dlygate4sd3_1)
     1    0.00                           net150 (net)
                  0.06    0.00    1.89 ^ _2031_/D (sky130_fd_sc_hd__dfxtp_2)
                                  1.89   data arrival time

                          0.00    0.00   clock i_clk (rise edge)
                          0.00    0.00   clock source latency
                  0.00    0.00    0.00 ^ i_clk (in)
     1    0.03                           i_clk (net)
                  0.00    0.00    0.00 ^ clkbuf_0_i_clk/A (sky130_fd_sc_hd__clkbuf_16)
                  0.14    0.19    0.19 ^ clkbuf_0_i_clk/X (sky130_fd_sc_hd__clkbuf_16)
    16    0.13                           clknet_0_i_clk (net)
                  0.14    0.00    0.19 ^ clkbuf_4_1_0_i_clk/A (sky130_fd_sc_hd__clkbuf_8)
                  0.08    0.19    0.38 ^ clkbuf_4_1_0_i_clk/X (sky130_fd_sc_hd__clkbuf_8)
    13    0.04                           clknet_4_1_0_i_clk (net)
                  0.08    0.00    0.39 ^ _2031_/CLK (sky130_fd_sc_hd__dfxtp_2)
                          0.50    0.89   clock uncertainty
                          0.00    0.89   clock reconvergence pessimism
                         -0.03    0.86   library hold time
                                  0.86   data required time
-----------------------------------------------------------------------------
                                  0.86   data required time
                                 -1.89   data arrival time
-----------------------------------------------------------------------------
                                  1.03   slack (MET)


Startpoint: _2150_ (rising edge-triggered flip-flop clocked by i_clk)
Endpoint: _2044_ (rising edge-triggered flip-flop clocked by i_clk)
Path Group: i_clk
Path Type: min

Fanout     Cap    Slew   Delay    Time   Description
-----------------------------------------------------------------------------
                          0.00    0.00   clock i_clk (rise edge)
                          0.00    0.00   clock source latency
                  0.00    0.00    0.00 ^ i_clk (in)
     1    0.03                           i_clk (net)
                  0.00    0.00    0.00 ^ clkbuf_0_i_clk/A (sky130_fd_sc_hd__clkbuf_16)
                  0.14    0.19    0.19 ^ clkbuf_0_i_clk/X (sky130_fd_sc_hd__clkbuf_16)
    16    0.13                           clknet_0_i_clk (net)
                  0.14    0.00    0.19 ^ clkbuf_4_13_0_i_clk/A (sky130_fd_sc_hd__clkbuf_8)
                  0.07    0.18    0.37 ^ clkbuf_4_13_0_i_clk/X (sky130_fd_sc_hd__clkbuf_8)
     9    0.03                           clknet_4_13_0_i_clk (net)
                  0.07    0.00    0.37 ^ _2150_/CLK (sky130_fd_sc_hd__dfxtp_1)
                  0.13    0.37    0.75 ^ _2150_/Q (sky130_fd_sc_hd__dfxtp_1)
     5    0.01                           u_cordic.i_angle[15] (net)
                  0.13    0.00    0.75 ^ _1323_/A (sky130_fd_sc_hd__or3b_1)
                  0.11    0.18    0.93 ^ _1323_/X (sky130_fd_sc_hd__or3b_1)
     2    0.01                           _0703_ (net)
                  0.11    0.00    0.93 ^ _1362_/A2 (sky130_fd_sc_hd__o21a_1)
                  0.09    0.16    1.08 ^ _1362_/X (sky130_fd_sc_hd__o21a_1)
     2    0.01                           _0740_ (net)
                  0.09    0.00    1.08 ^ _1480_/A1_N (sky130_fd_sc_hd__o2bb2a_1)
                  0.04    0.22    1.30 v _1480_/X (sky130_fd_sc_hd__o2bb2a_1)
     1    0.00                           _0029_ (net)
                  0.04    0.00    1.30 v hold213/A (sky130_fd_sc_hd__dlygate4sd3_1)
                  0.06    0.55    1.85 v hold213/X (sky130_fd_sc_hd__dlygate4sd3_1)
     1    0.00                           net219 (net)
                  0.06    0.00    1.85 v _2044_/D (sky130_fd_sc_hd__dfxtp_2)
                                  1.85   data arrival time

                          0.00    0.00   clock i_clk (rise edge)
                          0.00    0.00   clock source latency
                  0.00    0.00    0.00 ^ i_clk (in)
     1    0.03                           i_clk (net)
                  0.00    0.00    0.00 ^ clkbuf_0_i_clk/A (sky130_fd_sc_hd__clkbuf_16)
                  0.14    0.19    0.19 ^ clkbuf_0_i_clk/X (sky130_fd_sc_hd__clkbuf_16)
    16    0.13                           clknet_0_i_clk (net)
                  0.14    0.00    0.19 ^ clkbuf_4_12_0_i_clk/A (sky130_fd_sc_hd__clkbuf_8)
                  0.06    0.17    0.37 ^ clkbuf_4_12_0_i_clk/X (sky130_fd_sc_hd__clkbuf_8)
     6    0.03                           clknet_4_12_0_i_clk (net)
                  0.06    0.00    0.37 ^ _2044_/CLK (sky130_fd_sc_hd__dfxtp_2)
                          0.50    0.87   clock uncertainty
                          0.00    0.87   clock reconvergence pessimism
                         -0.05    0.82   library hold time
                                  0.82   data required time
-----------------------------------------------------------------------------
                                  0.82   data required time
                                 -1.85   data arrival time
-----------------------------------------------------------------------------
                                  1.03   slack (MET)


Startpoint: _2053_ (rising edge-triggered flip-flop clocked by i_clk)
Endpoint: _2129_ (rising edge-triggered flip-flop clocked by i_clk)
Path Group: i_clk
Path Type: min

Fanout     Cap    Slew   Delay    Time   Description
-----------------------------------------------------------------------------
                          0.00    0.00   clock i_clk (rise edge)
                          0.00    0.00   clock source latency
                  0.00    0.00    0.00 ^ i_clk (in)
     1    0.03                           i_clk (net)
                  0.00    0.00    0.00 ^ clkbuf_0_i_clk/A (sky130_fd_sc_hd__clkbuf_16)
                  0.14    0.19    0.19 ^ clkbuf_0_i_clk/X (sky130_fd_sc_hd__clkbuf_16)
    16    0.13                           clknet_0_i_clk (net)
                  0.14    0.00    0.19 ^ clkbuf_4_1_0_i_clk/A (sky130_fd_sc_hd__clkbuf_8)
                  0.08    0.19    0.38 ^ clkbuf_4_1_0_i_clk/X (sky130_fd_sc_hd__clkbuf_8)
    13    0.04                           clknet_4_1_0_i_clk (net)
                  0.08    0.00    0.39 ^ _2053_/CLK (sky130_fd_sc_hd__dfxtp_1)
                  0.11    0.37    0.76 v _2053_/Q (sky130_fd_sc_hd__dfxtp_1)
     5    0.02                           u_cordic.r_state[2] (net)
                  0.11    0.00    0.76 v _1041_/A (sky130_fd_sc_hd__inv_2)
                  0.14    0.15    0.91 ^ _1041_/Y (sky130_fd_sc_hd__inv_2)
     5    0.03                           _0442_ (net)
                  0.14    0.00    0.91 ^ _1842_/B (sky130_fd_sc_hd__and2_1)
                  0.06    0.15    1.07 ^ _1842_/X (sky130_fd_sc_hd__and2_1)
     1    0.00                           _0282_ (net)
                  0.06    0.00    1.07 ^ _1843_/B1 (sky130_fd_sc_hd__a31o_1)
                  0.04    0.09    1.15 ^ _1843_/X (sky130_fd_sc_hd__a31o_1)
     1    0.00                           _0283_ (net)
                  0.04    0.00    1.15 ^ _1844_/A1 (sky130_fd_sc_hd__mux2_1)
                  0.04    0.11    1.26 ^ _1844_/X (sky130_fd_sc_hd__mux2_1)
     1    0.00                           _0284_ (net)
                  0.04    0.00    1.26 ^ hold140/A (sky130_fd_sc_hd__dlygate4sd3_1)
                  0.05    0.53    1.80 ^ hold140/X (sky130_fd_sc_hd__dlygate4sd3_1)
     1    0.00                           net146 (net)
                  0.05    0.00    1.80 ^ _1845_/A (sky130_fd_sc_hd__clkbuf_1)
                  0.05    0.09    1.88 ^ _1845_/X (sky130_fd_sc_hd__clkbuf_1)
     1    0.00                           _0105_ (net)
                  0.05    0.00    1.88 ^ _2129_/D (sky130_fd_sc_hd__dfxtp_1)
                                  1.88   data arrival time

                          0.00    0.00   clock i_clk (rise edge)
                          0.00    0.00   clock source latency
                  0.00    0.00    0.00 ^ i_clk (in)
     1    0.03                           i_clk (net)
                  0.00    0.00    0.00 ^ clkbuf_0_i_clk/A (sky130_fd_sc_hd__clkbuf_16)
                  0.14    0.19    0.19 ^ clkbuf_0_i_clk/X (sky130_fd_sc_hd__clkbuf_16)
    16    0.13                           clknet_0_i_clk (net)
                  0.14    0.00    0.19 ^ clkbuf_4_13_0_i_clk/A (sky130_fd_sc_hd__clkbuf_8)
                  0.07    0.18    0.37 ^ clkbuf_4_13_0_i_clk/X (sky130_fd_sc_hd__clkbuf_8)
     9    0.03                           clknet_4_13_0_i_clk (net)
                  0.07    0.00    0.38 ^ _2129_/CLK (sky130_fd_sc_hd__dfxtp_1)
                          0.50    0.88   clock uncertainty
                          0.00    0.88   clock reconvergence pessimism
                         -0.03    0.85   library hold time
                                  0.85   data required time
-----------------------------------------------------------------------------
                                  0.85   data required time
                                 -1.88   data arrival time
-----------------------------------------------------------------------------
                                  1.04   slack (MET)


Startpoint: _2112_ (rising edge-triggered flip-flop clocked by i_clk)
Endpoint: _2151_ (rising edge-triggered flip-flop clocked by i_clk)
Path Group: i_clk
Path Type: min

Fanout     Cap    Slew   Delay    Time   Description
-----------------------------------------------------------------------------
                          0.00    0.00   clock i_clk (rise edge)
                          0.00    0.00   clock source latency
                  0.00    0.00    0.00 ^ i_clk (in)
     1    0.03                           i_clk (net)
                  0.00    0.00    0.00 ^ clkbuf_0_i_clk/A (sky130_fd_sc_hd__clkbuf_16)
                  0.14    0.19    0.19 ^ clkbuf_0_i_clk/X (sky130_fd_sc_hd__clkbuf_16)
    16    0.13                           clknet_0_i_clk (net)
                  0.14    0.00    0.19 ^ clkbuf_4_1_0_i_clk/A (sky130_fd_sc_hd__clkbuf_8)
                  0.08    0.19    0.38 ^ clkbuf_4_1_0_i_clk/X (sky130_fd_sc_hd__clkbuf_8)
    13    0.04                           clknet_4_1_0_i_clk (net)
                  0.08    0.00    0.39 ^ _2112_/CLK (sky130_fd_sc_hd__dfxtp_2)
                  0.10    0.39    0.78 v _2112_/Q (sky130_fd_sc_hd__dfxtp_2)
     8    0.04                           r_word_sel (net)
                  0.10    0.00    0.78 v _1936_/S (sky130_fd_sc_hd__mux2_1)
                  0.05    0.22    1.00 ^ _1936_/X (sky130_fd_sc_hd__mux2_1)
     1    0.00                           _0354_ (net)
                  0.05    0.00    1.00 ^ _1937_/B2 (sky130_fd_sc_hd__a22o_1)
                  0.08    0.14    1.15 ^ _1937_/X (sky130_fd_sc_hd__a22o_1)
     1    0.01                           _0355_ (net)
                  0.08    0.00    1.15 ^ hold220/A (sky130_fd_sc_hd__dlygate4sd3_1)
                  0.05    0.54    1.69 ^ hold220/X (sky130_fd_sc_hd__dlygate4sd3_1)
     1    0.00                           net226 (net)
                  0.05    0.00    1.69 ^ _1938_/B (sky130_fd_sc_hd__and2_1)
                  0.06    0.13    1.82 ^ _1938_/X (sky130_fd_sc_hd__and2_1)
     1    0.00                           _0356_ (net)
                  0.06    0.00    1.82 ^ _1939_/A (sky130_fd_sc_hd__clkbuf_1)
                  0.05    0.09    1.90 ^ _1939_/X (sky130_fd_sc_hd__clkbuf_1)
     1    0.00                           _0127_ (net)
                  0.05    0.00    1.90 ^ _2151_/D (sky130_fd_sc_hd__dfxtp_1)
                                  1.90   data arrival time

                          0.00    0.00   clock i_clk (rise edge)
                          0.00    0.00   clock source latency
                  0.00    0.00    0.00 ^ i_clk (in)
     1    0.03                           i_clk (net)
                  0.00    0.00    0.00 ^ clkbuf_0_i_clk/A (sky130_fd_sc_hd__clkbuf_16)
                  0.14    0.19    0.19 ^ clkbuf_0_i_clk/X (sky130_fd_sc_hd__clkbuf_16)
    16    0.13                           clknet_0_i_clk (net)
                  0.14    0.01    0.19 ^ clkbuf_4_3_0_i_clk/A (sky130_fd_sc_hd__clkbuf_8)
                  0.08    0.19    0.38 ^ clkbuf_4_3_0_i_clk/X (sky130_fd_sc_hd__clkbuf_8)
    11    0.04                           clknet_4_3_0_i_clk (net)
                  0.08    0.00    0.38 ^ _2151_/CLK (sky130_fd_sc_hd__dfxtp_1)
                          0.50    0.88   clock uncertainty
                          0.00    0.88   clock reconvergence pessimism
                         -0.03    0.85   library hold time
                                  0.85   data required time
-----------------------------------------------------------------------------
                                  0.85   data required time
                                 -1.90   data arrival time
-----------------------------------------------------------------------------
                                  1.05   slack (MET)


Startpoint: _2118_ (rising edge-triggered flip-flop clocked by i_clk)
Endpoint: _2119_ (rising edge-triggered flip-flop clocked by i_clk)
Path Group: i_clk
Path Type: min

Fanout     Cap    Slew   Delay    Time   Description
-----------------------------------------------------------------------------
                          0.00    0.00   clock i_clk (rise edge)
                          0.00    0.00   clock source latency
                  0.00    0.00    0.00 ^ i_clk (in)
     1    0.03                           i_clk (net)
                  0.00    0.00    0.00 ^ clkbuf_0_i_clk/A (sky130_fd_sc_hd__clkbuf_16)
                  0.14    0.19    0.19 ^ clkbuf_0_i_clk/X (sky130_fd_sc_hd__clkbuf_16)
    16    0.13                           clknet_0_i_clk (net)
                  0.14    0.00    0.19 ^ clkbuf_4_6_0_i_clk/A (sky130_fd_sc_hd__clkbuf_8)
                  0.07    0.18    0.38 ^ clkbuf_4_6_0_i_clk/X (sky130_fd_sc_hd__clkbuf_8)
    11    0.03                           clknet_4_6_0_i_clk (net)
                  0.07    0.00    0.38 ^ _2118_/CLK (sky130_fd_sc_hd__dfxtp_1)
                  0.08    0.34    0.72 ^ _2118_/Q (sky130_fd_sc_hd__dfxtp_1)
     2    0.01                           u_cordic.r_z[1] (net)
                  0.08    0.00    0.72 ^ _1722_/B1 (sky130_fd_sc_hd__o21a_1)
                  0.07    0.15    0.87 ^ _1722_/X (sky130_fd_sc_hd__o21a_1)
     2    0.01                           _0172_ (net)
                  0.07    0.00    0.87 ^ _1727_/A1 (sky130_fd_sc_hd__o31ai_1)
                  0.05    0.07    0.94 v _1727_/Y (sky130_fd_sc_hd__o31ai_1)
     1    0.00                           _0177_ (net)
                  0.05    0.00    0.94 v _1728_/A2_N (sky130_fd_sc_hd__a2bb2o_1)
                  0.04    0.23    1.17 ^ _1728_/X (sky130_fd_sc_hd__a2bb2o_1)
     1    0.00                           _0178_ (net)
                  0.04    0.00    1.17 ^ _1729_/A1 (sky130_fd_sc_hd__mux2_1)
                  0.04    0.11    1.28 ^ _1729_/X (sky130_fd_sc_hd__mux2_1)
     1    0.00                           _0179_ (net)
                  0.04    0.00    1.28 ^ hold179/A (sky130_fd_sc_hd__dlygate4sd3_1)
                  0.06    0.53    1.82 ^ hold179/X (sky130_fd_sc_hd__dlygate4sd3_1)
     1    0.00                           net185 (net)
                  0.06    0.00    1.82 ^ _1730_/A (sky130_fd_sc_hd__clkbuf_1)
                  0.04    0.08    1.90 ^ _1730_/X (sky130_fd_sc_hd__clkbuf_1)
     1    0.00                           _0095_ (net)
                  0.04    0.00    1.90 ^ _2119_/D (sky130_fd_sc_hd__dfxtp_1)
                                  1.90   data arrival time

                          0.00    0.00   clock i_clk (rise edge)
                          0.00    0.00   clock source latency
                  0.00    0.00    0.00 ^ i_clk (in)
     1    0.03                           i_clk (net)
                  0.00    0.00    0.00 ^ clkbuf_0_i_clk/A (sky130_fd_sc_hd__clkbuf_16)
                  0.14    0.19    0.19 ^ clkbuf_0_i_clk/X (sky130_fd_sc_hd__clkbuf_16)
    16    0.13                           clknet_0_i_clk (net)
                  0.14    0.00    0.19 ^ clkbuf_4_4_0_i_clk/A (sky130_fd_sc_hd__clkbuf_8)
                  0.06    0.18    0.37 ^ clkbuf_4_4_0_i_clk/X (sky130_fd_sc_hd__clkbuf_8)
     8    0.03                           clknet_4_4_0_i_clk (net)
                  0.06    0.00    0.37 ^ _2119_/CLK (sky130_fd_sc_hd__dfxtp_1)
                          0.50    0.87   clock uncertainty
                          0.00    0.87   clock reconvergence pessimism
                         -0.03    0.84   library hold time
                                  0.84   data required time
-----------------------------------------------------------------------------
                                  0.84   data required time
                                 -1.90   data arrival time
-----------------------------------------------------------------------------
                                  1.05   slack (MET)


Startpoint: _2039_ (rising edge-triggered flip-flop clocked by i_clk)
Endpoint: _2040_ (rising edge-triggered flip-flop clocked by i_clk)
Path Group: i_clk
Path Type: min

Fanout     Cap    Slew   Delay    Time   Description
-----------------------------------------------------------------------------
                          0.00    0.00   clock i_clk (rise edge)
                          0.00    0.00   clock source latency
                  0.00    0.00    0.00 ^ i_clk (in)
     1    0.03                           i_clk (net)
                  0.00    0.00    0.00 ^ clkbuf_0_i_clk/A (sky130_fd_sc_hd__clkbuf_16)
                  0.14    0.19    0.19 ^ clkbuf_0_i_clk/X (sky130_fd_sc_hd__clkbuf_16)
    16    0.13                           clknet_0_i_clk (net)
                  0.14    0.00    0.19 ^ clkbuf_4_15_0_i_clk/A (sky130_fd_sc_hd__clkbuf_8)
                  0.06    0.17    0.36 ^ clkbuf_4_15_0_i_clk/X (sky130_fd_sc_hd__clkbuf_8)
     6    0.02                           clknet_4_15_0_i_clk (net)
                  0.06    0.00    0.36 ^ _2039_/CLK (sky130_fd_sc_hd__dfxtp_2)
                  0.09    0.37    0.74 v _2039_/Q (sky130_fd_sc_hd__dfxtp_2)
     8    0.04                           u_cordic.r_y[6] (net)
                  0.09    0.00    0.74 v _1413_/A (sky130_fd_sc_hd__and2_1)
                  0.08    0.20    0.94 v _1413_/X (sky130_fd_sc_hd__and2_1)
     3    0.01                           _0787_ (net)
                  0.08    0.00    0.94 v _1421_/A1 (sky130_fd_sc_hd__o21ai_1)
                  0.08    0.14    1.08 ^ _1421_/Y (sky130_fd_sc_hd__o21ai_1)
     1    0.00                           _0795_ (net)
                  0.08    0.00    1.08 ^ _1422_/C (sky130_fd_sc_hd__and3_1)
                  0.07    0.17    1.25 ^ _1422_/X (sky130_fd_sc_hd__and3_1)
     1    0.00                           _0796_ (net)
                  0.07    0.00    1.25 ^ _1423_/B2 (sky130_fd_sc_hd__o22a_1)
                  0.05    0.12    1.37 ^ _1423_/X (sky130_fd_sc_hd__o22a_1)
     1    0.00                           _0025_ (net)
                  0.05    0.00    1.37 ^ hold156/A (sky130_fd_sc_hd__dlygate4sd3_1)
                  0.05    0.53    1.90 ^ hold156/X (sky130_fd_sc_hd__dlygate4sd3_1)
     1    0.00                           net162 (net)
                  0.05    0.00    1.90 ^ _2040_/D (sky130_fd_sc_hd__dfxtp_2)
                                  1.90   data arrival time

                          0.00    0.00   clock i_clk (rise edge)
                          0.00    0.00   clock source latency
                  0.00    0.00    0.00 ^ i_clk (in)
     1    0.03                           i_clk (net)
                  0.00    0.00    0.00 ^ clkbuf_0_i_clk/A (sky130_fd_sc_hd__clkbuf_16)
                  0.14    0.19    0.19 ^ clkbuf_0_i_clk/X (sky130_fd_sc_hd__clkbuf_16)
    16    0.13                           clknet_0_i_clk (net)
                  0.14    0.00    0.19 ^ clkbuf_4_15_0_i_clk/A (sky130_fd_sc_hd__clkbuf_8)
                  0.06    0.17    0.36 ^ clkbuf_4_15_0_i_clk/X (sky130_fd_sc_hd__clkbuf_8)
     6    0.02                           clknet_4_15_0_i_clk (net)
                  0.06    0.00    0.36 ^ _2040_/CLK (sky130_fd_sc_hd__dfxtp_2)
                          0.50    0.86   clock uncertainty
                          0.00    0.86   clock reconvergence pessimism
                         -0.03    0.83   library hold time
                                  0.83   data required time
-----------------------------------------------------------------------------
                                  0.83   data required time
                                 -1.90   data arrival time
-----------------------------------------------------------------------------
                                  1.06   slack (MET)


Startpoint: _2120_ (rising edge-triggered flip-flop clocked by i_clk)
Endpoint: _2121_ (rising edge-triggered flip-flop clocked by i_clk)
Path Group: i_clk
Path Type: min

Fanout     Cap    Slew   Delay    Time   Description
-----------------------------------------------------------------------------
                          0.00    0.00   clock i_clk (rise edge)
                          0.00    0.00   clock source latency
                  0.00    0.00    0.00 ^ i_clk (in)
     1    0.03                           i_clk (net)
                  0.00    0.00    0.00 ^ clkbuf_0_i_clk/A (sky130_fd_sc_hd__clkbuf_16)
                  0.14    0.19    0.19 ^ clkbuf_0_i_clk/X (sky130_fd_sc_hd__clkbuf_16)
    16    0.13                           clknet_0_i_clk (net)
                  0.14    0.00    0.19 ^ clkbuf_4_4_0_i_clk/A (sky130_fd_sc_hd__clkbuf_8)
                  0.06    0.18    0.37 ^ clkbuf_4_4_0_i_clk/X (sky130_fd_sc_hd__clkbuf_8)
     8    0.03                           clknet_4_4_0_i_clk (net)
                  0.06    0.00    0.37 ^ _2120_/CLK (sky130_fd_sc_hd__dfxtp_1)
                  0.07    0.33    0.70 ^ _2120_/Q (sky130_fd_sc_hd__dfxtp_1)
     2    0.01                           u_cordic.r_z[3] (net)
                  0.07    0.00    0.70 ^ _1734_/A (sky130_fd_sc_hd__and2_1)
                  0.14    0.19    0.89 ^ _1734_/X (sky130_fd_sc_hd__and2_1)
     3    0.01                           _0183_ (net)
                  0.14    0.00    0.89 ^ _1749_/A1 (sky130_fd_sc_hd__o31a_1)
                  0.05    0.16    1.05 ^ _1749_/X (sky130_fd_sc_hd__o31a_1)
     1    0.00                           _0197_ (net)
                  0.05    0.00    1.05 ^ _1750_/B2 (sky130_fd_sc_hd__a22o_1)
                  0.05    0.13    1.18 ^ _1750_/X (sky130_fd_sc_hd__a22o_1)
     1    0.00                           _0198_ (net)
                  0.05    0.00    1.18 ^ _1751_/A1 (sky130_fd_sc_hd__mux2_1)
                  0.04    0.12    1.30 ^ _1751_/X (sky130_fd_sc_hd__mux2_1)
     1    0.00                           _0199_ (net)
                  0.04    0.00    1.30 ^ hold152/A (sky130_fd_sc_hd__dlygate4sd3_1)
                  0.05    0.54    1.84 ^ hold152/X (sky130_fd_sc_hd__dlygate4sd3_1)
     1    0.00                           net158 (net)
                  0.05    0.00    1.84 ^ _1752_/A (sky130_fd_sc_hd__clkbuf_1)
                  0.05    0.09    1.92 ^ _1752_/X (sky130_fd_sc_hd__clkbuf_1)
     1    0.00                           _0097_ (net)
                  0.05    0.00    1.92 ^ _2121_/D (sky130_fd_sc_hd__dfxtp_1)
                                  1.92   data arrival time

                          0.00    0.00   clock i_clk (rise edge)
                          0.00    0.00   clock source latency
                  0.00    0.00    0.00 ^ i_clk (in)
     1    0.03                           i_clk (net)
                  0.00    0.00    0.00 ^ clkbuf_0_i_clk/A (sky130_fd_sc_hd__clkbuf_16)
                  0.14    0.19    0.19 ^ clkbuf_0_i_clk/X (sky130_fd_sc_hd__clkbuf_16)
    16    0.13                           clknet_0_i_clk (net)
                  0.14    0.00    0.19 ^ clkbuf_4_5_0_i_clk/A (sky130_fd_sc_hd__clkbuf_8)
                  0.08    0.19    0.38 ^ clkbuf_4_5_0_i_clk/X (sky130_fd_sc_hd__clkbuf_8)
    11    0.04                           clknet_4_5_0_i_clk (net)
                  0.08    0.00    0.38 ^ _2121_/CLK (sky130_fd_sc_hd__dfxtp_1)
                          0.50    0.88   clock uncertainty
                          0.00    0.88   clock reconvergence pessimism
                         -0.03    0.86   library hold time
                                  0.86   data required time
-----------------------------------------------------------------------------
                                  0.86   data required time
                                 -1.92   data arrival time
-----------------------------------------------------------------------------
                                  1.07   slack (MET)


Startpoint: _2059_ (rising edge-triggered flip-flop clocked by i_clk)
Endpoint: _2059_ (rising edge-triggered flip-flop clocked by i_clk)
Path Group: i_clk
Path Type: min

Fanout     Cap    Slew   Delay    Time   Description
-----------------------------------------------------------------------------
                          0.00    0.00   clock i_clk (rise edge)
                          0.00    0.00   clock source latency
                  0.00    0.00    0.00 ^ i_clk (in)
     1    0.03                           i_clk (net)
                  0.00    0.00    0.00 ^ clkbuf_0_i_clk/A (sky130_fd_sc_hd__clkbuf_16)
                  0.14    0.19    0.19 ^ clkbuf_0_i_clk/X (sky130_fd_sc_hd__clkbuf_16)
    16    0.13                           clknet_0_i_clk (net)
                  0.14    0.00    0.19 ^ clkbuf_4_11_0_i_clk/A (sky130_fd_sc_hd__clkbuf_8)
                  0.07    0.18    0.37 ^ clkbuf_4_11_0_i_clk/X (sky130_fd_sc_hd__clkbuf_8)
    10    0.03                           clknet_4_11_0_i_clk (net)
                  0.07    0.00    0.37 ^ _2059_/CLK (sky130_fd_sc_hd__dfxtp_2)
                  0.07    0.36    0.74 v _2059_/Q (sky130_fd_sc_hd__dfxtp_2)
     8    0.03                           u_cordic.r_x[5] (net)
                  0.07    0.00    0.74 v _1195_/A (sky130_fd_sc_hd__or2_1)
                  0.05    0.23    0.97 v _1195_/X (sky130_fd_sc_hd__or2_1)
     1    0.00                           _0582_ (net)
                  0.05    0.00    0.97 v _1196_/B (sky130_fd_sc_hd__nand2_1)
                  0.10    0.11    1.08 ^ _1196_/Y (sky130_fd_sc_hd__nand2_1)
     3    0.01                           _0583_ (net)
                  0.10    0.00    1.08 ^ _1578_/B1 (sky130_fd_sc_hd__a21oi_1)
                  0.05    0.07    1.15 v _1578_/Y (sky130_fd_sc_hd__a21oi_1)
     1    0.01                           _0936_ (net)
                  0.05    0.00    1.15 v _1580_/A (sky130_fd_sc_hd__nor2_1)
                  0.09    0.11    1.26 ^ _1580_/Y (sky130_fd_sc_hd__nor2_1)
     1    0.00                           _0938_ (net)
                  0.09    0.00    1.26 ^ _1581_/B2 (sky130_fd_sc_hd__o22a_1)
                  0.04    0.12    1.38 ^ _1581_/X (sky130_fd_sc_hd__o22a_1)
     1    0.00                           _0041_ (net)
                  0.04    0.00    1.38 ^ hold202/A (sky130_fd_sc_hd__dlygate4sd3_1)
                  0.05    0.53    1.92 ^ hold202/X (sky130_fd_sc_hd__dlygate4sd3_1)
     1    0.00                           net208 (net)
                  0.05    0.00    1.92 ^ _2059_/D (sky130_fd_sc_hd__dfxtp_2)
                                  1.92   data arrival time

                          0.00    0.00   clock i_clk (rise edge)
                          0.00    0.00   clock source latency
                  0.00    0.00    0.00 ^ i_clk (in)
     1    0.03                           i_clk (net)
                  0.00    0.00    0.00 ^ clkbuf_0_i_clk/A (sky130_fd_sc_hd__clkbuf_16)
                  0.14    0.19    0.19 ^ clkbuf_0_i_clk/X (sky130_fd_sc_hd__clkbuf_16)
    16    0.13                           clknet_0_i_clk (net)
                  0.14    0.00    0.19 ^ clkbuf_4_11_0_i_clk/A (sky130_fd_sc_hd__clkbuf_8)
                  0.07    0.18    0.37 ^ clkbuf_4_11_0_i_clk/X (sky130_fd_sc_hd__clkbuf_8)
    10    0.03                           clknet_4_11_0_i_clk (net)
                  0.07    0.00    0.37 ^ _2059_/CLK (sky130_fd_sc_hd__dfxtp_2)
                          0.50    0.87   clock uncertainty
                          0.00    0.87   clock reconvergence pessimism
                         -0.03    0.85   library hold time
                                  0.85   data required time
-----------------------------------------------------------------------------
                                  0.85   data required time
                                 -1.92   data arrival time
-----------------------------------------------------------------------------
                                  1.07   slack (MET)


Startpoint: _2150_ (rising edge-triggered flip-flop clocked by i_clk)
Endpoint: _2038_ (rising edge-triggered flip-flop clocked by i_clk)
Path Group: i_clk
Path Type: min

Fanout     Cap    Slew   Delay    Time   Description
-----------------------------------------------------------------------------
                          0.00    0.00   clock i_clk (rise edge)
                          0.00    0.00   clock source latency
                  0.00    0.00    0.00 ^ i_clk (in)
     1    0.03                           i_clk (net)
                  0.00    0.00    0.00 ^ clkbuf_0_i_clk/A (sky130_fd_sc_hd__clkbuf_16)
                  0.14    0.19    0.19 ^ clkbuf_0_i_clk/X (sky130_fd_sc_hd__clkbuf_16)
    16    0.13                           clknet_0_i_clk (net)
                  0.14    0.00    0.19 ^ clkbuf_4_13_0_i_clk/A (sky130_fd_sc_hd__clkbuf_8)
                  0.07    0.18    0.37 ^ clkbuf_4_13_0_i_clk/X (sky130_fd_sc_hd__clkbuf_8)
     9    0.03                           clknet_4_13_0_i_clk (net)
                  0.07    0.00    0.37 ^ _2150_/CLK (sky130_fd_sc_hd__dfxtp_1)
                  0.13    0.37    0.75 ^ _2150_/Q (sky130_fd_sc_hd__dfxtp_1)
     5    0.01                           u_cordic.i_angle[15] (net)
                  0.13    0.00    0.75 ^ _1323_/A (sky130_fd_sc_hd__or3b_1)
                  0.11    0.18    0.93 ^ _1323_/X (sky130_fd_sc_hd__or3b_1)
     2    0.01                           _0703_ (net)
                  0.11    0.00    0.93 ^ _1362_/A2 (sky130_fd_sc_hd__o21a_1)
                  0.09    0.16    1.08 ^ _1362_/X (sky130_fd_sc_hd__o21a_1)
     2    0.01                           _0740_ (net)
                  0.09    0.00    1.08 ^ _1363_/A (sky130_fd_sc_hd__inv_2)
                  0.08    0.09    1.18 v _1363_/Y (sky130_fd_sc_hd__inv_2)
     7    0.03                           _0741_ (net)
                  0.08    0.00    1.18 v _1395_/B1 (sky130_fd_sc_hd__o22a_1)
                  0.03    0.18    1.36 v _1395_/X (sky130_fd_sc_hd__o22a_1)
     1    0.00                           _0023_ (net)
                  0.03    0.00    1.36 v hold195/A (sky130_fd_sc_hd__dlygate4sd3_1)
                  0.05    0.54    1.90 v hold195/X (sky130_fd_sc_hd__dlygate4sd3_1)
     1    0.00                           net201 (net)
                  0.05    0.00    1.90 v _2038_/D (sky130_fd_sc_hd__dfxtp_2)
                                  1.90   data arrival time

                          0.00    0.00   clock i_clk (rise edge)
                          0.00    0.00   clock source latency
                  0.00    0.00    0.00 ^ i_clk (in)
     1    0.03                           i_clk (net)
                  0.00    0.00    0.00 ^ clkbuf_0_i_clk/A (sky130_fd_sc_hd__clkbuf_16)
                  0.14    0.19    0.19 ^ clkbuf_0_i_clk/X (sky130_fd_sc_hd__clkbuf_16)
    16    0.13                           clknet_0_i_clk (net)
                  0.14    0.00    0.19 ^ clkbuf_4_15_0_i_clk/A (sky130_fd_sc_hd__clkbuf_8)
                  0.06    0.17    0.36 ^ clkbuf_4_15_0_i_clk/X (sky130_fd_sc_hd__clkbuf_8)
     6    0.02                           clknet_4_15_0_i_clk (net)
                  0.06    0.00    0.36 ^ _2038_/CLK (sky130_fd_sc_hd__dfxtp_2)
                          0.50    0.86   clock uncertainty
                          0.00    0.86   clock reconvergence pessimism
                         -0.05    0.82   library hold time
                                  0.82   data required time
-----------------------------------------------------------------------------
                                  0.82   data required time
                                 -1.90   data arrival time
-----------------------------------------------------------------------------
                                  1.09   slack (MET)


Startpoint: _2057_ (rising edge-triggered flip-flop clocked by i_clk)
Endpoint: _2057_ (rising edge-triggered flip-flop clocked by i_clk)
Path Group: i_clk
Path Type: min

Fanout     Cap    Slew   Delay    Time   Description
-----------------------------------------------------------------------------
                          0.00    0.00   clock i_clk (rise edge)
                          0.00    0.00   clock source latency
                  0.00    0.00    0.00 ^ i_clk (in)
     1    0.03                           i_clk (net)
                  0.00    0.00    0.00 ^ clkbuf_0_i_clk/A (sky130_fd_sc_hd__clkbuf_16)
                  0.14    0.19    0.19 ^ clkbuf_0_i_clk/X (sky130_fd_sc_hd__clkbuf_16)
    16    0.13                           clknet_0_i_clk (net)
                  0.14    0.00    0.19 ^ clkbuf_4_11_0_i_clk/A (sky130_fd_sc_hd__clkbuf_8)
                  0.07    0.18    0.37 ^ clkbuf_4_11_0_i_clk/X (sky130_fd_sc_hd__clkbuf_8)
    10    0.03                           clknet_4_11_0_i_clk (net)
                  0.07    0.00    0.37 ^ _2057_/CLK (sky130_fd_sc_hd__dfxtp_1)
                  0.26    0.46    0.84 ^ _2057_/Q (sky130_fd_sc_hd__dfxtp_1)
     7    0.03                           u_cordic.r_x[3] (net)
                  0.26    0.00    0.84 ^ _1159_/A (sky130_fd_sc_hd__or2_1)
                  0.04    0.14    0.98 ^ _1159_/X (sky130_fd_sc_hd__or2_1)
     1    0.00                           _0547_ (net)
                  0.04    0.00    0.98 ^ _1160_/B (sky130_fd_sc_hd__nand2_1)
                  0.06    0.07    1.05 v _1160_/Y (sky130_fd_sc_hd__nand2_1)
     2    0.01                           _0548_ (net)
                  0.06    0.00    1.05 v _1572_/C (sky130_fd_sc_hd__nand3_1)
                  0.05    0.08    1.14 ^ _1572_/Y (sky130_fd_sc_hd__nand3_1)
     1    0.00                           _0932_ (net)
                  0.05    0.00    1.14 ^ _1573_/C (sky130_fd_sc_hd__and3_1)
                  0.05    0.15    1.29 ^ _1573_/X (sky130_fd_sc_hd__and3_1)
     1    0.00                           _0933_ (net)
                  0.05    0.00    1.29 ^ _1574_/B2 (sky130_fd_sc_hd__o22a_1)
                  0.04    0.11    1.40 ^ _1574_/X (sky130_fd_sc_hd__o22a_1)
     1    0.00                           _0039_ (net)
                  0.04    0.00    1.40 ^ hold200/A (sky130_fd_sc_hd__dlygate4sd3_1)
                  0.06    0.54    1.94 ^ hold200/X (sky130_fd_sc_hd__dlygate4sd3_1)
     1    0.00                           net206 (net)
                  0.06    0.00    1.94 ^ _2057_/D (sky130_fd_sc_hd__dfxtp_1)
                                  1.94   data arrival time

                          0.00    0.00   clock i_clk (rise edge)
                          0.00    0.00   clock source latency
                  0.00    0.00    0.00 ^ i_clk (in)
     1    0.03                           i_clk (net)
                  0.00    0.00    0.00 ^ clkbuf_0_i_clk/A (sky130_fd_sc_hd__clkbuf_16)
                  0.14    0.19    0.19 ^ clkbuf_0_i_clk/X (sky130_fd_sc_hd__clkbuf_16)
    16    0.13                           clknet_0_i_clk (net)
                  0.14    0.00    0.19 ^ clkbuf_4_11_0_i_clk/A (sky130_fd_sc_hd__clkbuf_8)
                  0.07    0.18    0.37 ^ clkbuf_4_11_0_i_clk/X (sky130_fd_sc_hd__clkbuf_8)
    10    0.03                           clknet_4_11_0_i_clk (net)
                  0.07    0.00    0.37 ^ _2057_/CLK (sky130_fd_sc_hd__dfxtp_1)
                          0.50    0.87   clock uncertainty
                          0.00    0.87   clock reconvergence pessimism
                         -0.03    0.84   library hold time
                                  0.84   data required time
-----------------------------------------------------------------------------
                                  0.84   data required time
                                 -1.94   data arrival time
-----------------------------------------------------------------------------
                                  1.10   slack (MET)


Startpoint: _2032_ (rising edge-triggered flip-flop clocked by i_clk)
Endpoint: _2110_ (rising edge-triggered flip-flop clocked by i_clk)
Path Group: i_clk
Path Type: min

Fanout     Cap    Slew   Delay    Time   Description
-----------------------------------------------------------------------------
                          0.00    0.00   clock i_clk (rise edge)
                          0.00    0.00   clock source latency
                  0.00    0.00    0.00 ^ i_clk (in)
     1    0.03                           i_clk (net)
                  0.00    0.00    0.00 ^ clkbuf_0_i_clk/A (sky130_fd_sc_hd__clkbuf_16)
                  0.14    0.19    0.19 ^ clkbuf_0_i_clk/X (sky130_fd_sc_hd__clkbuf_16)
    16    0.13                           clknet_0_i_clk (net)
                  0.14    0.00    0.19 ^ clkbuf_4_6_0_i_clk/A (sky130_fd_sc_hd__clkbuf_8)
                  0.07    0.18    0.38 ^ clkbuf_4_6_0_i_clk/X (sky130_fd_sc_hd__clkbuf_8)
    11    0.03                           clknet_4_6_0_i_clk (net)
                  0.07    0.00    0.38 ^ _2032_/CLK (sky130_fd_sc_hd__dfxtp_1)
                  0.19    0.42    0.80 ^ _2032_/Q (sky130_fd_sc_hd__dfxtp_1)
     6    0.02                           u_cordic.r_x[17] (net)
                  0.19    0.00    0.80 ^ _1289_/A (sky130_fd_sc_hd__buf_4)
                  0.17    0.25    1.06 ^ _1289_/X (sky130_fd_sc_hd__buf_4)
    10    0.06                           _0671_ (net)
                  0.17    0.00    1.06 ^ _1687_/A1 (sky130_fd_sc_hd__mux2_1)
                  0.04    0.15    1.21 ^ _1687_/X (sky130_fd_sc_hd__mux2_1)
     1    0.00                           _1005_ (net)
                  0.04    0.00    1.21 ^ hold208/A (sky130_fd_sc_hd__dlygate4sd3_1)
                  0.06    0.54    1.75 ^ hold208/X (sky130_fd_sc_hd__dlygate4sd3_1)
     1    0.00                           net214 (net)
                  0.06    0.00    1.75 ^ _1688_/B (sky130_fd_sc_hd__and2_1)
                  0.05    0.12    1.87 ^ _1688_/X (sky130_fd_sc_hd__and2_1)
     1    0.00                           _1006_ (net)
                  0.05    0.00    1.87 ^ _1689_/A (sky130_fd_sc_hd__clkbuf_1)
                  0.04    0.08    1.95 ^ _1689_/X (sky130_fd_sc_hd__clkbuf_1)
     1    0.00                           _0086_ (net)
                  0.04    0.00    1.95 ^ _2110_/D (sky130_fd_sc_hd__dfxtp_1)
                                  1.95   data arrival time

                          0.00    0.00   clock i_clk (rise edge)
                          0.00    0.00   clock source latency
                  0.00    0.00    0.00 ^ i_clk (in)
     1    0.03                           i_clk (net)
                  0.00    0.00    0.00 ^ clkbuf_0_i_clk/A (sky130_fd_sc_hd__clkbuf_16)
                  0.14    0.19    0.19 ^ clkbuf_0_i_clk/X (sky130_fd_sc_hd__clkbuf_16)
    16    0.13                           clknet_0_i_clk (net)
                  0.14    0.00    0.19 ^ clkbuf_4_0_0_i_clk/A (sky130_fd_sc_hd__clkbuf_8)
                  0.07    0.18    0.38 ^ clkbuf_4_0_0_i_clk/X (sky130_fd_sc_hd__clkbuf_8)
    11    0.03                           clknet_4_0_0_i_clk (net)
                  0.07    0.00    0.38 ^ _2110_/CLK (sky130_fd_sc_hd__dfxtp_1)
                          0.50    0.88   clock uncertainty
                          0.00    0.88   clock reconvergence pessimism
                         -0.03    0.85   library hold time
                                  0.85   data required time
-----------------------------------------------------------------------------
                                  0.85   data required time
                                 -1.95   data arrival time
-----------------------------------------------------------------------------
                                  1.10   slack (MET)


Startpoint: _2051_ (rising edge-triggered flip-flop clocked by i_clk)
Endpoint: _2073_ (rising edge-triggered flip-flop clocked by i_clk)
Path Group: i_clk
Path Type: min

Fanout     Cap    Slew   Delay    Time   Description
-----------------------------------------------------------------------------
                          0.00    0.00   clock i_clk (rise edge)
                          0.00    0.00   clock source latency
                  0.00    0.00    0.00 ^ i_clk (in)
     1    0.03                           i_clk (net)
                  0.00    0.00    0.00 ^ clkbuf_0_i_clk/A (sky130_fd_sc_hd__clkbuf_16)
                  0.14    0.19    0.19 ^ clkbuf_0_i_clk/X (sky130_fd_sc_hd__clkbuf_16)
    16    0.13                           clknet_0_i_clk (net)
                  0.14    0.00    0.19 ^ clkbuf_4_1_0_i_clk/A (sky130_fd_sc_hd__clkbuf_8)
                  0.08    0.19    0.38 ^ clkbuf_4_1_0_i_clk/X (sky130_fd_sc_hd__clkbuf_8)
    13    0.04                           clknet_4_1_0_i_clk (net)
                  0.08    0.00    0.39 ^ _2051_/CLK (sky130_fd_sc_hd__dfxtp_1)
                  0.12    0.37    0.76 ^ _2051_/Q (sky130_fd_sc_hd__dfxtp_1)
     3    0.01                           u_cordic.r_state[0] (net)
                  0.12    0.00    0.76 ^ hold222/A (sky130_fd_sc_hd__clkbuf_2)
                  0.14    0.20    0.96 ^ hold222/X (sky130_fd_sc_hd__clkbuf_2)
     3    0.02                           net228 (net)
                  0.14    0.00    0.96 ^ _1038_/A2 (sky130_fd_sc_hd__o21ai_4)
                  0.15    0.16    1.12 v _1038_/Y (sky130_fd_sc_hd__o21ai_4)
     9    0.06                           _0440_ (net)
                  0.15    0.00    1.12 v _1604_/B1 (sky130_fd_sc_hd__a32o_1)
                  0.04    0.23    1.36 v _1604_/X (sky130_fd_sc_hd__a32o_1)
     1    0.00                           _0049_ (net)
                  0.04    0.00    1.36 v hold142/A (sky130_fd_sc_hd__dlygate4sd3_1)
                  0.06    0.56    1.91 v hold142/X (sky130_fd_sc_hd__dlygate4sd3_1)
     1    0.00                           net148 (net)
                  0.06    0.00    1.91 v _2073_/D (sky130_fd_sc_hd__dfxtp_1)
                                  1.91   data arrival time

                          0.00    0.00   clock i_clk (rise edge)
                          0.00    0.00   clock source latency
                  0.00    0.00    0.00 ^ i_clk (in)
     1    0.03                           i_clk (net)
                  0.00    0.00    0.00 ^ clkbuf_0_i_clk/A (sky130_fd_sc_hd__clkbuf_16)
                  0.14    0.19    0.19 ^ clkbuf_0_i_clk/X (sky130_fd_sc_hd__clkbuf_16)
    16    0.13                           clknet_0_i_clk (net)
                  0.14    0.00    0.19 ^ clkbuf_4_14_0_i_clk/A (sky130_fd_sc_hd__clkbuf_8)
                  0.05    0.17    0.36 ^ clkbuf_4_14_0_i_clk/X (sky130_fd_sc_hd__clkbuf_8)
     6    0.02                           clknet_4_14_0_i_clk (net)
                  0.05    0.00    0.36 ^ _2073_/CLK (sky130_fd_sc_hd__dfxtp_1)
                          0.50    0.86   clock uncertainty
                          0.00    0.86   clock reconvergence pessimism
                         -0.06    0.81   library hold time
                                  0.81   data required time
-----------------------------------------------------------------------------
                                  0.81   data required time
                                 -1.91   data arrival time
-----------------------------------------------------------------------------
                                  1.11   slack (MET)


Startpoint: _2062_ (rising edge-triggered flip-flop clocked by i_clk)
Endpoint: _2062_ (rising edge-triggered flip-flop clocked by i_clk)
Path Group: i_clk
Path Type: min

Fanout     Cap    Slew   Delay    Time   Description
-----------------------------------------------------------------------------
                          0.00    0.00   clock i_clk (rise edge)
                          0.00    0.00   clock source latency
                  0.00    0.00    0.00 ^ i_clk (in)
     1    0.03                           i_clk (net)
                  0.00    0.00    0.00 ^ clkbuf_0_i_clk/A (sky130_fd_sc_hd__clkbuf_16)
                  0.14    0.19    0.19 ^ clkbuf_0_i_clk/X (sky130_fd_sc_hd__clkbuf_16)
    16    0.13                           clknet_0_i_clk (net)
                  0.14    0.01    0.19 ^ clkbuf_4_3_0_i_clk/A (sky130_fd_sc_hd__clkbuf_8)
                  0.08    0.19    0.38 ^ clkbuf_4_3_0_i_clk/X (sky130_fd_sc_hd__clkbuf_8)
    11    0.04                           clknet_4_3_0_i_clk (net)
                  0.08    0.00    0.38 ^ _2062_/CLK (sky130_fd_sc_hd__dfxtp_1)
                  0.25    0.46    0.84 ^ _2062_/Q (sky130_fd_sc_hd__dfxtp_1)
     7    0.03                           u_cordic.r_x[10] (net)
                  0.25    0.00    0.84 ^ _1214_/A (sky130_fd_sc_hd__or2_1)
                  0.05    0.15    0.99 ^ _1214_/X (sky130_fd_sc_hd__or2_1)
     1    0.00                           _0600_ (net)
                  0.05    0.00    0.99 ^ _1215_/B (sky130_fd_sc_hd__nand2_1)
                  0.09    0.09    1.09 v _1215_/Y (sky130_fd_sc_hd__nand2_1)
     4    0.01                           _0601_ (net)
                  0.09    0.00    1.09 v _1591_/A (sky130_fd_sc_hd__nand3_1)
                  0.05    0.08    1.17 ^ _1591_/Y (sky130_fd_sc_hd__nand3_1)
     1    0.00                           _0946_ (net)
                  0.05    0.00    1.17 ^ _1592_/C (sky130_fd_sc_hd__and3_1)
                  0.05    0.15    1.32 ^ _1592_/X (sky130_fd_sc_hd__and3_1)
     1    0.00                           _0947_ (net)
                  0.05    0.00    1.32 ^ _1593_/B2 (sky130_fd_sc_hd__o22a_1)
                  0.04    0.11    1.43 ^ _1593_/X (sky130_fd_sc_hd__o22a_1)
     1    0.00                           _0044_ (net)
                  0.04    0.00    1.43 ^ hold191/A (sky130_fd_sc_hd__dlygate4sd3_1)
                  0.05    0.53    1.96 ^ hold191/X (sky130_fd_sc_hd__dlygate4sd3_1)
     1    0.00                           net197 (net)
                  0.05    0.00    1.96 ^ _2062_/D (sky130_fd_sc_hd__dfxtp_1)
                                  1.96   data arrival time

                          0.00    0.00   clock i_clk (rise edge)
                          0.00    0.00   clock source latency
                  0.00    0.00    0.00 ^ i_clk (in)
     1    0.03                           i_clk (net)
                  0.00    0.00    0.00 ^ clkbuf_0_i_clk/A (sky130_fd_sc_hd__clkbuf_16)
                  0.14    0.19    0.19 ^ clkbuf_0_i_clk/X (sky130_fd_sc_hd__clkbuf_16)
    16    0.13                           clknet_0_i_clk (net)
                  0.14    0.01    0.19 ^ clkbuf_4_3_0_i_clk/A (sky130_fd_sc_hd__clkbuf_8)
                  0.08    0.19    0.38 ^ clkbuf_4_3_0_i_clk/X (sky130_fd_sc_hd__clkbuf_8)
    11    0.04                           clknet_4_3_0_i_clk (net)
                  0.08    0.00    0.38 ^ _2062_/CLK (sky130_fd_sc_hd__dfxtp_1)
                          0.50    0.88   clock uncertainty
                          0.00    0.88   clock reconvergence pessimism
                         -0.03    0.85   library hold time
                                  0.85   data required time
-----------------------------------------------------------------------------
                                  0.85   data required time
                                 -1.96   data arrival time
-----------------------------------------------------------------------------
                                  1.11   slack (MET)


Startpoint: _2094_ (rising edge-triggered flip-flop clocked by i_clk)
Endpoint: _2094_ (rising edge-triggered flip-flop clocked by i_clk)
Path Group: i_clk
Path Type: min

Fanout     Cap    Slew   Delay    Time   Description
-----------------------------------------------------------------------------
                          0.00    0.00   clock i_clk (rise edge)
                          0.00    0.00   clock source latency
                  0.00    0.00    0.00 ^ i_clk (in)
     1    0.03                           i_clk (net)
                  0.00    0.00    0.00 ^ clkbuf_0_i_clk/A (sky130_fd_sc_hd__clkbuf_16)
                  0.14    0.19    0.19 ^ clkbuf_0_i_clk/X (sky130_fd_sc_hd__clkbuf_16)
    16    0.13                           clknet_0_i_clk (net)
                  0.14    0.00    0.19 ^ clkbuf_4_0_0_i_clk/A (sky130_fd_sc_hd__clkbuf_8)
                  0.07    0.18    0.38 ^ clkbuf_4_0_0_i_clk/X (sky130_fd_sc_hd__clkbuf_8)
    11    0.03                           clknet_4_0_0_i_clk (net)
                  0.07    0.00    0.38 ^ _2094_/CLK (sky130_fd_sc_hd__dfxtp_1)
                  0.06    0.32    0.70 ^ _2094_/Q (sky130_fd_sc_hd__dfxtp_1)
     2    0.00                           u_cordic.o_sin[15] (net)
                  0.06    0.00    0.70 ^ hold205/A (sky130_fd_sc_hd__dlygate4sd3_1)
                  0.05    0.53    1.24 ^ hold205/X (sky130_fd_sc_hd__dlygate4sd3_1)
     1    0.00                           net211 (net)
                  0.05    0.00    1.24 ^ _1647_/A0 (sky130_fd_sc_hd__mux2_1)
                  0.04    0.12    1.36 ^ _1647_/X (sky130_fd_sc_hd__mux2_1)
     1    0.00                           _0981_ (net)
                  0.04    0.00    1.36 ^ hold206/A (sky130_fd_sc_hd__dlygate4sd3_1)
                  0.05    0.53    1.89 ^ hold206/X (sky130_fd_sc_hd__dlygate4sd3_1)
     1    0.00                           net212 (net)
                  0.05    0.00    1.89 ^ _1648_/B (sky130_fd_sc_hd__and2_1)
                  0.05    0.12    2.01 ^ _1648_/X (sky130_fd_sc_hd__and2_1)
     1    0.00                           _0982_ (net)
                  0.05    0.00    2.01 ^ _1649_/A (sky130_fd_sc_hd__clkbuf_1)
                  0.04    0.08    2.09 ^ _1649_/X (sky130_fd_sc_hd__clkbuf_1)
     1    0.00                           _0070_ (net)
                  0.04    0.00    2.09 ^ _2094_/D (sky130_fd_sc_hd__dfxtp_1)
                                  2.09   data arrival time

                          0.00    0.00   clock i_clk (rise edge)
                          0.00    0.00   clock source latency
                  0.00    0.00    0.00 ^ i_clk (in)
     1    0.03                           i_clk (net)
                  0.00    0.00    0.00 ^ clkbuf_0_i_clk/A (sky130_fd_sc_hd__clkbuf_16)
                  0.14    0.19    0.19 ^ clkbuf_0_i_clk/X (sky130_fd_sc_hd__clkbuf_16)
    16    0.13                           clknet_0_i_clk (net)
                  0.14    0.00    0.19 ^ clkbuf_4_0_0_i_clk/A (sky130_fd_sc_hd__clkbuf_8)
                  0.07    0.18    0.38 ^ clkbuf_4_0_0_i_clk/X (sky130_fd_sc_hd__clkbuf_8)
    11    0.03                           clknet_4_0_0_i_clk (net)
                  0.07    0.00    0.38 ^ _2094_/CLK (sky130_fd_sc_hd__dfxtp_1)
                          0.50    0.88   clock uncertainty
                          0.00    0.88   clock reconvergence pessimism
                         -0.03    0.85   library hold time
                                  0.85   data required time
-----------------------------------------------------------------------------
                                  0.85   data required time
                                 -2.09   data arrival time
-----------------------------------------------------------------------------
                                  1.24   slack (MET)


Startpoint: _2051_ (rising edge-triggered flip-flop clocked by i_clk)
Endpoint: _2078_ (rising edge-triggered flip-flop clocked by i_clk)
Path Group: i_clk
Path Type: min

Fanout     Cap    Slew   Delay    Time   Description
-----------------------------------------------------------------------------
                          0.00    0.00   clock i_clk (rise edge)
                          0.00    0.00   clock source latency
                  0.00    0.00    0.00 ^ i_clk (in)
     1    0.03                           i_clk (net)
                  0.00    0.00    0.00 ^ clkbuf_0_i_clk/A (sky130_fd_sc_hd__clkbuf_16)
                  0.14    0.19    0.19 ^ clkbuf_0_i_clk/X (sky130_fd_sc_hd__clkbuf_16)
    16    0.13                           clknet_0_i_clk (net)
                  0.14    0.00    0.19 ^ clkbuf_4_1_0_i_clk/A (sky130_fd_sc_hd__clkbuf_8)
                  0.08    0.19    0.38 ^ clkbuf_4_1_0_i_clk/X (sky130_fd_sc_hd__clkbuf_8)
    13    0.04                           clknet_4_1_0_i_clk (net)
                  0.08    0.00    0.39 ^ _2051_/CLK (sky130_fd_sc_hd__dfxtp_1)
                  0.06    0.34    0.72 v _2051_/Q (sky130_fd_sc_hd__dfxtp_1)
     3    0.01                           u_cordic.r_state[0] (net)
                  0.06    0.00    0.72 v _1606_/A_N (sky130_fd_sc_hd__and2b_1)
                  0.04    0.19    0.91 ^ _1606_/X (sky130_fd_sc_hd__and2b_1)
     1    0.00                           _0956_ (net)
                  0.04    0.00    0.91 ^ hold215/A (sky130_fd_sc_hd__dlygate4sd3_1)
                  0.07    0.55    1.46 ^ hold215/X (sky130_fd_sc_hd__dlygate4sd3_1)
     1    0.00                           net221 (net)
                  0.07    0.00    1.46 ^ _1608_/A2 (sky130_fd_sc_hd__o21a_1)
                  0.05    0.11    1.57 ^ _1608_/X (sky130_fd_sc_hd__o21a_1)
     1    0.00                           _0054_ (net)
                  0.05    0.00    1.57 ^ hold216/A (sky130_fd_sc_hd__dlygate4sd3_1)
                  0.05    0.53    2.10 ^ hold216/X (sky130_fd_sc_hd__dlygate4sd3_1)
     1    0.00                           net222 (net)
                  0.05    0.00    2.10 ^ _2078_/D (sky130_fd_sc_hd__dfxtp_1)
                                  2.10   data arrival time

                          0.00    0.00   clock i_clk (rise edge)
                          0.00    0.00   clock source latency
                  0.00    0.00    0.00 ^ i_clk (in)
     1    0.03                           i_clk (net)
                  0.00    0.00    0.00 ^ clkbuf_0_i_clk/A (sky130_fd_sc_hd__clkbuf_16)
                  0.14    0.19    0.19 ^ clkbuf_0_i_clk/X (sky130_fd_sc_hd__clkbuf_16)
    16    0.13                           clknet_0_i_clk (net)
                  0.14    0.00    0.19 ^ clkbuf_4_4_0_i_clk/A (sky130_fd_sc_hd__clkbuf_8)
                  0.06    0.18    0.37 ^ clkbuf_4_4_0_i_clk/X (sky130_fd_sc_hd__clkbuf_8)
     8    0.03                           clknet_4_4_0_i_clk (net)
                  0.06    0.00    0.37 ^ _2078_/CLK (sky130_fd_sc_hd__dfxtp_1)
                          0.50    0.87   clock uncertainty
                          0.00    0.87   clock reconvergence pessimism
                         -0.03    0.84   library hold time
                                  0.84   data required time
-----------------------------------------------------------------------------
                                  0.84   data required time
                                 -2.10   data arrival time
-----------------------------------------------------------------------------
                                  1.26   slack (MET)


Startpoint: i_rst_n (input port clocked by i_clk)
Endpoint: _2170_ (rising edge-triggered flip-flop clocked by i_clk)
Path Group: i_clk
Path Type: min

Fanout     Cap    Slew   Delay    Time   Description
-----------------------------------------------------------------------------
                          0.00    0.00   clock i_clk (rise edge)
                          0.00    0.00   clock network delay (propagated)
                         20.00   20.00 v input external delay
                  0.00    0.00   20.00 v i_rst_n (in)
     1    0.00                           i_rst_n (net)
                  0.00    0.00   20.00 v input2/A (sky130_fd_sc_hd__dlymetal6s2s_1)
                  0.10    0.18   20.18 v input2/X (sky130_fd_sc_hd__dlymetal6s2s_1)
     5    0.02                           net2 (net)
                  0.10    0.00   20.18 v _1012_/A (sky130_fd_sc_hd__buf_2)
                  0.09    0.21   20.39 v _1012_/X (sky130_fd_sc_hd__buf_2)
    10    0.04                           _0416_ (net)
                  0.09    0.00   20.39 v _2012_/B_N (sky130_fd_sc_hd__or2b_1)
                  0.04    0.17   20.55 ^ _2012_/X (sky130_fd_sc_hd__or2b_1)
     1    0.00                           _0411_ (net)
                  0.04    0.00   20.55 ^ _2013_/A (sky130_fd_sc_hd__clkbuf_1)
                  0.04    0.07   20.63 ^ _2013_/X (sky130_fd_sc_hd__clkbuf_1)
     1    0.00                           _0146_ (net)
                  0.04    0.00   20.63 ^ _2170_/D (sky130_fd_sc_hd__dfxtp_1)
                                 20.63   data arrival time

                          0.00    0.00   clock i_clk (rise edge)
                          0.00    0.00   clock source latency
                  0.00    0.00    0.00 ^ i_clk (in)
     1    0.03                           i_clk (net)
                  0.00    0.00    0.00 ^ clkbuf_0_i_clk/A (sky130_fd_sc_hd__clkbuf_16)
                  0.14    0.19    0.19 ^ clkbuf_0_i_clk/X (sky130_fd_sc_hd__clkbuf_16)
    16    0.13                           clknet_0_i_clk (net)
                  0.14    0.00    0.19 ^ clkbuf_4_1_0_i_clk/A (sky130_fd_sc_hd__clkbuf_8)
                  0.08    0.19    0.38 ^ clkbuf_4_1_0_i_clk/X (sky130_fd_sc_hd__clkbuf_8)
    13    0.04                           clknet_4_1_0_i_clk (net)
                  0.08    0.00    0.39 ^ _2170_/CLK (sky130_fd_sc_hd__dfxtp_1)
                          0.50    0.89   clock uncertainty
                          0.00    0.89   clock reconvergence pessimism
                         -0.02    0.86   library hold time
                                  0.86   data required time
-----------------------------------------------------------------------------
                                  0.86   data required time
                                -20.63   data arrival time
-----------------------------------------------------------------------------
                                 19.76   slack (MET)


Startpoint: i_rst_n (input port clocked by i_clk)
Endpoint: _2054_ (rising edge-triggered flip-flop clocked by i_clk)
Path Group: i_clk
Path Type: min

Fanout     Cap    Slew   Delay    Time   Description
-----------------------------------------------------------------------------
                          0.00    0.00   clock i_clk (rise edge)
                          0.00    0.00   clock network delay (propagated)
                         20.00   20.00 v input external delay
                  0.00    0.00   20.00 v i_rst_n (in)
     1    0.00                           i_rst_n (net)
                  0.00    0.00   20.00 v input2/A (sky130_fd_sc_hd__dlymetal6s2s_1)
                  0.10    0.18   20.18 v input2/X (sky130_fd_sc_hd__dlymetal6s2s_1)
     5    0.02                           net2 (net)
                  0.10    0.00   20.18 v _1012_/A (sky130_fd_sc_hd__buf_2)
                  0.09    0.21   20.39 v _1012_/X (sky130_fd_sc_hd__buf_2)
    10    0.04                           _0416_ (net)
                  0.09    0.00   20.39 v _1564_/A (sky130_fd_sc_hd__and2_1)
                  0.03    0.15   20.54 v _1564_/X (sky130_fd_sc_hd__and2_1)
     1    0.00                           _0927_ (net)
                  0.03    0.00   20.54 v _1565_/A (sky130_fd_sc_hd__clkbuf_1)
                  0.03    0.09   20.63 v _1565_/X (sky130_fd_sc_hd__clkbuf_1)
     1    0.00                           _0036_ (net)
                  0.03    0.00   20.63 v _2054_/D (sky130_fd_sc_hd__dfxtp_1)
                                 20.63   data arrival time

                          0.00    0.00   clock i_clk (rise edge)
                          0.00    0.00   clock source latency
                  0.00    0.00    0.00 ^ i_clk (in)
     1    0.03                           i_clk (net)
                  0.00    0.00    0.00 ^ clkbuf_0_i_clk/A (sky130_fd_sc_hd__clkbuf_16)
                  0.14    0.19    0.19 ^ clkbuf_0_i_clk/X (sky130_fd_sc_hd__clkbuf_16)
    16    0.13                           clknet_0_i_clk (net)
                  0.14    0.00    0.19 ^ clkbuf_4_0_0_i_clk/A (sky130_fd_sc_hd__clkbuf_8)
                  0.07    0.18    0.38 ^ clkbuf_4_0_0_i_clk/X (sky130_fd_sc_hd__clkbuf_8)
    11    0.03                           clknet_4_0_0_i_clk (net)
                  0.07    0.00    0.38 ^ _2054_/CLK (sky130_fd_sc_hd__dfxtp_1)
                          0.50    0.88   clock uncertainty
                          0.00    0.88   clock reconvergence pessimism
                         -0.04    0.84   library hold time
                                  0.84   data required time
-----------------------------------------------------------------------------
                                  0.84   data required time
                                -20.63   data arrival time
-----------------------------------------------------------------------------
                                 19.79   slack (MET)


Startpoint: i_rst_n (input port clocked by i_clk)
Endpoint: _2167_ (rising edge-triggered flip-flop clocked by i_clk)
Path Group: i_clk
Path Type: min

Fanout     Cap    Slew   Delay    Time   Description
-----------------------------------------------------------------------------
                          0.00    0.00   clock i_clk (rise edge)
                          0.00    0.00   clock network delay (propagated)
                         20.00   20.00 v input external delay
                  0.00    0.00   20.00 v i_rst_n (in)
     1    0.00                           i_rst_n (net)
                  0.00    0.00   20.00 v input2/A (sky130_fd_sc_hd__dlymetal6s2s_1)
                  0.10    0.18   20.18 v input2/X (sky130_fd_sc_hd__dlymetal6s2s_1)
     5    0.02                           net2 (net)
                  0.10    0.00   20.18 v _1080_/A (sky130_fd_sc_hd__buf_2)
                  0.11    0.22   20.40 v _1080_/X (sky130_fd_sc_hd__buf_2)
    10    0.04                           _0471_ (net)
                  0.11    0.00   20.40 v _2006_/A (sky130_fd_sc_hd__and2_1)
                  0.03    0.16   20.56 v _2006_/X (sky130_fd_sc_hd__and2_1)
     1    0.00                           _0408_ (net)
                  0.03    0.00   20.56 v _2007_/A (sky130_fd_sc_hd__clkbuf_1)
                  0.02    0.08   20.64 v _2007_/X (sky130_fd_sc_hd__clkbuf_1)
     1    0.00                           _0143_ (net)
                  0.02    0.00   20.64 v _2167_/D (sky130_fd_sc_hd__dfxtp_1)
                                 20.64   data arrival time

                          0.00    0.00   clock i_clk (rise edge)
                          0.00    0.00   clock source latency
                  0.00    0.00    0.00 ^ i_clk (in)
     1    0.03                           i_clk (net)
                  0.00    0.00    0.00 ^ clkbuf_0_i_clk/A (sky130_fd_sc_hd__clkbuf_16)
                  0.14    0.19    0.19 ^ clkbuf_0_i_clk/X (sky130_fd_sc_hd__clkbuf_16)
    16    0.13                           clknet_0_i_clk (net)
                  0.14    0.00    0.19 ^ clkbuf_4_0_0_i_clk/A (sky130_fd_sc_hd__clkbuf_8)
                  0.07    0.18    0.38 ^ clkbuf_4_0_0_i_clk/X (sky130_fd_sc_hd__clkbuf_8)
    11    0.03                           clknet_4_0_0_i_clk (net)
                  0.07    0.00    0.38 ^ _2167_/CLK (sky130_fd_sc_hd__dfxtp_1)
                          0.50    0.88   clock uncertainty
                          0.00    0.88   clock reconvergence pessimism
                         -0.04    0.84   library hold time
                                  0.84   data required time
-----------------------------------------------------------------------------
                                  0.84   data required time
                                -20.64   data arrival time
-----------------------------------------------------------------------------
                                 19.80   slack (MET)


Startpoint: _2078_ (rising edge-triggered flip-flop clocked by i_clk)
Endpoint: o_cordic_done (output port clocked by i_clk)
Path Group: i_clk
Path Type: min

Fanout     Cap    Slew   Delay    Time   Description
-----------------------------------------------------------------------------
                          0.00    0.00   clock i_clk (rise edge)
                          0.00    0.00   clock source latency
                  0.00    0.00    0.00 ^ i_clk (in)
     1    0.03                           i_clk (net)
                  0.00    0.00    0.00 ^ clkbuf_0_i_clk/A (sky130_fd_sc_hd__clkbuf_16)
                  0.14    0.19    0.19 ^ clkbuf_0_i_clk/X (sky130_fd_sc_hd__clkbuf_16)
    16    0.13                           clknet_0_i_clk (net)
                  0.14    0.00    0.19 ^ clkbuf_4_4_0_i_clk/A (sky130_fd_sc_hd__clkbuf_8)
                  0.06    0.18    0.37 ^ clkbuf_4_4_0_i_clk/X (sky130_fd_sc_hd__clkbuf_8)
     8    0.03                           clknet_4_4_0_i_clk (net)
                  0.06    0.00    0.37 ^ _2078_/CLK (sky130_fd_sc_hd__dfxtp_1)
                  0.13    0.39    0.76 v _2078_/Q (sky130_fd_sc_hd__dfxtp_1)
     2    0.03                           net5 (net)
                  0.13    0.00    0.76 v output5/A (sky130_fd_sc_hd__buf_4)
                  0.08    0.22    0.98 v output5/X (sky130_fd_sc_hd__buf_4)
     1    0.05                           o_cordic_done (net)
                  0.08    0.00    0.98 v o_cordic_done (out)
                                  0.98   data arrival time

                          0.00    0.00   clock i_clk (rise edge)
                          0.00    0.00   clock network delay (propagated)
                          0.50    0.50   clock uncertainty
                          0.00    0.50   clock reconvergence pessimism
                        -20.00  -19.50   output external delay
                                -19.50   data required time
-----------------------------------------------------------------------------
                                -19.50   data required time
                                 -0.98   data arrival time
-----------------------------------------------------------------------------
                                 20.48   slack (MET)


Startpoint: _2166_ (rising edge-triggered flip-flop clocked by i_clk)
Endpoint: o_miso (output port clocked by i_clk)
Path Group: i_clk
Path Type: min

Fanout     Cap    Slew   Delay    Time   Description
-----------------------------------------------------------------------------
                          0.00    0.00   clock i_clk (rise edge)
                          0.00    0.00   clock source latency
                  0.00    0.00    0.00 ^ i_clk (in)
     1    0.03                           i_clk (net)
                  0.00    0.00    0.00 ^ clkbuf_0_i_clk/A (sky130_fd_sc_hd__clkbuf_16)
                  0.14    0.19    0.19 ^ clkbuf_0_i_clk/X (sky130_fd_sc_hd__clkbuf_16)
    16    0.13                           clknet_0_i_clk (net)
                  0.14    0.00    0.19 ^ clkbuf_4_0_0_i_clk/A (sky130_fd_sc_hd__clkbuf_8)
                  0.07    0.18    0.38 ^ clkbuf_4_0_0_i_clk/X (sky130_fd_sc_hd__clkbuf_8)
    11    0.03                           clknet_4_0_0_i_clk (net)
                  0.07    0.00    0.38 ^ _2166_/CLK (sky130_fd_sc_hd__dfxtp_1)
                  0.13    0.39    0.76 v _2166_/Q (sky130_fd_sc_hd__dfxtp_1)
     2    0.03                           net6 (net)
                  0.13    0.00    0.77 v output6/A (sky130_fd_sc_hd__buf_4)
                  0.08    0.22    0.99 v output6/X (sky130_fd_sc_hd__buf_4)
     1    0.05                           o_miso (net)
                  0.08    0.00    0.99 v o_miso (out)
                                  0.99   data arrival time

                          0.00    0.00   clock i_clk (rise edge)
                          0.00    0.00   clock network delay (propagated)
                          0.50    0.50   clock uncertainty
                          0.00    0.50   clock reconvergence pessimism
                        -20.00  -19.50   output external delay
                                -19.50   data required time
-----------------------------------------------------------------------------
                                -19.50   data required time
                                 -0.99   data arrival time
-----------------------------------------------------------------------------
                                 20.49   slack (MET)



